trade_date,month,list_type,rank,trigger_stocks,selected_concepts,cb_code,cb_name,stk_code,stk_name,matched_concepts,quality_tier,quality_tier_reason,observation_reason,risk_notes,open,close,return_pct
2026-01-05,2026-01,观察,1,"锋龙股份(002931,封单14.83亿)、岩山科技(002195,封单10.06亿)、雷科防务(002413,封单8.08亿)、创新医疗(002173,封单7.56亿)",金属制品(0.0486)、太赫兹(0.0106),124007.SZ,雷科定转,002413,雷科防务,太赫兹,B,概念竞价强度0.01%,非A档观察,,,,
2026-01-05,2026-01,观察,2,"锋龙股份(002931,封单14.83亿)、岩山科技(002195,封单10.06亿)、雷科防务(002413,封单8.08亿)、创新医疗(002173,封单7.56亿)",金属制品(0.0486)、太赫兹(0.0106),124012.SZ,雷科定02,002413,雷科防务,太赫兹,B,概念竞价强度0.01%,非A档观察,,,,
2026-01-05,2026-01,观察,3,"锋龙股份(002931,封单14.83亿)、岩山科技(002195,封单10.06亿)、雷科防务(002413,封单8.08亿)、创新医疗(002173,封单7.56亿)",金属制品(0.0486)、太赫兹(0.0106),113697.SH,应流转债,603308,应流股份,金属制品,B,概念竞价强度0.05%,非A档观察,成交额偏低2.6万；剩余规模15.00亿,192.63,201.149,4.4225
2026-01-05,2026-01,观察,4,"锋龙股份(002931,封单14.83亿)、岩山科技(002195,封单10.06亿)、雷科防务(002413,封单8.08亿)、创新医疗(002173,封单7.56亿)",金属制品(0.0486)、太赫兹(0.0106),113706.SH,金帝转债,603270,金帝股份,金属制品,B,概念竞价强度0.05%,非A档观察,,,,
2026-01-05,2026-01,观察,5,"锋龙股份(002931,封单14.83亿)、岩山科技(002195,封单10.06亿)、雷科防务(002413,封单8.08亿)、创新医疗(002173,封单7.56亿)",金属制品(0.0486)、太赫兹(0.0106),118009.SH,华锐转债,688059,华锐精密,金属制品,B,概念竞价强度0.05%,非A档观察,强赎中；成交额偏低1.8万；退市日期2026-02-03,139.3,137.929,-0.9842
2026-01-05,2026-01,观察,6,"锋龙股份(002931,封单14.83亿)、岩山科技(002195,封单10.06亿)、雷科防务(002413,封单8.08亿)、创新医疗(002173,封单7.56亿)",金属制品(0.0486)、太赫兹(0.0106),123215.SZ,铭利转债,301268,铭利达,金属制品,B,概念竞价强度0.05%,非A档观察,成交额偏低0.4万,131.495,133.645,1.635
2026-01-05,2026-01,观察,7,"锋龙股份(002931,封单14.83亿)、岩山科技(002195,封单10.06亿)、雷科防务(002413,封单8.08亿)、创新医疗(002173,封单7.56亿)",金属制品(0.0486)、太赫兹(0.0106),123239.SZ,锋工转债,300488,恒锋工具,金属制品,B,概念竞价强度0.05%,非A档观察,强赎中；成交额偏低0.4万；退市日期2026-04-09,154.59,155.76,0.7568
2026-01-05,2026-01,观察,8,"锋龙股份(002931,封单14.83亿)、岩山科技(002195,封单10.06亿)、雷科防务(002413,封单8.08亿)、创新医疗(002173,封单7.56亿)",金属制品(0.0486)、太赫兹(0.0106),123112.SZ,万讯转债,300112,万讯自控,太赫兹,B,概念竞价强度0.01%,非A档观察,成交额偏低0.3万,137.2,138.33,0.8236
2026-01-12,2026-01,观察,1,"烽火通信(600498,封单8.64亿)",央企国企改革(-0.0012)、WiFi6(-0.0163),110070.SH,凌钢转债,600231,凌钢股份,央企国企改革,C,概念竞价强度-0.00%,非A档观察,公告到期赎回；成交额偏低0.3万；退市日期2026-04-13,127.01,128.795,1.4054
2026-01-12,2026-01,观察,2,"烽火通信(600498,封单8.64亿)",央企国企改革(-0.0012)、WiFi6(-0.0163),110073.SH,国投转债,600061,国投资本,央企国企改革,C,概念竞价强度-0.00%,非A档观察,公告到期赎回；成交额偏低3.3万；剩余规模79.99亿；退市日期2026-07-24,114.987,116.001,0.8818
2026-01-12,2026-01,观察,3,"烽火通信(600498,封单8.64亿)",央企国企改革(-0.0012)、WiFi6(-0.0163),110075.SH,南航转债,600029,南方航空,央企国企改革,C,概念竞价强度-0.00%,非A档观察,成交额偏低2.7万；剩余规模58.96亿,136.699,136.549,-0.1097
2026-01-12,2026-01,观察,4,"烽火通信(600498,封单8.64亿)",央企国企改革(-0.0012)、WiFi6(-0.0163),110808.SH,动力定02,600482,中国动力,央企国企改革,C,概念竞价强度-0.00%,非A档观察,退市日期2026-03-23,,,
2026-01-12,2026-01,观察,5,"烽火通信(600498,封单8.64亿)",央企国企改革(-0.0012)、WiFi6(-0.0163),110817.SH,保利定转,600048,保利发展,央企国企改革,C,概念竞价强度-0.00%,非A档观察,剩余规模85.00亿,,,
2026-01-12,2026-01,观察,6,"烽火通信(600498,封单8.64亿)",央企国企改革(-0.0012)、WiFi6(-0.0163),113045.SH,环旭转债,601231,环旭电子,WiFi6,C,概念竞价强度-0.02%,非A档观察,强赎中；成交额偏低7.8万；退市日期2026-01-29,155.0,153.037,-1.2665
2026-01-12,2026-01,观察,7,"烽火通信(600498,封单8.64亿)",央企国企改革(-0.0012)、WiFi6(-0.0163),113051.SH,节能转债,601016,节能风电,央企国企改革,C,概念竞价强度-0.00%,非A档观察,成交额偏低1.1万；剩余规模26.52亿,123.67,124.792,0.9073
2026-01-12,2026-01,观察,8,"烽火通信(600498,封单8.64亿)",央企国企改革(-0.0012)、WiFi6(-0.0163),113688.SH,国检转债,603060,国检集团,央企国企改革,C,概念竞价强度-0.00%,非A档观察,成交额偏低0.4万,134.85,137.038,1.6225
2026-01-12,2026-01,观察,9,"烽火通信(600498,封单8.64亿)",央企国企改革(-0.0012)、WiFi6(-0.0163),118022.SH,锂科转债,688779,五矿新能,央企国企改革,C,概念竞价强度-0.00%,非A档观察,成交额偏低1.2万；剩余规模32.50亿,123.998,124.907,0.7331
2026-01-12,2026-01,观察,10,"烽火通信(600498,封单8.64亿)",央企国企改革(-0.0012)、WiFi6(-0.0163),123241.SZ,欧通转债,300870,欧陆通,WiFi6,C,概念竞价强度-0.02%,非A档观察,成交额偏低10.8万,675.0,654.3,-3.0667
2026-01-12,2026-01,观察,11,"烽火通信(600498,封单8.64亿)",央企国企改革(-0.0012)、WiFi6(-0.0163),123262.SZ,神宇转债,300563,神宇股份,WiFi6,C,概念竞价强度-0.02%,非A档观察,成交额偏低4.0万,159.5,163.68,2.6207
2026-01-12,2026-01,观察,12,"烽火通信(600498,封单8.64亿)",央企国企改革(-0.0012)、WiFi6(-0.0163),123272.SZ,中汽转债,301215,中汽股份,央企国企改革,C,概念竞价强度-0.00%,非A档观察,剩余规模10.39亿,,,
2026-01-12,2026-01,观察,13,"烽火通信(600498,封单8.64亿)",央企国企改革(-0.0012)、WiFi6(-0.0163),127018.SZ,本钢转债,000761,本钢板材,央企国企改革,C,概念竞价强度-0.00%,非A档观察,公告到期赎回；成交额偏低1.3万；退市日期2026-06-29,122.6,123.174,0.4682
2026-01-12,2026-01,观察,14,"烽火通信(600498,封单8.64亿)",央企国企改革(-0.0012)、WiFi6(-0.0163),127071.SZ,天箭转债,003009,中天火箭,央企国企改革,C,概念竞价强度-0.00%,非A档观察,强赎中；成交额偏低29.8万；退市日期2026-03-16,192.0,214.5,11.7188
2026-01-12,2026-01,观察,15,"烽火通信(600498,封单8.64亿)",央企国企改革(-0.0012)、WiFi6(-0.0163),127108.SZ,太能转债,000591,太阳能,央企国企改革,C,概念竞价强度-0.00%,非A档观察,成交额偏低0.9万；剩余规模29.50亿,125.998,125.985,-0.0103
2026-01-12,2026-01,观察,16,"烽火通信(600498,封单8.64亿)",央企国企改革(-0.0012)、WiFi6(-0.0163),127110.SZ,广核转债,003816,中国广核,央企国企改革,C,概念竞价强度-0.00%,非A档观察,成交额偏低0.7万；剩余规模48.99亿,145.754,146.501,0.5125
2026-01-15,2026-01,主买,1,"紫光国微(002049,封单11.71亿)",移动支付(0.1483)、数字货币(0.126),127038.SZ,国微转债,002049,紫光国微,数字货币、移动支付,A,概念竞价强度0.15%,,成交额偏低25.9万；剩余规模14.92亿,157.0,151.339,-3.6057
2026-01-15,2026-01,主买,2,"紫光国微(002049,封单11.71亿)",移动支付(0.1483)、数字货币(0.126),123157.SZ,科蓝转债,300663,科蓝软件,数字货币、移动支付,A,概念竞价强度0.15%,,成交额偏低1.0万,159.8,154.574,-3.2703
2026-01-15,2026-01,主买,3,"紫光国微(002049,封单11.71亿)",移动支付(0.1483)、数字货币(0.126),123196.SZ,正元转02,300645,正元智慧,数字货币、移动支付,A,概念竞价强度0.15%,,成交额偏低0.4万,142.202,140.262,-1.3643
2026-01-15,2026-01,主买,4,"紫光国微(002049,封单11.71亿)",移动支付(0.1483)、数字货币(0.126),110074.SH,精达转债,600577,精达股份,移动支付,A,概念竞价强度0.15%,,成交额偏低12.7万,486.7,513.783,5.5646
2026-01-15,2026-01,主买,5,"紫光国微(002049,封单11.71亿)",移动支付(0.1483)、数字货币(0.126),118021.SH,新致转债,688590,新致软件,数字货币,A,概念竞价强度0.13%,,强赎中；成交额偏低7.2万；退市日期2026-03-25,300.326,292.977,-2.447
2026-01-15,2026-01,主买,6,"紫光国微(002049,封单11.71亿)",移动支付(0.1483)、数字货币(0.126),118057.SH,甬矽转债,688362,甬矽电子,数字货币,A,概念竞价强度0.13%,,强赎中；成交额偏低13.4万；退市日期2026-06-16,245.0,246.787,0.7294
2026-01-19,2026-01,观察,1,"锋龙股份(002931,封单12.93亿)",股权转让(并购重组)(0.0051)、机器人概念(0.0028),110074.SH,精达转债,600577,精达股份,机器人概念、股权转让(并购重组),B,概念竞价强度0.01%,非A档观察,成交额偏低12.4万,530.6,551.996,4.0324
2026-01-19,2026-01,观察,2,"锋龙股份(002931,封单12.93亿)",股权转让(并购重组)(0.0051)、机器人概念(0.0028),113698.SH,凯众转债,603037,凯众股份,机器人概念、股权转让(并购重组),B,概念竞价强度0.01%,非A档观察,成交额偏低1.8万,181.08,183.183,1.1614
2026-01-19,2026-01,观察,3,"锋龙股份(002931,封单12.93亿)",股权转让(并购重组)(0.0051)、机器人概念(0.0028),118500.SH,思瑞定转,688536,思瑞浦,机器人概念、股权转让(并购重组),B,概念竞价强度0.01%,非A档观察,,,,
2026-01-19,2026-01,观察,4,"锋龙股份(002931,封单12.93亿)",股权转让(并购重组)(0.0051)、机器人概念(0.0028),123054.SZ,思特转债,300608,思特奇,机器人概念、股权转让(并购重组),B,概念竞价强度0.01%,非A档观察,强赎中；成交额偏低0.3万；退市日期2026-06-09,151.999,151.2,-0.5257
2026-01-19,2026-01,观察,5,"锋龙股份(002931,封单12.93亿)",股权转让(并购重组)(0.0051)、机器人概念(0.0028),127061.SZ,美锦转债,000723,美锦能源,机器人概念、股权转让(并购重组),B,概念竞价强度0.01%,非A档观察,成交额偏低1.1万；剩余规模27.89亿,119.8,121.325,1.273
2026-01-19,2026-01,观察,6,"锋龙股份(002931,封单12.93亿)",股权转让(并购重组)(0.0051)、机器人概念(0.0028),128101.SZ,联创转债,002036,联创电子,机器人概念、股权转让(并购重组),B,概念竞价强度0.01%,非A档观察,公告到期赎回；成交额偏低0.6万；退市日期2026-03-17,129.499,129.0,-0.3853
2026-01-19,2026-01,观察,7,"锋龙股份(002931,封单12.93亿)",股权转让(并购重组)(0.0051)、机器人概念(0.0028),110089.SH,兴发转债,600141,兴发集团,机器人概念,B,概念竞价强度0.00%,非A档观察,强赎中；成交额偏低4.4万；退市日期2026-03-04,144.05,147.969,2.7206
2026-01-19,2026-01,观察,8,"锋龙股份(002931,封单12.93亿)",股权转让(并购重组)(0.0051)、机器人概念(0.0028),110090.SH,爱迪转债,600933,爱柯迪,机器人概念,B,概念竞价强度0.00%,非A档观察,成交额偏低1.0万；剩余规模15.70亿,146.51,149.0,1.6995
2026-01-19,2026-01,观察,9,"锋龙股份(002931,封单12.93亿)",股权转让(并购重组)(0.0051)、机器人概念(0.0028),110093.SH,神马转债,600810,神马股份,股权转让(并购重组),B,概念竞价强度0.01%,非A档观察,成交额偏低0.7万；剩余规模22.20亿,136.92,137.373,0.3309
2026-01-19,2026-01,观察,10,"锋龙股份(002931,封单12.93亿)",股权转让(并购重组)(0.0051)、机器人概念(0.0028),110811.SH,神马定01,600810,神马股份,股权转让(并购重组),B,概念竞价强度0.01%,非A档观察,公告提示强赎,,,
2026-01-19,2026-01,观察,11,"锋龙股份(002931,封单12.93亿)",股权转让(并购重组)(0.0051)、机器人概念(0.0028),111000.SH,起帆转债,605222,起帆电缆,机器人概念,B,概念竞价强度0.00%,非A档观察,成交额偏低8.0万,140.757,143.961,2.2763
2026-01-19,2026-01,观察,12,"锋龙股份(002931,封单12.93亿)",股权转让(并购重组)(0.0051)、机器人概念(0.0028),111004.SH,明新转债,605068,明新旭腾,机器人概念,B,概念竞价强度0.00%,非A档观察,成交额偏低0.6万,139.23,140.4,0.8403
2026-01-19,2026-01,观察,13,"锋龙股份(002931,封单12.93亿)",股权转让(并购重组)(0.0051)、机器人概念(0.0028),111005.SH,富春转债,605189,富春染织,机器人概念,B,概念竞价强度0.00%,非A档观察,强赎中；成交额偏低0.7万；退市日期2026-05-29,163.338,165.943,1.5949
2026-01-19,2026-01,观察,14,"锋龙股份(002931,封单12.93亿)",股权转让(并购重组)(0.0051)、机器人概念(0.0028),111010.SH,立昂转债,605358,立昂微,机器人概念,B,概念竞价强度0.00%,非A档观察,强赎中；成交额偏低3.0万；退市日期2026-06-18,149.783,149.757,-0.0174
2026-01-19,2026-01,观察,15,"锋龙股份(002931,封单12.93亿)",股权转让(并购重组)(0.0051)、机器人概念(0.0028),111012.SH,福新转债,605488,福莱新材,机器人概念,B,概念竞价强度0.00%,非A档观察,成交额偏低37.9万,500.0,560.637,12.1274
2026-01-19,2026-01,观察,16,"锋龙股份(002931,封单12.93亿)",股权转让(并购重组)(0.0051)、机器人概念(0.0028),111016.SH,神通转债,605228,神通科技,机器人概念,B,概念竞价强度0.00%,非A档观察,强赎中；成交额偏低1.7万；退市日期2026-02-13,144.144,142.103,-1.4159
2026-01-19,2026-01,观察,17,"锋龙股份(002931,封单12.93亿)",股权转让(并购重组)(0.0051)、机器人概念(0.0028),113046.SH,金田转债,601609,金田股份,机器人概念,B,概念竞价强度0.00%,非A档观察,成交额偏低0.8万；剩余规模14.99亿,138.375,139.697,0.9554
2026-01-19,2026-01,观察,18,"锋龙股份(002931,封单12.93亿)",股权转让(并购重组)(0.0051)、机器人概念(0.0028),113049.SH,长汽转债,601633,长城汽车,机器人概念,B,概念竞价强度0.00%,非A档观察,成交额偏低0.9万；剩余规模34.95亿,117.741,117.613,-0.1087
2026-01-19,2026-01,观察,19,"锋龙股份(002931,封单12.93亿)",股权转让(并购重组)(0.0051)、机器人概念(0.0028),113069.SH,博23转债,601137,博威合金,机器人概念,B,概念竞价强度0.00%,非A档观察,强赎中；成交额偏低0.0万；退市日期2026-01-22,,,
2026-01-19,2026-01,观察,20,"锋龙股份(002931,封单12.93亿)",股权转让(并购重组)(0.0051)、机器人概念(0.0028),113589.SH,天创转债,603608,天创时尚,股权转让(并购重组),B,概念竞价强度0.01%,非A档观察,成交额偏低2.0万；退市日期2026-06-24,249.73,251.837,0.8437
2026-01-19,2026-01,观察,21,"锋龙股份(002931,封单12.93亿)",股权转让(并购重组)(0.0051)、机器人概念(0.0028),113593.SH,沪工转债,603131,上海沪工,机器人概念,B,概念竞价强度0.00%,非A档观察,强赎中；成交额偏低0.0万；退市日期2026-01-22,,,
2026-01-19,2026-01,观察,22,"锋龙股份(002931,封单12.93亿)",股权转让(并购重组)(0.0051)、机器人概念(0.0028),113618.SH,美诺转债,603538,美诺华,机器人概念,B,概念竞价强度0.00%,非A档观察,强赎中；成交额偏低0.9万；退市日期2026-05-08,138.936,136.053,-2.0751
2026-01-19,2026-01,观察,23,"锋龙股份(002931,封单12.93亿)",股权转让(并购重组)(0.0051)、机器人概念(0.0028),113633.SH,科沃转债,603486,科沃斯,机器人概念,B,概念竞价强度0.00%,非A档观察,成交额偏低0.2万；剩余规模10.40亿,123.8,124.005,0.1656
2026-01-19,2026-01,观察,24,"锋龙股份(002931,封单12.93亿)",股权转让(并购重组)(0.0051)、机器人概念(0.0028),113643.SH,风语转债,603466,风语筑,机器人概念,B,概念竞价强度0.00%,非A档观察,成交额偏低0.3万,134.743,134.762,0.0141
2026-01-19,2026-01,观察,25,"锋龙股份(002931,封单12.93亿)",股权转让(并购重组)(0.0051)、机器人概念(0.0028),113644.SH,艾迪转债,603638,艾迪精密,机器人概念,B,概念竞价强度0.00%,非A档观察,强赎中；成交额偏低3.1万；退市日期2026-07-09,156.928,148.139,-5.6007
2026-01-19,2026-01,观察,26,"锋龙股份(002931,封单12.93亿)",股权转让(并购重组)(0.0051)、机器人概念(0.0028),113646.SH,永吉转债,603058,永吉股份,股权转让(并购重组),B,概念竞价强度0.01%,非A档观察,成交额偏低1.7万,159.5,157.589,-1.1981
2026-01-19,2026-01,观察,27,"锋龙股份(002931,封单12.93亿)",股权转让(并购重组)(0.0051)、机器人概念(0.0028),113651.SH,松霖转债,603992,松霖科技,机器人概念,B,概念竞价强度0.00%,非A档观察,强赎中；成交额偏低3.0万；退市日期2026-03-23,325.745,315.926,-3.0143
2026-01-19,2026-01,观察,28,"锋龙股份(002931,封单12.93亿)",股权转让(并购重组)(0.0051)、机器人概念(0.0028),113652.SH,伟22转债,603568,伟明环保,机器人概念,B,概念竞价强度0.00%,非A档观察,成交额偏低1.3万；剩余规模14.77亿,139.99,138.933,-0.7551
2026-01-19,2026-01,观察,29,"锋龙股份(002931,封单12.93亿)",股权转让(并购重组)(0.0051)、机器人概念(0.0028),113654.SH,永02转债,603901,永创智能,机器人概念,B,概念竞价强度0.00%,非A档观察,强赎中；成交额偏低1.4万；退市日期2026-05-13,209.0,205.615,-1.6196
2026-01-19,2026-01,观察,30,"锋龙股份(002931,封单12.93亿)",股权转让(并购重组)(0.0051)、机器人概念(0.0028),113659.SH,莱克转债,603355,莱克电气,机器人概念,B,概念竞价强度0.00%,非A档观察,成交额偏低1.3万；剩余规模12.00亿,142.708,142.194,-0.3602
2026-01-19,2026-01,观察,31,"锋龙股份(002931,封单12.93亿)",股权转让(并购重组)(0.0051)、机器人概念(0.0028),113667.SH,春23转债,603890,春秋电子,机器人概念,B,概念竞价强度0.00%,非A档观察,成交额偏低0.9万,211.24,207.855,-1.6024
2026-01-19,2026-01,观察,32,"锋龙股份(002931,封单12.93亿)",股权转让(并购重组)(0.0051)、机器人概念(0.0028),113674.SH,华设转债,603018,华设集团,机器人概念,B,概念竞价强度0.00%,非A档观察,成交额偏低0.1万,133.531,134.218,0.5145
2026-01-19,2026-01,观察,33,"锋龙股份(002931,封单12.93亿)",股权转让(并购重组)(0.0051)、机器人概念(0.0028),113677.SH,华懋转债,603306,华懋科技,机器人概念,B,概念竞价强度0.00%,非A档观察,成交额偏低3.5万；剩余规模10.49亿,277.52,279.344,0.6572
2026-01-19,2026-01,观察,34,"锋龙股份(002931,封单12.93亿)",股权转让(并购重组)(0.0051)、机器人概念(0.0028),113681.SH,镇洋转债,603213,镇洋发展,股权转让(并购重组),B,概念竞价强度0.01%,非A档观察,成交额偏低0.7万,140.478,141.274,0.5666
2026-01-19,2026-01,观察,35,"锋龙股份(002931,封单12.93亿)",股权转让(并购重组)(0.0051)、机器人概念(0.0028),113692.SH,保隆转债,603197,保隆科技,机器人概念,B,概念竞价强度0.00%,非A档观察,成交额偏低1.0万；剩余规模13.90亿,139.662,138.898,-0.547
2026-01-19,2026-01,观察,36,"锋龙股份(002931,封单12.93亿)",股权转让(并购重组)(0.0051)、机器人概念(0.0028),113694.SH,清源转债,603628,清源股份,机器人概念,B,概念竞价强度0.00%,非A档观察,成交额偏低0.4万,145.447,146.357,0.6257
2026-01-19,2026-01,观察,37,"锋龙股份(002931,封单12.93亿)",股权转让(并购重组)(0.0051)、机器人概念(0.0028),113695.SH,华辰转债,603097,江苏华辰,机器人概念,B,概念竞价强度0.00%,非A档观察,成交额偏低16.0万,185.235,195.216,5.3883
2026-01-19,2026-01,观察,38,"锋龙股份(002931,封单12.93亿)",股权转让(并购重组)(0.0051)、机器人概念(0.0028),113696.SH,伯25转债,603596,伯特利,机器人概念,B,概念竞价强度0.00%,非A档观察,成交额偏低1.0万；剩余规模28.02亿,154.327,153.373,-0.6182
2026-01-19,2026-01,观察,39,"锋龙股份(002931,封单12.93亿)",股权转让(并购重组)(0.0051)、机器人概念(0.0028),113700.SH,海天转债,603759,海天股份,股权转让(并购重组),B,概念竞价强度0.01%,非A档观察,,,,
2026-01-19,2026-01,观察,40,"锋龙股份(002931,封单12.93亿)",股权转让(并购重组)(0.0051)、机器人概念(0.0028),113703.SH,翔26转债,603112,华翔股份,机器人概念,B,概念竞价强度0.00%,非A档观察,剩余规模13.01亿,,,
2026-01-19,2026-01,观察,41,"锋龙股份(002931,封单12.93亿)",股权转让(并购重组)(0.0051)、机器人概念(0.0028),113705.SH,豪26转债,603809,豪能股份,机器人概念,B,概念竞价强度0.00%,非A档观察,剩余规模18.00亿,,,
2026-01-19,2026-01,观察,42,"锋龙股份(002931,封单12.93亿)",股权转让(并购重组)(0.0051)、机器人概念(0.0028),113706.SH,金帝转债,603270,金帝股份,机器人概念,B,概念竞价强度0.00%,非A档观察,,,,
2026-01-19,2026-01,观察,43,"锋龙股份(002931,封单12.93亿)",股权转让(并购重组)(0.0051)、机器人概念(0.0028),118005.SH,天奈转债,688116,天奈科技,机器人概念,B,概念竞价强度0.00%,非A档观察,成交额偏低0.2万,127.875,128.041,0.1298
2026-01-19,2026-01,观察,44,"锋龙股份(002931,封单12.93亿)",股权转让(并购重组)(0.0051)、机器人概念(0.0028),118009.SH,华锐转债,688059,华锐精密,机器人概念,B,概念竞价强度0.00%,非A档观察,强赎中；成交额偏低5.9万；退市日期2026-02-03,145.0,153.404,5.7959
2026-01-19,2026-01,观察,45,"锋龙股份(002931,封单12.93亿)",股权转让(并购重组)(0.0051)、机器人概念(0.0028),118013.SH,道通转债,688208,道通科技,机器人概念,B,概念竞价强度0.00%,非A档观察,成交额偏低2.4万；剩余规模12.80亿,241.099,240.792,-0.1273
2026-01-19,2026-01,观察,46,"锋龙股份(002931,封单12.93亿)",股权转让(并购重组)(0.0051)、机器人概念(0.0028),118015.SH,芯海转债,688595,芯海科技,机器人概念,B,概念竞价强度0.00%,非A档观察,成交额偏低0.2万,127.44,127.48,0.0314
2026-01-19,2026-01,观察,47,"锋龙股份(002931,封单12.93亿)",股权转让(并购重组)(0.0051)、机器人概念(0.0028),118020.SH,芳源转债,688148,芳源股份,机器人概念,B,概念竞价强度0.00%,非A档观察,成交额偏低0.3万,127.877,127.458,-0.3277
2026-01-19,2026-01,观察,48,"锋龙股份(002931,封单12.93亿)",股权转让(并购重组)(0.0051)、机器人概念(0.0028),118024.SH,冠宇转债,688772,珠海冠宇,机器人概念,B,概念竞价强度0.00%,非A档观察,成交额偏低1.5万；剩余规模30.89亿,133.981,136.605,1.9585
2026-01-19,2026-01,观察,49,"锋龙股份(002931,封单12.93亿)",股权转让(并购重组)(0.0051)、机器人概念(0.0028),118030.SH,睿创转债,688002,睿创微纳,机器人概念,B,概念竞价强度0.00%,非A档观察,成交额偏低2.4万；剩余规模12.62亿,336.0,341.901,1.7562
2026-01-19,2026-01,观察,50,"锋龙股份(002931,封单12.93亿)",股权转让(并购重组)(0.0051)、机器人概念(0.0028),118031.SH,天23转债,688599,天合光能,机器人概念,B,概念竞价强度0.00%,非A档观察,成交额偏低2.3万；剩余规模58.51亿,134.317,134.591,0.204
2026-01-20,2026-01,观察,1,"盈方微(000670,封单7.28亿)、江化微(603078,封单7.18亿)",其他电子(0.062)、其他电子Ⅲ(0.062),118035.SH,国力转债,688103,国力电子,其他电子、其他电子Ⅲ,B,概念竞价强度0.06%,非A档观察,成交额偏低0.3万,152.66,152.006,-0.4284
2026-01-20,2026-01,观察,2,"盈方微(000670,封单7.28亿)、江化微(603078,封单7.18亿)",其他电子(0.062)、其他电子Ⅲ(0.062),118060.SH,瑞可转债,688800,瑞可达,其他电子、其他电子Ⅲ,B,概念竞价强度0.06%,非A档观察,成交额偏低1.0万,194.33,191.458,-1.4779
2026-01-20,2026-01,观察,3,"盈方微(000670,封单7.28亿)、江化微(603078,封单7.18亿)",其他电子(0.062)、其他电子Ⅲ(0.062),128137.SZ,洁美转债,002859,洁美科技,其他电子、其他电子Ⅲ,B,概念竞价强度0.06%,非A档观察,强赎中；成交额偏低1.8万,150.351,148.0,-1.5637
2026-01-23,2026-01,观察,1,"明阳智能(601615,封单13.95亿)",行业龙头(0.0016)、2025年报预增(-0.025),124016.SZ,TCL定转1,000100,TCL科技,2025年报预增、行业龙头,B,概念竞价强度0.00%,非A档观察,,,,
2026-01-23,2026-01,观察,2,"明阳智能(601615,封单13.95亿)",行业龙头(0.0016)、2025年报预增(-0.025),110073.SH,国投转债,600061,国投资本,行业龙头,B,概念竞价强度0.00%,非A档观察,公告到期赎回；成交额偏低2.0万；剩余规模79.99亿；退市日期2026-07-24,112.699,112.829,0.1154
2026-01-23,2026-01,观察,3,"明阳智能(601615,封单13.95亿)",行业龙头(0.0016)、2025年报预增(-0.025),110084.SH,贵燃转债,600903,贵州燃气,行业龙头,B,概念竞价强度0.00%,非A档观察,成交额偏低0.8万,130.438,130.444,0.0046
2026-01-23,2026-01,观察,4,"明阳智能(601615,封单13.95亿)",行业龙头(0.0016)、2025年报预增(-0.025),110085.SH,通22转债,600438,通威股份,行业龙头,B,概念竞价强度0.00%,非A档观察,成交额偏低2.3万；剩余规模119.83亿,123.84,124.373,0.4304
2026-01-23,2026-01,观察,5,"明阳智能(601615,封单13.95亿)",行业龙头(0.0016)、2025年报预增(-0.025),110817.SH,保利定转,600048,保利发展,行业龙头,B,概念竞价强度0.00%,非A档观察,剩余规模85.00亿,,,
2026-01-23,2026-01,观察,6,"明阳智能(601615,封单13.95亿)",行业龙头(0.0016)、2025年报预增(-0.025),113046.SH,金田转债,601609,金田股份,2025年报预增,C,概念竞价强度-0.03%,非A档观察,成交额偏低1.1万；剩余规模14.99亿,155.196,150.918,-2.7565
2026-01-23,2026-01,观察,7,"明阳智能(601615,封单13.95亿)",行业龙头(0.0016)、2025年报预增(-0.025),113053.SH,隆22转债,601012,隆基绿能,行业龙头,B,概念竞价强度0.00%,非A档观察,成交额偏低7.5万；剩余规模69.95亿,133.97,138.065,3.0567
2026-01-23,2026-01,观察,8,"明阳智能(601615,封单13.95亿)",行业龙头(0.0016)、2025年报预增(-0.025),113058.SH,友发转债,601686,友发集团,2025年报预增,C,概念竞价强度-0.03%,非A档观察,成交额偏低1.6万；剩余规模18.64亿,160.79,163.462,1.6618
2026-01-23,2026-01,观察,9,"明阳智能(601615,封单13.95亿)",行业龙头(0.0016)、2025年报预增(-0.025),113067.SH,燃23转债,601139,深圳燃气,行业龙头,B,概念竞价强度0.00%,非A档观察,成交额偏低0.7万；剩余规模30.00亿,131.477,131.854,0.2867
2026-01-23,2026-01,观察,10,"明阳智能(601615,封单13.95亿)",行业龙头(0.0016)、2025年报预增(-0.025),113584.SH,家悦转债,603708,家家悦,2025年报预增,C,概念竞价强度-0.03%,非A档观察,公告到期赎回；成交额偏低0.5万；退市日期2026-06-05,126.8,127.551,0.5923
2026-01-23,2026-01,观察,11,"明阳智能(601615,封单13.95亿)",行业龙头(0.0016)、2025年报预增(-0.025),113632.SH,鹤21转债,603733,仙鹤股份,行业龙头,B,概念竞价强度0.00%,非A档观察,公告提示强赎；成交额偏低0.6万；剩余规模16.98亿,149.456,149.847,0.2616
2026-01-23,2026-01,观察,12,"明阳智能(601615,封单13.95亿)",行业龙头(0.0016)、2025年报预增(-0.025),113633.SH,科沃转债,603486,科沃斯,2025年报预增,C,概念竞价强度-0.03%,非A档观察,成交额偏低0.7万；剩余规模10.40亿,123.72,124.332,0.4947
2026-01-23,2026-01,观察,13,"明阳智能(601615,封单13.95亿)",行业龙头(0.0016)、2025年报预增(-0.025),113634.SH,珀莱转债,603605,珀莱雅,行业龙头,B,概念竞价强度0.00%,非A档观察,成交额偏低0.3万,131.171,132.499,1.0124
2026-01-23,2026-01,观察,14,"明阳智能(601615,封单13.95亿)",行业龙头(0.0016)、2025年报预增(-0.025),113652.SH,伟22转债,603568,伟明环保,行业龙头,B,概念竞价强度0.00%,非A档观察,成交额偏低1.1万；剩余规模14.77亿,143.5,145.204,1.1875
2026-01-23,2026-01,观察,15,"明阳智能(601615,封单13.95亿)",行业龙头(0.0016)、2025年报预增(-0.025),113654.SH,永02转债,603901,永创智能,2025年报预增,C,概念竞价强度-0.03%,非A档观察,强赎中；成交额偏低0.7万；退市日期2026-05-13,207.083,206.49,-0.2864
2026-01-23,2026-01,观察,16,"明阳智能(601615,封单13.95亿)",行业龙头(0.0016)、2025年报预增(-0.025),113655.SH,欧22转债,603833,欧派家居,行业龙头,B,概念竞价强度0.00%,非A档观察,成交额偏低0.9万；剩余规模20.00亿,138.8,139.634,0.6009
2026-01-23,2026-01,观察,17,"明阳智能(601615,封单13.95亿)",行业龙头(0.0016)、2025年报预增(-0.025),113666.SH,爱玛转债,603529,爱玛科技,行业龙头,B,概念竞价强度0.00%,非A档观察,成交额偏低0.5万；剩余规模19.99亿,129.427,130.206,0.6019
2026-01-23,2026-01,观察,18,"明阳智能(601615,封单13.95亿)",行业龙头(0.0016)、2025年报预增(-0.025),113682.SH,益丰转债,603939,益丰药房,行业龙头,B,概念竞价强度0.00%,非A档观察,成交额偏低2.4万；剩余规模17.97亿,130.2,133.618,2.6252
2026-01-23,2026-01,观察,19,"明阳智能(601615,封单13.95亿)",行业龙头(0.0016)、2025年报预增(-0.025),113701.SH,祥和转债,603500,祥和实业,2025年报预增,C,概念竞价强度-0.03%,非A档观察,,,,
2026-01-23,2026-01,观察,20,"明阳智能(601615,封单13.95亿)",行业龙头(0.0016)、2025年报预增(-0.025),113704.SH,春风转债,603129,春风动力,行业龙头,B,概念竞价强度0.00%,非A档观察,剩余规模21.79亿,,,
2026-01-23,2026-01,观察,21,"明阳智能(601615,封单13.95亿)",行业龙头(0.0016)、2025年报预增(-0.025),118009.SH,华锐转债,688059,华锐精密,2025年报预增,C,概念竞价强度-0.03%,非A档观察,强赎中；成交额偏低3.1万；退市日期2026-02-03,161.225,154.247,-4.3281
2026-01-23,2026-01,观察,22,"明阳智能(601615,封单13.95亿)",行业龙头(0.0016)、2025年报预增(-0.025),118030.SH,睿创转债,688002,睿创微纳,2025年报预增,C,概念竞价强度-0.03%,非A档观察,成交额偏低26.9万；剩余规模12.62亿,418.0,384.384,-8.0421
2026-01-23,2026-01,观察,23,"明阳智能(601615,封单13.95亿)",行业龙头(0.0016)、2025年报预增(-0.025),118035.SH,国力转债,688103,国力电子,2025年报预增,C,概念竞价强度-0.03%,非A档观察,成交额偏低0.2万,156.841,158.636,1.1445
2026-01-23,2026-01,观察,24,"明阳智能(601615,封单13.95亿)",行业龙头(0.0016)、2025年报预增(-0.025),118055.SH,伟测转债,688372,伟测科技,2025年报预增,C,概念竞价强度-0.03%,非A档观察,强赎中；成交额偏低3.4万；退市日期2026-04-03,280.001,291.301,4.0357
2026-01-23,2026-01,观察,25,"明阳智能(601615,封单13.95亿)",行业龙头(0.0016)、2025年报预增(-0.025),118060.SH,瑞可转债,688800,瑞可达,2025年报预增,C,概念竞价强度-0.03%,非A档观察,成交额偏低1.6万,216.001,213.892,-0.9764
2026-01-23,2026-01,观察,26,"明阳智能(601615,封单13.95亿)",行业龙头(0.0016)、2025年报预增(-0.025),118064.SH,联瑞转债,688300,联瑞新材,行业龙头,B,概念竞价强度0.00%,非A档观察,,,,
2026-01-23,2026-01,观察,27,"明阳智能(601615,封单13.95亿)",行业龙头(0.0016)、2025年报预增(-0.025),118072.SH,鼎通转债,688668,鼎通科技,2025年报预增,C,概念竞价强度-0.03%,非A档观察,,,,
2026-01-23,2026-01,观察,28,"明阳智能(601615,封单13.95亿)",行业龙头(0.0016)、2025年报预增(-0.025),123088.SZ,威唐转债,300707,威唐工业,2025年报预增,C,概念竞价强度-0.03%,非A档观察,成交额偏低15.4万,152.3,156.18,2.5476
2026-01-23,2026-01,观察,29,"明阳智能(601615,封单13.95亿)",行业龙头(0.0016)、2025年报预增(-0.025),123108.SZ,乐普转2,300003,乐普医疗,2025年报预增,C,概念竞价强度-0.03%,非A档观察,公告到期赎回；成交额偏低0.5万；退市日期2026-03-30,109.9,109.802,-0.0892
2026-01-23,2026-01,观察,30,"明阳智能(601615,封单13.95亿)",行业龙头(0.0016)、2025年报预增(-0.025),123149.SZ,通裕转债,300185,通裕重工,2025年报预增,C,概念竞价强度-0.03%,非A档观察,成交额偏低0.6万；剩余规模11.07亿,141.3,142.899,1.1316
2026-01-23,2026-01,观察,31,"明阳智能(601615,封单13.95亿)",行业龙头(0.0016)、2025年报预增(-0.025),123165.SZ,回天转债,300041,回天新材,2025年报预增,C,概念竞价强度-0.03%,非A档观察,成交额偏低0.7万,131.934,136.0,3.0818
2026-01-23,2026-01,观察,32,"明阳智能(601615,封单13.95亿)",行业龙头(0.0016)、2025年报预增(-0.025),123189.SZ,晓鸣转债,300967,晓鸣股份,2025年报预增,C,概念竞价强度-0.03%,非A档观察,成交额偏低0.5万,139.666,139.871,0.1468
2026-01-23,2026-01,观察,33,"明阳智能(601615,封单13.95亿)",行业龙头(0.0016)、2025年报预增(-0.025),123195.SZ,蓝晓转02,300487,蓝晓科技,行业龙头,B,概念竞价强度0.00%,非A档观察,成交额偏低0.6万,178.124,177.213,-0.5114
2026-01-23,2026-01,观察,34,"明阳智能(601615,封单13.95亿)",行业龙头(0.0016)、2025年报预增(-0.025),123209.SZ,聚隆转债,300644,南京聚隆,2025年报预增,C,概念竞价强度-0.03%,非A档观察,成交额偏低1.0万,252.494,255.8,1.3093
2026-01-23,2026-01,观察,35,"明阳智能(601615,封单13.95亿)",行业龙头(0.0016)、2025年报预增(-0.025),123210.SZ,信服转债,300454,深信服,2025年报预增,C,概念竞价强度-0.03%,非A档观察,强赎中；成交额偏低8.7万；退市日期2026-03-25,179.3,174.901,-2.4534
2026-01-23,2026-01,观察,36,"明阳智能(601615,封单13.95亿)",行业龙头(0.0016)、2025年报预增(-0.025),123211.SZ,阳谷转债,300121,阳谷华泰,行业龙头,B,概念竞价强度0.00%,非A档观察,成交额偏低1.4万,207.02,206.5,-0.2512
2026-01-23,2026-01,观察,37,"明阳智能(601615,封单13.95亿)",行业龙头(0.0016)、2025年报预增(-0.025),123233.SZ,凯盛转债,301069,凯盛新材,2025年报预增,C,概念竞价强度-0.03%,非A档观察,强赎中；退市日期2026-01-26,,,
2026-01-23,2026-01,观察,38,"明阳智能(601615,封单13.95亿)",行业龙头(0.0016)、2025年报预增(-0.025),123251.SZ,华医转债,301235,华康洁净,2025年报预增,C,概念竞价强度-0.03%,非A档观察,成交额偏低6.0万,275.0,275.98,0.3564
2026-01-23,2026-01,观察,39,"明阳智能(601615,封单13.95亿)",行业龙头(0.0016)、2025年报预增(-0.025),123255.SZ,鼎龙转债,300054,鼎龙股份,行业龙头,B,概念竞价强度0.00%,非A档观察,成交额偏低2.9万,278.1,281.001,1.0431
2026-01-23,2026-01,观察,40,"明阳智能(601615,封单13.95亿)",行业龙头(0.0016)、2025年报预增(-0.025),123270.SZ,盛德转债,300881,盛德鑫泰,行业龙头,B,概念竞价强度0.00%,非A档观察,,,,
2026-01-23,2026-01,观察,41,"明阳智能(601615,封单13.95亿)",行业龙头(0.0016)、2025年报预增(-0.025),123271.SZ,通合转债,300491,通合科技,2025年报预增,C,概念竞价强度-0.03%,非A档观察,,,,
2026-01-23,2026-01,观察,42,"明阳智能(601615,封单13.95亿)",行业龙头(0.0016)、2025年报预增(-0.025),124008.SZ,辉隆定转,002556,辉隆股份,行业龙头,B,概念竞价强度0.00%,非A档观察,,,,
2026-01-23,2026-01,观察,43,"明阳智能(601615,封单13.95亿)",行业龙头(0.0016)、2025年报预增(-0.025),124009.SZ,辉隆定02,002556,辉隆股份,行业龙头,B,概念竞价强度0.00%,非A档观察,,,,
2026-01-23,2026-01,观察,44,"明阳智能(601615,封单13.95亿)",行业龙头(0.0016)、2025年报预增(-0.025),124025.SZ,富乐定转,301297,富乐德,2025年报预增,C,概念竞价强度-0.03%,非A档观察,,,,
2026-01-23,2026-01,观察,45,"明阳智能(601615,封单13.95亿)",行业龙头(0.0016)、2025年报预增(-0.025),127017.SZ,万青转债,000789,万年青,2025年报预增,C,概念竞价强度-0.03%,非A档观察,公告到期赎回；成交额偏低0.3万；退市日期2026-06-03,113.8,113.76,-0.0351
2026-01-23,2026-01,观察,46,"明阳智能(601615,封单13.95亿)",行业龙头(0.0016)、2025年报预增(-0.025),127024.SZ,盈峰转债,000967,盈峰环境,行业龙头,B,概念竞价强度0.00%,非A档观察,强赎中；成交额偏低0.7万；退市日期2026-06-09,127.774,129.057,1.0041
2026-01-23,2026-01,观察,47,"明阳智能(601615,封单13.95亿)",行业龙头(0.0016)、2025年报预增(-0.025),127027.SZ,能化转债,000552,甘肃能化,行业龙头,B,概念竞价强度0.00%,非A档观察,成交额偏低0.9万；剩余规模19.46亿,116.599,116.58,-0.0163
2026-01-23,2026-01,观察,48,"明阳智能(601615,封单13.95亿)",行业龙头(0.0016)、2025年报预增(-0.025),127030.SZ,盛虹转债,000301,东方盛虹,行业龙头,B,概念竞价强度0.00%,非A档观察,成交额偏低1.7万；剩余规模49.97亿,130.5,133.11,2.0
2026-01-23,2026-01,观察,49,"明阳智能(601615,封单13.95亿)",行业龙头(0.0016)、2025年报预增(-0.025),127040.SZ,国泰转债,002091,江苏国泰,行业龙头,B,概念竞价强度0.00%,非A档观察,成交额偏低0.8万；剩余规模39.86亿,142.311,141.959,-0.2473
2026-01-23,2026-01,观察,50,"明阳智能(601615,封单13.95亿)",行业龙头(0.0016)、2025年报预增(-0.025),127045.SZ,牧原转债,002714,牧原股份,行业龙头,B,概念竞价强度0.00%,非A档观察,成交额偏低1.7万；剩余规模95.43亿,136.444,137.741,0.9506
2026-01-26,2026-01,观察,1,"湖南黄金(002155,封单44.43亿)、天奇股份(002009,封单7.32亿)",脑机接口(0.0387)、金属铅(0.0218),113691.SH,和邦转债,603077,和邦生物,金属铅,B,概念竞价强度0.02%,非A档观察,成交额偏低8.0万；剩余规模45.99亿,161.0,153.859,-4.4354
2026-01-26,2026-01,观察,2,"湖南黄金(002155,封单44.43亿)、天奇股份(002009,封单7.32亿)",脑机接口(0.0387)、金属铅(0.0218),123180.SZ,浙矿转债,300837,浙矿股份,金属铅,B,概念竞价强度0.02%,非A档观察,成交额偏低37.6万,191.0,184.2,-3.5602
2026-01-26,2026-01,观察,3,"湖南黄金(002155,封单44.43亿)、天奇股份(002009,封单7.32亿)",脑机接口(0.0387)、金属铅(0.0218),127070.SZ,大中转债,001203,大中矿业,金属铅,B,概念竞价强度0.02%,非A档观察,成交额偏低35.1万,400.0,400.66,0.165
2026-01-26,2026-01,观察,4,"湖南黄金(002155,封单44.43亿)、天奇股份(002009,封单7.32亿)",脑机接口(0.0387)、金属铅(0.0218),113601.SH,塞力转债,603716,塞力医疗,脑机接口,B,概念竞价强度0.04%,非A档观察,强赎中；成交额偏低18.1万；退市日期2026-04-10,258.0,261.232,1.2527
2026-01-26,2026-01,观察,5,"湖南黄金(002155,封单44.43亿)、天奇股份(002009,封单7.32亿)",脑机接口(0.0387)、金属铅(0.0218),123108.SZ,乐普转2,300003,乐普医疗,脑机接口,B,概念竞价强度0.04%,非A档观察,公告到期赎回；成交额偏低0.6万；退市日期2026-03-30,109.899,108.653,-1.1338
2026-01-26,2026-01,观察,6,"湖南黄金(002155,封单44.43亿)、天奇股份(002009,封单7.32亿)",脑机接口(0.0387)、金属铅(0.0218),123157.SZ,科蓝转债,300663,科蓝软件,脑机接口,B,概念竞价强度0.04%,非A档观察,成交额偏低0.6万,156.5,153.142,-2.1457
2026-01-26,2026-01,观察,7,"湖南黄金(002155,封单44.43亿)、天奇股份(002009,封单7.32亿)",脑机接口(0.0387)、金属铅(0.0218),123237.SZ,佳禾转债,300793,佳禾智能,脑机接口,B,概念竞价强度0.04%,非A档观察,成交额偏低0.6万,171.257,163.34,-4.6229
2026-01-26,2026-01,观察,8,"湖南黄金(002155,封单44.43亿)、天奇股份(002009,封单7.32亿)",脑机接口(0.0387)、金属铅(0.0218),123254.SZ,亿纬转债,300014,亿纬锂能,脑机接口,B,概念竞价强度0.04%,非A档观察,强赎中；成交额偏低4.1万；退市日期2026-05-07,172.99,168.5,-2.5955
2026-03-02,2026-03,主买,1,"洲际油气(600759,封单17.36亿)",海南(0.1935)、海南自贸区(0.1894),118063.SH,金05转债,688676,金盘科技,海南、海南自贸区,A,概念竞价强度0.19%,,成交额偏低1.1万；剩余规模16.71亿,193.0,196.226,1.6715
2026-03-04,2026-03,观察,1,"佰维存储(688525,封单8.09亿)",近期并购重组(0.0109)、AI PC(0.0018),124016.SZ,TCL定转1,000100,TCL科技,AI PC、近期并购重组,B,概念竞价强度0.01%,非A档观察,,,,
2026-03-04,2026-03,观察,2,"佰维存储(688525,封单8.09亿)",近期并购重组(0.0109)、AI PC(0.0018),110075.SH,南航转债,600029,南方航空,近期并购重组,B,概念竞价强度0.01%,非A档观察,成交额偏低2.6万；剩余规模58.96亿,131.5,129.218,-1.7354
2026-03-04,2026-03,观察,3,"佰维存储(688525,封单8.09亿)",近期并购重组(0.0109)、AI PC(0.0018),110097.SH,天润转债,600419,天润乳业,近期并购重组,B,概念竞价强度0.01%,非A档观察,成交额偏低0.8万,148.451,148.035,-0.2802
2026-03-04,2026-03,观察,4,"佰维存储(688525,封单8.09亿)",近期并购重组(0.0109)、AI PC(0.0018),110098.SH,南药转债,600713,南京医药,近期并购重组,B,概念竞价强度0.01%,非A档观察,成交额偏低1.1万；剩余规模10.81亿,136.79,134.888,-1.3905
2026-03-04,2026-03,观察,5,"佰维存储(688525,封单8.09亿)",近期并购重组(0.0109)、AI PC(0.0018),110817.SH,保利定转,600048,保利发展,近期并购重组,B,概念竞价强度0.01%,非A档观察,剩余规模85.00亿,,,
2026-03-04,2026-03,观察,6,"佰维存储(688525,封单8.09亿)",近期并购重组(0.0109)、AI PC(0.0018),111001.SH,山玻转债,605006,山东玻纤,近期并购重组,B,概念竞价强度0.01%,非A档观察,强赎中；成交额偏低1.6万；退市日期2026-07-07,137.501,139.871,1.7236
2026-03-04,2026-03,观察,7,"佰维存储(688525,封单8.09亿)",近期并购重组(0.0109)、AI PC(0.0018),113048.SH,晶科转债,601778,晶科科技,近期并购重组,B,概念竞价强度0.01%,非A档观察,成交额偏低1.5万；剩余规模15.45亿,131.297,131.597,0.2285
2026-03-04,2026-03,观察,8,"佰维存储(688525,封单8.09亿)",近期并购重组(0.0109)、AI PC(0.0018),113058.SH,友发转债,601686,友发集团,近期并购重组,B,概念竞价强度0.01%,非A档观察,成交额偏低1.6万；剩余规模18.64亿,162.84,161.897,-0.5791
2026-03-04,2026-03,观察,9,"佰维存储(688525,封单8.09亿)",近期并购重组(0.0109)、AI PC(0.0018),113574.SH,华体转债,603679,华体科技,近期并购重组,B,概念竞价强度0.01%,非A档观察,公告到期赎回；成交额偏低0.4万；退市日期2026-03-31,116.0,116.566,0.4879
2026-03-04,2026-03,观察,10,"佰维存储(688525,封单8.09亿)",近期并购重组(0.0109)、AI PC(0.0018),113589.SH,天创转债,603608,天创时尚,近期并购重组,B,概念竞价强度0.01%,非A档观察,成交额偏低18.4万；退市日期2026-06-24,265.5,279.829,5.397
2026-03-04,2026-03,观察,11,"佰维存储(688525,封单8.09亿)",近期并购重组(0.0109)、AI PC(0.0018),113601.SH,塞力转债,603716,塞力医疗,近期并购重组,B,概念竞价强度0.01%,非A档观察,强赎中；成交额偏低1.2万；退市日期2026-04-10,211.75,211.096,-0.3089
2026-03-04,2026-03,观察,12,"佰维存储(688525,封单8.09亿)",近期并购重组(0.0109)、AI PC(0.0018),113624.SH,正川转债,603976,正川股份,近期并购重组,B,概念竞价强度0.01%,非A档观察,成交额偏低0.3万,136.9,136.877,-0.0168
2026-03-04,2026-03,观察,13,"佰维存储(688525,封单8.09亿)",近期并购重组(0.0109)、AI PC(0.0018),113634.SH,珀莱转债,603605,珀莱雅,近期并购重组,B,概念竞价强度0.01%,非A档观察,成交额偏低0.3万,128.244,128.887,0.5014
2026-03-04,2026-03,观察,14,"佰维存储(688525,封单8.09亿)",近期并购重组(0.0109)、AI PC(0.0018),113652.SH,伟22转债,603568,伟明环保,近期并购重组,B,概念竞价强度0.01%,非A档观察,成交额偏低1.1万；剩余规模14.77亿,144.075,143.373,-0.4872
2026-03-04,2026-03,观察,15,"佰维存储(688525,封单8.09亿)",近期并购重组(0.0109)、AI PC(0.0018),113661.SH,福22转债,603806,福斯特,近期并购重组,B,概念竞价强度0.01%,非A档观察,成交额偏低1.9万；剩余规模30.30亿,142.998,143.395,0.2776
2026-03-04,2026-03,观察,16,"佰维存储(688525,封单8.09亿)",近期并购重组(0.0109)、AI PC(0.0018),113666.SH,爱玛转债,603529,爱玛科技,近期并购重组,B,概念竞价强度0.01%,非A档观察,成交额偏低0.6万；剩余规模19.99亿,128.44,128.659,0.1705
2026-03-04,2026-03,观察,17,"佰维存储(688525,封单8.09亿)",近期并购重组(0.0109)、AI PC(0.0018),113667.SH,春23转债,603890,春秋电子,AI PC,B,概念竞价强度0.00%,非A档观察,成交额偏低0.9万,168.262,170.472,1.3134
2026-03-04,2026-03,观察,18,"佰维存储(688525,封单8.09亿)",近期并购重组(0.0109)、AI PC(0.0018),113698.SH,凯众转债,603037,凯众股份,近期并购重组,B,概念竞价强度0.01%,非A档观察,成交额偏低0.9万,161.928,161.175,-0.465
2026-03-04,2026-03,观察,19,"佰维存储(688525,封单8.09亿)",近期并购重组(0.0109)、AI PC(0.0018),118000.SH,嘉元转债,688388,嘉元科技,近期并购重组,B,概念竞价强度0.01%,非A档观察,强赎中；成交额偏低3.0万；退市日期2026-04-02,138.5,136.114,-1.7227
2026-03-04,2026-03,观察,20,"佰维存储(688525,封单8.09亿)",近期并购重组(0.0109)、AI PC(0.0018),118012.SH,微芯转债,688321,微芯生物,近期并购重组,B,概念竞价强度0.01%,非A档观察,成交额偏低0.9万,152.0,152.037,0.0243
2026-03-04,2026-03,观察,21,"佰维存储(688525,封单8.09亿)",近期并购重组(0.0109)、AI PC(0.0018),118015.SH,芯海转债,688595,芯海科技,AI PC,B,概念竞价强度0.00%,非A档观察,成交额偏低0.2万,131.6,130.694,-0.6884
2026-03-04,2026-03,观察,22,"佰维存储(688525,封单8.09亿)",近期并购重组(0.0109)、AI PC(0.0018),118024.SH,冠宇转债,688772,珠海冠宇,近期并购重组,B,概念竞价强度0.01%,非A档观察,成交额偏低2.6万；剩余规模30.89亿,127.776,127.098,-0.5306
2026-03-04,2026-03,观察,23,"佰维存储(688525,封单8.09亿)",近期并购重组(0.0109)、AI PC(0.0018),118049.SH,汇成转债,688403,汇成股份,近期并购重组,B,概念竞价强度0.01%,非A档观察,强赎中；成交额偏低6.1万；退市日期2026-04-28,225.0,226.867,0.8298
2026-03-04,2026-03,观察,24,"佰维存储(688525,封单8.09亿)",近期并购重组(0.0109)、AI PC(0.0018),118052.SH,浩瀚转债,688292,浩瀚深度,近期并购重组,B,概念竞价强度0.01%,非A档观察,成交额偏低0.8万,155.5,157.208,1.0984
2026-03-04,2026-03,观察,25,"佰维存储(688525,封单8.09亿)",近期并购重组(0.0109)、AI PC(0.0018),118061.SH,茂莱转债,688502,茂莱光学,近期并购重组,B,概念竞价强度0.01%,非A档观察,成交额偏低0.6万,174.0,174.498,0.2862
2026-03-04,2026-03,观察,26,"佰维存储(688525,封单8.09亿)",近期并购重组(0.0109)、AI PC(0.0018),118062.SH,天准转债,688003,天准科技,近期并购重组,B,概念竞价强度0.01%,非A档观察,成交额偏低2.3万,201.928,193.078,-4.3828
2026-03-04,2026-03,观察,27,"佰维存储(688525,封单8.09亿)",近期并购重组(0.0109)、AI PC(0.0018),118071.SH,华峰转债,688200,华峰测控,近期并购重组,B,概念竞价强度0.01%,非A档观察,,,,
2026-03-04,2026-03,观察,28,"佰维存储(688525,封单8.09亿)",近期并购重组(0.0109)、AI PC(0.0018),123072.SZ,乐歌转债,300729,乐歌股份,近期并购重组,B,概念竞价强度0.01%,非A档观察,成交额偏低0.1万,127.999,127.77,-0.1789
2026-03-04,2026-03,观察,29,"佰维存储(688525,封单8.09亿)",近期并购重组(0.0109)、AI PC(0.0018),123076.SZ,强力转债,300429,强力新材,近期并购重组,B,概念竞价强度0.01%,非A档观察,成交额偏低0.6万,137.08,137.29,0.1532
2026-03-04,2026-03,观察,30,"佰维存储(688525,封单8.09亿)",近期并购重组(0.0109)、AI PC(0.0018),123091.SZ,长海转债,300196,长海股份,近期并购重组,B,概念竞价强度0.01%,非A档观察,成交额偏低1.3万,143.08,144.9,1.272
2026-03-04,2026-03,观察,31,"佰维存储(688525,封单8.09亿)",近期并购重组(0.0109)、AI PC(0.0018),123107.SZ,温氏转债,300498,温氏股份,近期并购重组,B,概念竞价强度0.01%,非A档观察,成交额偏低1.1万；剩余规模77.06亿,131.19,131.466,0.2104
2026-03-04,2026-03,观察,32,"佰维存储(688525,封单8.09亿)",近期并购重组(0.0109)、AI PC(0.0018),123122.SZ,富瀚转债,300613,富瀚微,近期并购重组,B,概念竞价强度0.01%,非A档观察,成交额偏低0.2万,125.599,125.056,-0.4323
2026-03-04,2026-03,观察,33,"佰维存储(688525,封单8.09亿)",近期并购重组(0.0109)、AI PC(0.0018),123131.SZ,奥飞转债,300738,奥飞数据,近期并购重组,B,概念竞价强度0.01%,非A档观察,成交额偏低7.7万,292.486,293.2,0.2441
2026-03-04,2026-03,观察,34,"佰维存储(688525,封单8.09亿)",近期并购重组(0.0109)、AI PC(0.0018),123176.SZ,精测转2,300567,精测电子,近期并购重组,B,概念竞价强度0.01%,非A档观察,成交额偏低5.2万；剩余规模12.75亿,279.678,279.042,-0.2274
2026-03-04,2026-03,观察,35,"佰维存储(688525,封单8.09亿)",近期并购重组(0.0109)、AI PC(0.0018),123187.SZ,超达转债,301186,超达装备,近期并购重组,B,概念竞价强度0.01%,非A档观察,成交额偏低1.1万,190.43,190.47,0.021
2026-03-04,2026-03,观察,36,"佰维存储(688525,封单8.09亿)",近期并购重组(0.0109)、AI PC(0.0018),123222.SZ,博俊转债,300926,博俊科技,近期并购重组,B,概念竞价强度0.01%,非A档观察,成交额偏低0.9万,212.2,210.3,-0.8954
2026-03-04,2026-03,观察,37,"佰维存储(688525,封单8.09亿)",近期并购重组(0.0109)、AI PC(0.0018),123254.SZ,亿纬转债,300014,亿纬锂能,近期并购重组,B,概念竞价强度0.01%,非A档观察,强赎中；成交额偏低4.3万；退市日期2026-05-07,156.8,159.5,1.7219
2026-03-04,2026-03,观察,38,"佰维存储(688525,封单8.09亿)",近期并购重组(0.0109)、AI PC(0.0018),123259.SZ,锦浪转02,300763,锦浪科技,近期并购重组,B,概念竞价强度0.01%,非A档观察,成交额偏低6.0万；剩余规模16.76亿,172.0,177.116,2.9744
2026-03-04,2026-03,观察,39,"佰维存储(688525,封单8.09亿)",近期并购重组(0.0109)、AI PC(0.0018),123262.SZ,神宇转债,300563,神宇股份,AI PC,B,概念竞价强度0.00%,非A档观察,成交额偏低1.6万,150.701,148.24,-1.633
2026-03-04,2026-03,观察,40,"佰维存储(688525,封单8.09亿)",近期并购重组(0.0109)、AI PC(0.0018),123269.SZ,金杨转债,301210,金杨精密,近期并购重组,B,概念竞价强度0.01%,非A档观察,,,,
2026-03-04,2026-03,观察,41,"佰维存储(688525,封单8.09亿)",近期并购重组(0.0109)、AI PC(0.0018),127034.SZ,绿茵转债,002887,绿茵生态,近期并购重组,B,概念竞价强度0.01%,非A档观察,成交额偏低0.6万,137.1,136.28,-0.5981
2026-03-04,2026-03,观察,42,"佰维存储(688525,封单8.09亿)",近期并购重组(0.0109)、AI PC(0.0018),127047.SZ,帝欧转债,002798,帝欧水华,近期并购重组,B,概念竞价强度0.01%,非A档观察,成交额偏低0.4万,130.999,131.8,0.6115
2026-03-04,2026-03,观察,43,"佰维存储(688525,封单8.09亿)",近期并购重组(0.0109)、AI PC(0.0018),127066.SZ,科利转债,002850,科达利,近期并购重组,B,概念竞价强度0.01%,非A档观察,强赎中；成交额偏低1.2万；退市日期2026-06-24,151.001,151.627,0.4146
2026-03-04,2026-03,观察,44,"佰维存储(688525,封单8.09亿)",近期并购重组(0.0109)、AI PC(0.0018),127080.SZ,声迅转债,003004,声迅股份,近期并购重组,B,概念竞价强度0.01%,非A档观察,成交额偏低6.3万,158.7,164.5,3.6547
2026-04-08,2026-04,观察,1,"东山精密(002384,封单11.51亿)",2026一季报预增(-0.0373)、行业龙头(-0.0457),123255.SZ,鼎龙转债,300054,鼎龙股份,2026一季报预增、行业龙头,C,概念竞价强度-0.04%,非A档观察,成交额偏低4.9万,240.8,245.635,2.0079
2026-04-08,2026-04,观察,2,"东山精密(002384,封单11.51亿)",2026一季报预增(-0.0373)、行业龙头(-0.0457),110073.SH,国投转债,600061,国投资本,行业龙头,C,概念竞价强度-0.05%,非A档观察,公告到期赎回；成交额偏低3.5万；剩余规模79.99亿；退市日期2026-07-24,107.089,107.23,0.1317
2026-04-08,2026-04,观察,3,"东山精密(002384,封单11.51亿)",2026一季报预增(-0.0373)、行业龙头(-0.0457),110084.SH,贵燃转债,600903,贵州燃气,行业龙头,C,概念竞价强度-0.05%,非A档观察,成交额偏低0.6万,125.8,128.703,2.3076
2026-04-08,2026-04,观察,4,"东山精密(002384,封单11.51亿)",2026一季报预增(-0.0373)、行业龙头(-0.0457),110085.SH,通22转债,600438,通威股份,行业龙头,C,概念竞价强度-0.05%,非A档观察,成交额偏低1.8万；剩余规模119.83亿,122.23,125.393,2.5877
2026-04-08,2026-04,观察,5,"东山精密(002384,封单11.51亿)",2026一季报预增(-0.0373)、行业龙头(-0.0457),110817.SH,保利定转,600048,保利发展,行业龙头,C,概念竞价强度-0.05%,非A档观察,剩余规模85.00亿,,,
2026-04-08,2026-04,观察,6,"东山精密(002384,封单11.51亿)",2026一季报预增(-0.0373)、行业龙头(-0.0457),111005.SH,富春转债,605189,富春染织,2026一季报预增,C,概念竞价强度-0.04%,非A档观察,强赎中；成交额偏低1.3万；退市日期2026-05-29,150.727,152.174,0.96
2026-04-08,2026-04,观察,7,"东山精密(002384,封单11.51亿)",2026一季报预增(-0.0373)、行业龙头(-0.0457),113053.SH,隆22转债,601012,隆基绿能,行业龙头,C,概念竞价强度-0.05%,非A档观察,成交额偏低1.8万；剩余规模69.95亿,130.8,133.991,2.4396
2026-04-08,2026-04,观察,8,"东山精密(002384,封单11.51亿)",2026一季报预增(-0.0373)、行业龙头(-0.0457),113067.SH,燃23转债,601139,深圳燃气,行业龙头,C,概念竞价强度-0.05%,非A档观察,成交额偏低1.5万；剩余规模30.00亿,132.8,135.282,1.869
2026-04-08,2026-04,观察,9,"东山精密(002384,封单11.51亿)",2026一季报预增(-0.0373)、行业龙头(-0.0457),113632.SH,鹤21转债,603733,仙鹤股份,行业龙头,C,概念竞价强度-0.05%,非A档观察,公告提示强赎；成交额偏低1.0万；剩余规模16.98亿,137.0,140.04,2.219
2026-04-08,2026-04,观察,10,"东山精密(002384,封单11.51亿)",2026一季报预增(-0.0373)、行业龙头(-0.0457),113634.SH,珀莱转债,603605,珀莱雅,行业龙头,C,概念竞价强度-0.05%,非A档观察,成交额偏低0.3万,128.359,129.717,1.058
2026-04-08,2026-04,观察,11,"东山精密(002384,封单11.51亿)",2026一季报预增(-0.0373)、行业龙头(-0.0457),113652.SH,伟22转债,603568,伟明环保,行业龙头,C,概念竞价强度-0.05%,非A档观察,成交额偏低1.6万；剩余规模14.77亿,134.0,139.052,3.7701
2026-04-08,2026-04,观察,12,"东山精密(002384,封单11.51亿)",2026一季报预增(-0.0373)、行业龙头(-0.0457),113655.SH,欧22转债,603833,欧派家居,行业龙头,C,概念竞价强度-0.05%,非A档观察,成交额偏低1.0万；剩余规模20.00亿,135.71,138.534,2.0809
2026-04-08,2026-04,观察,13,"东山精密(002384,封单11.51亿)",2026一季报预增(-0.0373)、行业龙头(-0.0457),113666.SH,爱玛转债,603529,爱玛科技,行业龙头,C,概念竞价强度-0.05%,非A档观察,成交额偏低0.9万；剩余规模19.99亿,128.6,130.949,1.8266
2026-04-08,2026-04,观察,14,"东山精密(002384,封单11.51亿)",2026一季报预增(-0.0373)、行业龙头(-0.0457),113682.SH,益丰转债,603939,益丰药房,行业龙头,C,概念竞价强度-0.05%,非A档观察,成交额偏低0.4万；剩余规模17.97亿,130.047,132.45,1.8478
2026-04-08,2026-04,观察,15,"东山精密(002384,封单11.51亿)",2026一季报预增(-0.0373)、行业龙头(-0.0457),113704.SH,春风转债,603129,春风动力,行业龙头,C,概念竞价强度-0.05%,非A档观察,剩余规模21.79亿,,,
2026-04-08,2026-04,观察,16,"东山精密(002384,封单11.51亿)",2026一季报预增(-0.0373)、行业龙头(-0.0457),118064.SH,联瑞转债,688300,联瑞新材,行业龙头,C,概念竞价强度-0.05%,非A档观察,成交额偏低4.2万,232.0,243.14,4.8017
2026-04-08,2026-04,观察,17,"东山精密(002384,封单11.51亿)",2026一季报预增(-0.0373)、行业龙头(-0.0457),123158.SZ,宙邦转债,300037,新宙邦,2026一季报预增,C,概念竞价强度-0.04%,非A档观察,成交额偏低2.2万；剩余规模18.05亿,175.51,185.997,5.9752
2026-04-08,2026-04,观察,18,"东山精密(002384,封单11.51亿)",2026一季报预增(-0.0373)、行业龙头(-0.0457),123195.SZ,蓝晓转02,300487,蓝晓科技,行业龙头,C,概念竞价强度-0.05%,非A档观察,成交额偏低2.1万,161.693,168.135,3.9841
2026-04-08,2026-04,观察,19,"东山精密(002384,封单11.51亿)",2026一季报预增(-0.0373)、行业龙头(-0.0457),123211.SZ,阳谷转债,300121,阳谷华泰,行业龙头,C,概念竞价强度-0.05%,非A档观察,成交额偏低1.1万,166.07,175.0,5.3773
2026-04-08,2026-04,观察,20,"东山精密(002384,封单11.51亿)",2026一季报预增(-0.0373)、行业龙头(-0.0457),123270.SZ,盛德转债,300881,盛德鑫泰,行业龙头,C,概念竞价强度-0.05%,非A档观察,,,,
2026-04-08,2026-04,观察,21,"东山精密(002384,封单11.51亿)",2026一季报预增(-0.0373)、行业龙头(-0.0457),124008.SZ,辉隆定转,002556,辉隆股份,行业龙头,C,概念竞价强度-0.05%,非A档观察,,,,
2026-04-08,2026-04,观察,22,"东山精密(002384,封单11.51亿)",2026一季报预增(-0.0373)、行业龙头(-0.0457),124009.SZ,辉隆定02,002556,辉隆股份,行业龙头,C,概念竞价强度-0.05%,非A档观察,,,,
2026-04-08,2026-04,观察,23,"东山精密(002384,封单11.51亿)",2026一季报预增(-0.0373)、行业龙头(-0.0457),124016.SZ,TCL定转1,000100,TCL科技,行业龙头,C,概念竞价强度-0.05%,非A档观察,,,,
2026-04-08,2026-04,观察,24,"东山精密(002384,封单11.51亿)",2026一季报预增(-0.0373)、行业龙头(-0.0457),127024.SZ,盈峰转债,000967,盈峰环境,行业龙头,C,概念竞价强度-0.05%,非A档观察,强赎中；成交额偏低1.6万；退市日期2026-06-09,132.872,133.778,0.6819
2026-04-08,2026-04,观察,25,"东山精密(002384,封单11.51亿)",2026一季报预增(-0.0373)、行业龙头(-0.0457),127027.SZ,能化转债,000552,甘肃能化,行业龙头,C,概念竞价强度-0.05%,非A档观察,成交额偏低0.0万；剩余规模19.46亿,,,
2026-04-08,2026-04,观察,26,"东山精密(002384,封单11.51亿)",2026一季报预增(-0.0373)、行业龙头(-0.0457),127030.SZ,盛虹转债,000301,东方盛虹,行业龙头,C,概念竞价强度-0.05%,非A档观察,成交额偏低1.6万；剩余规模49.97亿,124.3,126.118,1.4626
2026-04-08,2026-04,观察,27,"东山精密(002384,封单11.51亿)",2026一季报预增(-0.0373)、行业龙头(-0.0457),127040.SZ,国泰转债,002091,江苏国泰,行业龙头,C,概念竞价强度-0.05%,非A档观察,成交额偏低1.5万；剩余规模39.86亿,136.18,139.099,2.1435
2026-04-08,2026-04,观察,28,"东山精密(002384,封单11.51亿)",2026一季报预增(-0.0373)、行业龙头(-0.0457),127045.SZ,牧原转债,002714,牧原股份,行业龙头,C,概念竞价强度-0.05%,非A档观察,成交额偏低2.4万；剩余规模95.43亿,130.899,133.75,2.178
2026-04-08,2026-04,观察,29,"东山精密(002384,封单11.51亿)",2026一季报预增(-0.0373)、行业龙头(-0.0457),127056.SZ,中特转债,000708,中信特钢,行业龙头,C,概念竞价强度-0.05%,非A档观察,成交额偏低0.8万；剩余规模50.00亿,127.99,129.817,1.4275
2026-04-08,2026-04,观察,30,"东山精密(002384,封单11.51亿)",2026一季报预增(-0.0373)、行业龙头(-0.0457),127088.SZ,赫达转债,002810,山东赫达,2026一季报预增,C,概念竞价强度-0.04%,非A档观察,成交额偏低2.3万,147.71,155.8,5.4769
2026-04-08,2026-04,观察,31,"东山精密(002384,封单11.51亿)",2026一季报预增(-0.0373)、行业龙头(-0.0457),127110.SZ,广核转债,003816,中国广核,行业龙头,C,概念竞价强度-0.05%,非A档观察,成交额偏低1.4万；剩余规模48.99亿,148.6,151.2,1.7497
2026-04-08,2026-04,观察,32,"东山精密(002384,封单11.51亿)",2026一季报预增(-0.0373)、行业龙头(-0.0457),128136.SZ,立讯转债,002475,立讯精密,行业龙头,C,概念竞价强度-0.05%,非A档观察,成交额偏低2.5万；剩余规模29.85亿,125.35,128.279,2.3367
2026-04-09,2026-04,主买,1,"中恒电气(002364,封单10.42亿)",其他电源设备(0.1296)、其他电源设备Ⅲ(0.1296),123241.SZ,欧通转债,300870,欧陆通,其他电源设备、其他电源设备Ⅲ,A,概念竞价强度0.13%,,成交额偏低17.0万,731.455,750.0,2.5354
2026-04-09,2026-04,主买,2,"中恒电气(002364,封单10.42亿)",其他电源设备(0.1296)、其他电源设备Ⅲ(0.1296),123271.SZ,通合转债,300491,通合科技,其他电源设备、其他电源设备Ⅲ,A,概念竞价强度0.13%,,,,,
2026-05-06,2026-05,观察,1,"东阳光(600673,封单12.61亿)、通富微电(002156,封单11.04亿)",消毒剂(0.0511)、国家大基金持股(-0.0123),113681.SH,镇洋转债,603213,镇洋发展,消毒剂,B,概念竞价强度0.05%,非A档观察,成交额偏低0.5万,142.743,142.956,0.1492
2026-05-06,2026-05,观察,2,"东阳光(600673,封单12.61亿)、通富微电(002156,封单11.04亿)",消毒剂(0.0511)、国家大基金持股(-0.0123),123124.SZ,晶瑞转2,300655,晶瑞电材,国家大基金持股,C,概念竞价强度-0.01%,非A档观察,成交额偏低1.1万,141.2,145.101,2.7627
2026-05-06,2026-05,观察,3,"东阳光(600673,封单12.61亿)、通富微电(002156,封单11.04亿)",消毒剂(0.0511)、国家大基金持股(-0.0123),123176.SZ,精测转2,300567,精测电子,国家大基金持股,C,概念竞价强度-0.01%,非A档观察,成交额偏低6.6万；剩余规模12.75亿,332.0,321.0,-3.3133
2026-05-18,2026-05,观察,1,"合肥城建(002208,封单8.83亿)",租售同权(0.0636)、物业管理(0.0236),110817.SH,保利定转,600048,保利发展,物业管理、租售同权,B,概念竞价强度0.06%,非A档观察,剩余规模85.00亿,,,
2026-05-18,2026-05,观察,2,"合肥城建(002208,封单8.83亿)",租售同权(0.0636)、物业管理(0.0236),110818.SH,华发定转,600325,华发股份,物业管理、租售同权,B,概念竞价强度0.06%,非A档观察,剩余规模48.00亿,,,
2026-05-21,2026-05,观察,1,"京东方Ａ(000725,封单22.2亿)",民营医院(-0.0157)、光纤概念(-0.0279),113610.SH,灵康转债,603669,灵康药业,民营医院,C,概念竞价强度-0.02%,非A档观察,成交额偏低0.2万,122.902,121.73,-0.9536
2026-05-21,2026-05,观察,2,"京东方Ａ(000725,封单22.2亿)",民营医院(-0.0157)、光纤概念(-0.0279),113678.SH,中贝转债,603220,中贝通信,光纤概念,C,概念竞价强度-0.03%,非A档观察,成交额偏低3.1万,196.7,187.055,-4.9034
2026-05-21,2026-05,观察,3,"京东方Ａ(000725,封单22.2亿)",民营医院(-0.0157)、光纤概念(-0.0279),118053.SH,正帆转债,688596,正帆科技,光纤概念,C,概念竞价强度-0.03%,非A档观察,成交额偏低3.2万；剩余规模10.41亿,163.7,155.391,-5.0757
2026-05-21,2026-05,观察,4,"京东方Ａ(000725,封单22.2亿)",民营医院(-0.0157)、光纤概念(-0.0279),118072.SH,鼎通转债,688668,鼎通科技,光纤概念,C,概念竞价强度-0.03%,非A档观察,,,,
2026-05-21,2026-05,观察,5,"京东方Ａ(000725,封单22.2亿)",民营医院(-0.0157)、光纤概念(-0.0279),123065.SZ,宝莱转债,300246,宝莱特,民营医院,C,概念竞价强度-0.02%,非A档观察,成交额偏低0.4万,128.463,126.6,-1.4502
2026-05-21,2026-05,观察,6,"京东方Ａ(000725,封单22.2亿)",民营医院(-0.0157)、光纤概念(-0.0279),123090.SZ,三诺转债,300298,三诺生物,民营医院,C,概念竞价强度-0.02%,非A档观察,成交额偏低0.1万,114.47,113.971,-0.4359
2026-05-21,2026-05,观察,7,"京东方Ａ(000725,封单22.2亿)",民营医院(-0.0157)、光纤概念(-0.0279),123253.SZ,永贵转债,300351,永贵电器,光纤概念,C,概念竞价强度-0.03%,非A档观察,成交额偏低2.9万,150.6,141.6,-5.9761
2026-05-21,2026-05,观察,8,"京东方Ａ(000725,封单22.2亿)",民营医院(-0.0157)、光纤概念(-0.0279),124003.SZ,必创定转,300667,必创科技,光纤概念,C,概念竞价强度-0.03%,非A档观察,,,,
2026-05-21,2026-05,观察,9,"京东方Ａ(000725,封单22.2亿)",民营医院(-0.0157)、光纤概念(-0.0279),124011.SZ,必创定02,300667,必创科技,光纤概念,C,概念竞价强度-0.03%,非A档观察,,,,
2026-06-09,2026-06,观察,1,"圣泉集团(605589,封单7.19亿)",先进封装(-0.0465)、存储芯片(-0.0497),111025.SH,圣泉转债,605589,圣泉集团,先进封装、存储芯片,C,概念竞价强度-0.05%,非A档观察,剩余规模25.00亿,,,
2026-06-09,2026-06,观察,2,"圣泉集团(605589,封单7.19亿)",先进封装(-0.0465)、存储芯片(-0.0497),118058.SH,微导转债,688147,微导纳米,先进封装、存储芯片,C,概念竞价强度-0.05%,非A档观察,成交额偏低14.3万；剩余规模11.70亿,333.0,354.227,6.3745
2026-06-09,2026-06,观察,3,"圣泉集团(605589,封单7.19亿)",先进封装(-0.0465)、存储芯片(-0.0497),118064.SH,联瑞转债,688300,联瑞新材,先进封装、存储芯片,C,概念竞价强度-0.05%,非A档观察,成交额偏低10.8万,434.95,445.808,2.4964
2026-06-09,2026-06,观察,4,"圣泉集团(605589,封单7.19亿)",先进封装(-0.0465)、存储芯片(-0.0497),118501.SH,华海定转,688535,华海诚科,先进封装、存储芯片,C,概念竞价强度-0.05%,非A档观察,,,,
2026-06-09,2026-06,观察,5,"圣泉集团(605589,封单7.19亿)",先进封装(-0.0465)、存储芯片(-0.0497),123176.SZ,精测转2,300567,精测电子,先进封装、存储芯片,C,概念竞价强度-0.05%,非A档观察,成交额偏低7.9万；剩余规模12.75亿,367.23,389.747,6.1316
2026-06-09,2026-06,观察,6,"圣泉集团(605589,封单7.19亿)",先进封装(-0.0465)、存储芯片(-0.0497),123255.SZ,鼎龙转债,300054,鼎龙股份,先进封装、存储芯片,C,概念竞价强度-0.05%,非A档观察,成交额偏低7.3万,349.0,352.948,1.1312
2026-06-09,2026-06,观察,7,"圣泉集团(605589,封单7.19亿)",先进封装(-0.0465)、存储芯片(-0.0497),111010.SH,立昂转债,605358,立昂微,存储芯片,C,概念竞价强度-0.05%,非A档观察,强赎中；成交额偏低51.2万；退市日期2026-06-18,199.997,218.981,9.4921
2026-06-09,2026-06,观察,8,"圣泉集团(605589,封单7.19亿)",先进封装(-0.0465)、存储芯片(-0.0497),118011.SH,银微转债,688689,银河微电,先进封装,C,概念竞价强度-0.05%,非A档观察,成交额偏低1.7万,138.999,140.127,0.8115
2026-06-09,2026-06,观察,9,"圣泉集团(605589,封单7.19亿)",先进封装(-0.0465)、存储芯片(-0.0497),118018.SH,瑞科转债,688323,瑞华泰,先进封装,C,概念竞价强度-0.05%,非A档观察,强赎中；成交额偏低37.7万；退市日期2026-07-06,165.0,172.296,4.4218
2026-06-09,2026-06,观察,10,"圣泉集团(605589,封单7.19亿)",先进封装(-0.0465)、存储芯片(-0.0497),118025.SH,奕瑞转债,688301,奕瑞科技,先进封装,C,概念竞价强度-0.05%,非A档观察,强赎中；成交额偏低6.3万；退市日期2026-07-06,149.0,150.463,0.9819
2026-06-09,2026-06,观察,11,"圣泉集团(605589,封单7.19亿)",先进封装(-0.0465)、存储芯片(-0.0497),118033.SH,华特转债,688268,华特气体,存储芯片,C,概念竞价强度-0.05%,非A档观察,强赎中；成交额偏低0.0万；退市日期2026-06-10,,,
2026-06-09,2026-06,观察,12,"圣泉集团(605589,封单7.19亿)",先进封装(-0.0465)、存储芯片(-0.0497),118053.SH,正帆转债,688596,正帆科技,存储芯片,C,概念竞价强度-0.05%,非A档观察,成交额偏低10.0万；剩余规模10.41亿,149.813,160.642,7.2283
2026-06-09,2026-06,观察,13,"圣泉集团(605589,封单7.19亿)",先进封装(-0.0465)、存储芯片(-0.0497),118056.SH,路维转债,688401,路维光电,先进封装,C,概念竞价强度-0.05%,非A档观察,成交额偏低6.0万,280.0,291.543,4.1225
2026-06-09,2026-06,观察,14,"圣泉集团(605589,封单7.19亿)",先进封装(-0.0465)、存储芯片(-0.0497),118057.SH,甬矽转债,688362,甬矽电子,先进封装,C,概念竞价强度-0.05%,非A档观察,强赎中；成交额偏低21.1万；退市日期2026-06-16,190.0,200.387,5.4668
2026-06-09,2026-06,观察,15,"圣泉集团(605589,封单7.19亿)",先进封装(-0.0465)、存储芯片(-0.0497),118059.SH,颀中转债,688352,颀中科技,先进封装,C,概念竞价强度-0.05%,非A档观察,成交额偏低7.0万,198.197,202.504,2.1731
2026-06-09,2026-06,观察,16,"圣泉集团(605589,封单7.19亿)",先进封装(-0.0465)、存储芯片(-0.0497),118062.SH,天准转债,688003,天准科技,先进封装,C,概念竞价强度-0.05%,非A档观察,成交额偏低8.5万,275.555,264.263,-4.0979
2026-06-09,2026-06,观察,17,"圣泉集团(605589,封单7.19亿)",先进封装(-0.0465)、存储芯片(-0.0497),123076.SZ,强力转债,300429,强力新材,先进封装,C,概念竞价强度-0.05%,非A档观察,成交额偏低1.2万,130.761,133.99,2.4694
2026-06-09,2026-06,观察,18,"圣泉集团(605589,封单7.19亿)",先进封装(-0.0465)、存储芯片(-0.0497),123121.SZ,帝尔转债,300776,帝尔激光,先进封装,C,概念竞价强度-0.05%,非A档观察,强赎中；退市日期2026-06-11,,,
2026-06-09,2026-06,观察,19,"圣泉集团(605589,封单7.19亿)",先进封装(-0.0465)、存储芯片(-0.0497),123124.SZ,晶瑞转2,300655,晶瑞电材,存储芯片,C,概念竞价强度-0.05%,非A档观察,成交额偏低0.9万,137.949,142.699,3.4433
2026-06-09,2026-06,观察,20,"圣泉集团(605589,封单7.19亿)",先进封装(-0.0465)、存储芯片(-0.0497),123158.SZ,宙邦转债,300037,新宙邦,先进封装,C,概念竞价强度-0.05%,非A档观察,成交额偏低7.9万；剩余规模18.05亿,236.175,247.66,4.8629
2026-06-09,2026-06,观察,21,"圣泉集团(605589,封单7.19亿)",先进封装(-0.0465)、存储芯片(-0.0497),123165.SZ,回天转债,300041,回天新材,先进封装,C,概念竞价强度-0.05%,非A档观察,成交额偏低1.0万,137.692,142.278,3.3306
2026-06-09,2026-06,观察,22,"圣泉集团(605589,封单7.19亿)",先进封装(-0.0465)、存储芯片(-0.0497),123195.SZ,蓝晓转02,300487,蓝晓科技,存储芯片,C,概念竞价强度-0.05%,非A档观察,成交额偏低0.9万,141.8,142.52,0.5078
2026-06-09,2026-06,观察,23,"圣泉集团(605589,封单7.19亿)",先进封装(-0.0465)、存储芯片(-0.0497),123267.SZ,珂玛转债,301611,珂玛科技,存储芯片,C,概念竞价强度-0.05%,非A档观察,成交额偏低21.8万,260.999,271.48,4.0157
2026-06-09,2026-06,观察,24,"圣泉集团(605589,封单7.19亿)",先进封装(-0.0465)、存储芯片(-0.0497),124007.SZ,雷科定转,002413,雷科防务,存储芯片,C,概念竞价强度-0.05%,非A档观察,,,,
2026-06-09,2026-06,观察,25,"圣泉集团(605589,封单7.19亿)",先进封装(-0.0465)、存储芯片(-0.0497),124012.SZ,雷科定02,002413,雷科防务,存储芯片,C,概念竞价强度-0.05%,非A档观察,,,,
2026-06-09,2026-06,观察,26,"圣泉集团(605589,封单7.19亿)",先进封装(-0.0465)、存储芯片(-0.0497),124019.SZ,容大定转,300576,容大感光,先进封装,C,概念竞价强度-0.05%,非A档观察,,,,
2026-06-09,2026-06,观察,27,"圣泉集团(605589,封单7.19亿)",先进封装(-0.0465)、存储芯片(-0.0497),127038.SZ,国微转债,002049,紫光国微,存储芯片,C,概念竞价强度-0.05%,非A档观察,成交额偏低1.0万；剩余规模14.92亿,130.046,133.933,2.9889
2026-06-09,2026-06,观察,28,"圣泉集团(605589,封单7.19亿)",先进封装(-0.0465)、存储芯片(-0.0497),127064.SZ,杭氧转债,002430,杭氧股份,存储芯片,C,概念竞价强度-0.05%,非A档观察,成交额偏低0.7万；剩余规模11.36亿,139.0,140.828,1.3151
2026-06-30,2026-06,主买,1,"水晶光电(002273,封单7.79亿)",光学元件(0.7389)、苹果概念(0.2104),110101.SH,宝钛转债,600456,宝钛股份,苹果概念,A,概念竞价强度0.21%,,剩余规模35.00亿,,,
2026-06-30,2026-06,主买,2,"水晶光电(002273,封单7.79亿)",光学元件(0.7389)、苹果概念(0.2104),111012.SH,福新转债,605488,福莱新材,苹果概念,A,概念竞价强度0.21%,,成交额偏低15.3万,269.0,293.944,9.2729
2026-06-30,2026-06,主买,3,"水晶光电(002273,封单7.79亿)",光学元件(0.7389)、苹果概念(0.2104),113046.SH,金田转债,601609,金田股份,苹果概念,A,概念竞价强度0.21%,,成交额偏低1.2万；剩余规模14.99亿,128.999,133.384,3.3993
2026-06-30,2026-06,主买,4,"水晶光电(002273,封单7.79亿)",光学元件(0.7389)、苹果概念(0.2104),118024.SH,冠宇转债,688772,珠海冠宇,苹果概念,A,概念竞价强度0.21%,,成交额偏低1.9万；剩余规模30.89亿,126.96,129.91,2.3236
2026-06-30,2026-06,主买,5,"水晶光电(002273,封单7.79亿)",光学元件(0.7389)、苹果概念(0.2104),118061.SH,茂莱转债,688502,茂莱光学,光学元件,A,概念竞价强度0.74%,,成交额偏低29.8万,221.0,263.852,19.39
2026-06-30,2026-06,主买,6,"水晶光电(002273,封单7.79亿)",光学元件(0.7389)、苹果概念(0.2104),118062.SH,天准转债,688003,天准科技,苹果概念,A,概念竞价强度0.21%,,成交额偏低13.2万,281.475,312.023,10.8528
2026-06-30,2026-06,主买,7,"水晶光电(002273,封单7.79亿)",光学元件(0.7389)、苹果概念(0.2104),118066.SH,统联转债,688210,统联精密,苹果概念,A,概念竞价强度0.21%,,成交额偏低0.4万,132.5,136.74,3.2
2026-06-30,2026-06,主买,8,"水晶光电(002273,封单7.79亿)",光学元件(0.7389)、苹果概念(0.2104),123138.SZ,丝路转债,300556,丝路视觉,苹果概念,A,概念竞价强度0.21%,,成交额偏低0.2万,123.648,124.118,0.3801
2026-06-30,2026-06,主买,9,"水晶光电(002273,封单7.79亿)",光学元件(0.7389)、苹果概念(0.2104),123176.SZ,精测转2,300567,精测电子,苹果概念,A,概念竞价强度0.21%,,成交额偏低19.8万；剩余规模12.75亿,508.0,537.278,5.7634
2026-06-30,2026-06,主买,10,"水晶光电(002273,封单7.79亿)",光学元件(0.7389)、苹果概念(0.2104),123193.SZ,海能转债,300787,海能实业,苹果概念,A,概念竞价强度0.21%,,成交额偏低0.3万,123.356,124.456,0.8917
2026-06-30,2026-06,主买,11,"水晶光电(002273,封单7.79亿)",光学元件(0.7389)、苹果概念(0.2104),123237.SZ,佳禾转债,300793,佳禾智能,苹果概念,A,概念竞价强度0.21%,,成交额偏低0.4万,128.688,130.79,1.6334
2026-06-30,2026-06,主买,12,"水晶光电(002273,封单7.79亿)",光学元件(0.7389)、苹果概念(0.2104),123262.SZ,神宇转债,300563,神宇股份,苹果概念,A,概念竞价强度0.21%,,成交额偏低3.1万,131.963,140.305,6.3215
2026-06-30,2026-06,主买,13,"水晶光电(002273,封单7.79亿)",光学元件(0.7389)、苹果概念(0.2104),128136.SZ,立讯转债,002475,立讯精密,苹果概念,A,概念竞价强度0.21%,,成交额偏低4.0万；剩余规模29.85亿,138.4,141.0,1.8786
