ts_code,chairman,manager,secretary,reg_capital,setup_date,province,city,introduction,main_business,business_scope,employees
000050.SZ,成为,王磊,陈冰峡,245774.7661,19831108,广东,深圳市,"公司成立于1983年，1995年在深圳证券交易所上市（证券简称：深天马A，证券代码：000050），是一家在全球范围内提供全方位的客制化显示解决方案和快速服务支持的创新型科技企业。

聚焦产品，不断创新
公司将手机显示、车载显示作为核心业务，将IT显示作为快速增长的关键业务，将专业显示、横向细分市场、非显业务等作为增值业务，同时开展生态拓展，公司积极把握5G、AIoT等市场增长机会，市场和行业地位稳步提升：从2017年第四季度起，公司LTPS智能手机面板出货量已连续五年保持全球第一，实现了行业主流品牌客户LTPS手机全覆盖；车载前装显示出货量市占率逐年提升，2020年开始登顶全球第一；2022年刚性AMOLED智能穿戴面板出货量达到全球第一；专业显示产品出货量已持续多年保持全球第一，在医疗、智能家居、工业移动手持等多个细分市场均保持全球领先。公司致力于不断创新，更好地服务客户与应用领域的差异化需求。

深耕技术数十载
公司坚持创新驱动，持续加大研发投入，加强前瞻性技术布局与产品技术开发，通过技术创新实现产品领先，现已自主掌握 TN/STN、TFT-LCD、AMOLED、柔性显示、折叠显示、Micro/Mini LED、触控一体化技术、HTD、CFOT、屏下摄像头、屏下指纹识别、智能传感等诸多国际先进、国内领先的行业前沿及量产技术，并多次获得创新产品与应用奖项。公司在先进技术方面的长期积累和持续投入为应用领域的创新发展奠定基础。

富有前瞻性的战略布局
经过数十年的耕耘，公司产线组合完善并不断加大对全球先进技术和高端产线的投入，已形成从无源、a-Si TFT-LCD、LTPS TFT-LCD到AMOLED的中小尺寸全领域主流显示技术的布局，产业基地分布在深圳、上海、成都、武汉、厦门、芜湖、日本等七地，并在德国、美国、日本、韩国、印度等国家以及中国香港地区设有全球营销网络和技术服务支持平台，支持了众多国内外品牌客户的定制化解决方案和整体市场布局的快速切换，高效满足客户需求。

展望未来，服务全球
展望未来，天马持续以全球领先为目标，坚持“2+1+N”战略引领，不断提升技术、产品和服务能力，持续深耕中小尺寸显示领域，持续扩大全球各领域业务的深入布局。公司将适当拓展中小尺寸边界，充分利用与整合全球资源、前瞻性技术优势及质量优势，在全球范围内提供显示解决方案和快速服务支持，向着全球显示领域领先企业的战略目标加速迈进。",制造销售各类液晶显示器及其与之相关的材料、设备和产品。,从事显示器件及相关的材料、设备、产品的设计、制造、销售；提供相关技术开发、技术咨询、技术服务和技术转让；信息技术服务、咨询服务；普通货运；代理销售、代理采购显示器件及相关材料(不含限制项目)；设备租赁(不含金融租赁)；自有物业租赁；经营进出口业务(法律、行政法规、国务院决定禁止的项目除外，限制的项目须取得许可后方可经营)。,23538
000063.SZ,徐子阳,徐子阳,丁建中,478353.4887,19971111,广东,深圳市,"中兴通讯是全球领先的综合通信解决方案提供商。公司成立于1985年，是在香港和深圳两地上市的大型通讯设备公司。公司通过为全球160多个国家和地区的电信运营商和企业网客户提供创新技术与产品解决方案，让全世界用户享有语音、数据、多媒体、无线宽带等全方位沟通。中兴通讯拥有通信业界完整的、端到端的产品线和融合解决方案，通过全系列的无线、有线、业务、终端产品和专业通信服务，灵活满足全球不同运营商和企业网客户的差异化需求以及快速创新的追求。目前，中兴通讯已全面服务于全球主流运营商及企业网客户，智能终端发货量位居美国前四。中兴通讯坚持以持续技术创新为客户不断创造价值。公司在美国、瑞典、中国等地设立全球研发机构，3万余名国内外研发人员专注于行业技术创新。中兴通讯PCT国际专利申请三度居全球首位，位居""全球创新企业70强""与""全球ICT企业50强""。目前中兴通讯拥有超过7.2万件全球专利申请、已授权专利超过3.3万件，连续8年稳居PCT国际专利申请全球前三。公司依托分布于全球的107个分支机构，凭借不断增强的创新能力、突出的灵活定制能力、日趋完善的交付能力赢得全球客户的信任与合作。","投资兴办实业,电子及通信设备零部件的销售。",生产程控交换系统、多媒体通讯系统、通讯传输系统；研制、生产移动通信系统设备、卫星通讯、微波通讯设备、寻呼机，计算机软硬件、闭路电视、微波通信、信号自动控制、计算机信息处理、过程监控系统、防灾报警系统、新能源发电及应用系统等项目的技术设计、开发、咨询、服务；铁路、地下铁路、城市轨道交通、公路、厂矿、港口码头、机场的有线无线通信等项目的技术设计、开发、咨询、服务（不含限制项目）；通信电源及配电系统的研发、生产、销售、技术服务、工程安装、维护；数据中心基础设施及配套产品（含供配电、空调制冷设备、冷通道、智能化管理系统等）的研发、生产、销售、技术服务、工程安装、维护；电子设备、微电子器件的购销（不含专营、专控、专卖商品）；承包境外及相关工程和境内国际招标工程，上述境外工程所需的设备，材料进出口，对外派遣实施上述境外工程的劳务人员；电子系统设备的技术开发和购销（不含限制项目及专营、专控、专卖商品）；经营进出口业务（按贸发局核发的资格证执行）；电信工程专业承包（待取得资质证书后方可经营）；自有房屋租赁；认证服务；房地产开发经营。公司可根据国内外市场的变化、业务发展和自身能力，经股东会和有关政府部门批准后，依法变更经营范围和调整经营方式。,65095
000100.SZ,王成,王成,廖骞,2080086.2447,19820311,广东,惠州市,公司是中国最大的、全球性规模经营的消费类电子企业集团之一。公司已形成多媒体、通讯、华星光电和TCL家电、通力电子五大产业集团，及产品业务领域，服务业务领域和创投及投资业务三大业务领域。公司位于中国百强品牌第六位，连续九年蝉联中国彩电业第一品牌。,半导体显示业务、TCL多媒体电子、TCL通讯科技、家电集团、通力电子以及商用系统业务群和部品及材料业务群;互联网应用及服务事业本部、销售及物流服务业务群、以及TCL金融;创投及投资业务群。,研究、开发、生产、销售：半导体、电子产品及通讯设备、新型光电、液晶显示器件、货物及技术进出口，创业投资业务及创业投资咨询，为创业企业提供创业管理服务，参与发起创业投资机构与投资管理顾问机构，不动产租赁、提供信息系统服务、提供会务服务、提供电子计算机技术服务和电子产品技术开发服务、软件产品的开发及销售、专利转让、代理报关服务、提供顾问服务、支付结算。（以工商主管部门核准的经营范围为准）。,71419
000725.SZ,陈炎顺,冯强,郭红,3704432.8064,19930409,北京,北京市,"京东方科技集团股份有限公司创立于1993年4月,是一家为信息交互和人类健康提供智慧端口产品和专业服务的物联网公司。核心事业包括端口器件、智慧物联、智慧医工三大领域。端口器件事业包括显示与传感器件、传感器及解决方案,其产品广泛应用于手机、平板电脑、笔记本电脑、显示器、电视、车载、可穿戴设备等领域。智慧物联事业包括智造服务、IoT解决方案和数字艺术,可为智慧零售、智慧金融、数字艺术、智慧交通、智慧教育、智慧能源、商务办公、智慧家居等细分领域提供物联网整体解决方案。在数字艺术领域,BOE(京东方)推出数字艺术物联网产品——BOE画屏,实现科技与艺术完美结合;在商超零售等领域,BOE(京东方)提供价格管理、货架管理、客户行为分析等物联网新零售解决方案,实现零售O+O无缝衔接。智慧医工事业包括移动健康和健康服务。BOE(京东方)已推出移动健康管理平台,通过智能终端进行健康数据检测,基于人工智能和大数据算法,为用户提供生命体征数据监测解读、AI疾病风险预测、专家健康课程以及在线问诊、体检挂号等就医服务,让用户足不出户即可享受个性化的家庭健康管理服务。健康服务创新性的融合医疗、信息、人工智能和细胞工程等技术,聚焦数字医院、再生医学等领域,为客户提供全方位、全生命周期的健康管理方案。2017年,BOE(京东方)新增专利申请量8678件,其中发明专利超85%,累计可使用专利数量超过6万件,位居全球业内前列。2018年上半年,BOE(京东方)新增专利申请4810件,新增专利授权2611件。",光电子与显示器件、显示信息终端设备。,制造电子产品、通信设备、机械电器设备、五金交电、建筑材料、纸制品、工业气体、工具模具、蒸汽热汽、制造电子计算机软硬件；购销电子产品、通信设备、电子计算机软硬件；计算机数据处理；设计、销售机械电器设备、五金交电、建筑材料、纸制品、工业气体、工具模具、蒸汽热汽；技术开发、技术咨询、技术服务、技术转让、技术培训；承办展览展销活动；自营和代理各类商品和技术的进出口，但国家限定公司经营或禁止进出口的商品和技术除外；无线电寻呼业务；自有房产的物业管理（含房屋出租）；机动车停车服务；企业管理咨询；经营电信业务。（公司经营范围最终以公司登记机构核准的结果为准）,109895
000777.SZ,马瀛,,匡小兰,38341.7593,19970702,江苏,苏州市,"中核苏阀科技实业股份有限公司是承袭中国核工业集团公司苏州阀门厂的品牌、质保、技术制造和管理诸优势的基础上创立的股份有限公司,是中国阀门行业和核工业系统的首家上市公司,目前公司能制造碳钢、不锈钢、超低碳不锈钢、合金钢、蒙乃尔、钛等特殊合金材料的阀门,能够承接各类大工程阀门的订单.作为阀门行业的龙头企业,公司拥有十五家集商贸、机械制造、生物技术、核辐射利用等子公司的大型企业。",工业用阀门的设计研发、产品制造和销售经营。,工业用阀门、设计、制造、销售；金属制品、电机厂品的设计、制造、加工、销售；与本企业相关行业的投资、汽车货运；辐照加工、辐照产品及放射性同位素的研究开发应用；经营本企业自产产品及技术的出口业务；经营本企业生产、科研所需的原辅材料、仪器仪表、机械设备、零配件及技术的进口业务（国家限定公司经营和国家禁止进出口的商品及技术除外）；经营进料加工和“三来一补”的业务；泵、管道设计、制造、销售；压力容器设计、销售。（依法须经批准的项目，经相关部门批准后方可开展经营活动）许可项目:特种设备安装改造修理;特种设备检验检测;民用核安全设备安装;民用核安全设备无损检验;检验检测服务(依法须经批准的项目，经相关部门批准后方可开展经营活动，具体经营项目以审批结果为准)一般项目:电子、机械设备维护(不含特种设备)；通用设备修理;金属制品修理;专用设备修理;电气设备修理;仪器仪表修理;深海石油钻探设备制造;技术服务、技术开发、技术咨询、技术交流、技术转让、技术推广(除依法须经批准的项目外，凭营业执照依法自主开展经营活动)。,1041
000837.SZ,马旭耀,刘金勇,李静,102314.5837,19980710,陕西,宝鸡市,"秦川机床工具集团股份公司是一家齿轮磨床企业.其主要产品有机床类、进出口贸易和原材料贸易等.公司作为国家唯一定点生产磨齿机的企业,精密磨齿机已经形成七大系列产品,磨齿机产量占国内企业总产量的75%左右,价值份额在50%左右.是国家级企业技术中心和国家级高新技术企业,也是我国齿轮磨床的龙头企业.2010年,公司又成功申报2011年国家科技重大专项2项(""高效、精密齿轮、齿圈磨齿机""、""数控螺旋锥齿轮磨床"");陕西省13115科技创新工程项目1项(""YK39250大规格数控高效内齿轮铣齿机研制、大型数控圆锥齿轮铣齿机"").公司""适用于大批量精密齿轮磨削的数控蜗杆砂轮磨齿机技术及产品""项目获得""国家工业大奖项目表彰奖"",重大专项产品""大型数控圆锥齿轮磨齿机""获得了""第十二届中国国际工业博览会""最高奖--金奖。",精密数控机床、塑料机械、精密齿轮件、液压件、液压系统及电梯曳引机。,通用及专用设备制造；黑色及有色金属加工；汽车零部件及配件制造；铁路、船舶、航空航天和其他运输设备的配件制造；金属制品；塑料制品；计算机、通信和其他电子设备制造；仪器仪表制造；软件和信息技术服务业；机械和设备修理；融资租赁；道路货物运输；投资与咨询服务；货物、技术的进出口经营（国家禁止和限制的货物、技术除外）及代理业务。（依法须经批准的项目，经相关部门批准后方可开展经营活动）,9203
000977.SZ,彭震,胡雷钧,许燕燕,146847.6655,19981028,山东,济南市,"浪潮电子信息产业股份有限公司,浪潮是中国领先的云计算、大数据服务商,拥有浪潮信息、浪潮软件、浪潮国际、华光光电四家上市公司,业务涵盖云数据中心、云服务大数据、智慧城市、智慧企业四大产业群组,为全球100多个国家和地区提供IT产品和服务,全方位满足政府与企业信息化需求。2018年,浪潮明确提出以数据为核心,基于全球领先的云数据中心平台和云服务平台,打造平台生态型企业,携手合作伙伴构建数据社会化大生态,加快向云服务、大数据、智慧城市“新三大运营商”转型,致力于成为“云+数”新型互联网企业。",计算机软、硬件及其他信息产品的开发、生产、销售以及系统集成等。,一般项目：计算机软硬件及外围设备制造；计算机软硬件及辅助设备批发；计算机软硬件及辅助设备零售；互联网设备销售；互联网设备制造；软件开发；软件销售；通信设备制造；通信设备销售；通用设备制造（不含特种设备制造）；电子专用材料制造；电子专用材料研发；电子专用材料销售；制冷、空调设备制造；制冷、空调设备销售；钟表与计时仪器制造；钟表与计时仪器销售；计算器设备销售；玩具制造；玩具销售；教学用模型及教具制造；教学用模型及教具销售；技术服务、技术开发、技术咨询、技术交流、技术转让、技术推广；计算机及通讯设备租赁；计算机及办公设备维修；非居住房地产租赁；工程和技术研究和试验发展；工程管理服务；信息系统集成服务；变压器、整流器和电感器制造；配电开关控制设备制造；配电开关控制设备销售；电池制造；电池销售；锻件及粉末冶金制品制造；锻件及粉末冶金制品销售；金属结构制造；金属结构销售；玻璃制造；金属材料制造；金属材料销售；喷涂加工；云计算设备制造；云计算设备销售；信息技术咨询服务；网络技术服务；智能控制系统集成；信息安全设备制造；信息安全设备销售；网络与信息安全软件开发；数字视频监控系统制造；数字视频监控系统销售（除依法须经批准的项目外，凭营业执照依法自主开展经营活动）许可项目：进出口代理；技术进出口；货物进出口；各类工程建设活动；建设工程设计；建筑智能化系统设计；建筑智能化工程施工（依法须经批准的项目，经相关部门批准后方可开展经营活动，具体经营项目以审批结果为准）。,6896
000988.SZ,马新强,马新强,刘含树,100550.2707,19990728,湖北,武汉市,"华工科技产业股份有限公司是国家重点高新技术企业、国家“863”高技术成果产业化基地、中国激光行业的领军企业、中国电子信息企业百强。公司于1999年成立,2000年在深交所上市,是华中地区高校背景的上市企业,也是中国资本市场上以激光为主业的高科技企业。",激光器、激光加工设备及成套设备、激光全息综合防伪标识、激光全息综合防伪烫印箔及包装材料、光器件与光通信模块、光学元器件、电子元器件。,一般项目：光通信设备制造；智能基础制造装备制造；金属切割及焊接设备制造；光电子器件制造；电子元器件制造；移动终端设备制造；智能车载设备制造；新型膜材料制造；光学仪器制造；光学玻璃制造；汽车零部件及配件制造；计算机软硬件及外围设备制造；专用设备制造（不含许可类专业设备制造）；通用设备制造（不含特种设备制造）；第一类医疗器械生产；工程和技术研究和试验发展；机械设备研发；电子专用材料研发；新兴能源技术研发；激光打标加工；金属表面处理及热处理加工；淬火加工；人工智能行业应用系统集成服务；软件开发；信息系统集成服务；工业设计服务；物联网应用服务；5G通信技术服务；创业投资（限投资未上市企业）；自有资金投资的资产管理服务；融资咨询服务；智能基础制造装备销售；电子元器件与机电组件设备销售；技术玻璃制品销售；包装材料及制品销售；新型膜材料销售；第二类医疗器械销售；第一类医疗器械销售；货物进出口；技术进出口；进出口代理；国内贸易代理；销售代理；采购代理服务；技术服务、技术开发、技术咨询、技术交流、技术转让、技术推广。（除许可业务外，可自主依法经营法律法规非禁止或限制的项目）许可项目：包装装潢印刷品印刷；第三类医疗器械经营；第三类医疗器械生产；第二类医疗器械生产。（依法须经批准的项目，经相关部门批准后方可开展经营活动，具体经营项目以相关部门批准文件或许可证件为准）,9462
002008.SZ,高云峰,高云峰,杜永刚,102960.3408,19990304,广东,深圳市,"大族激光科技产业集团股份有限公司1996年创立于中国深圳,世界排名前三的工业激光加工设备生产厂商。公司于2004年在深圳证券交易所上市,目前全球员工超过1万人,总资产逾70亿元。大族激光为国内外客户提供一整套激光加工解决方案及相关配套设施,主要产品包括激光打标机系列、激光焊接机系列、激光切割机系列、新能源激光焊接设备、激光演示系列、PCB钻孔机系列、工业机器人等多个系列200余种工业激光设备及智能装备解决方案。公司产品涉及IT制造、新能源动力电池制造、电子电路、仪器仪表、计算机制造、手机通讯、家电厨卫、汽车配件、精密器械、建筑建材、五金工具、服装服饰、城市灯光、珠宝首饰、工艺礼品、食品及医药包装等多个行业。大族激光在国内拥有行业内完善的销售及售后服务网点,覆盖全国范围,海外拥有数十家分支机构及代理,并成立了专门的行业服务部门,为不同行业的客户提供激光加工工艺分析和全方位的激光应用解决方案,使激光技术与各行业的制造工艺实现无缝对接。大族激光目前拥有上千人的研发团队,800多项国内外专利和106项计算机软件著作权,其中多项核心技术处于国际领先水平。公司与全国多所著名大学等建立了战略合作关系,联合成立相关实验室及人才培养基地等项目。生产方面依据ISO9001质量控制体系和ISO14001环境管理体系,对产品在其来料、加工、整机、出货各环节严格把控,确保产品性能和质量,且多个系列产品获得过欧盟CE认证。",激光加工设备的研发、制造及销售。,许可经营项目：激光、机器人及自动化技术在智能制造领域的系统解决方案；激光雕刻机、激光焊接机、激光切割机、激光器及相关元件（不含限制项目）、机器人相关产品的研发、生产和销售；普通货运。一般经营项目：经营进出口业务；物业租赁。（法律、行政法规、国务院决定禁止的项目除外，限制的项目须取得许可后方可经营）,20961
002025.SZ,李凌志,邹作涛,张旺,45536.202,20011230,贵州,贵阳市,"贵州航天电器股份有限公司,中国航天科工集团上市公司。全国五一劳动奖状获得者、国家认定企业技术中心、国家精密微特电机工程技术研究中心、中国电子元件百强企业、国家创新型企业、国家技术创新示范企业、全国企事业知识产权示范创建单位、国家级智能制造新模式应用示范企业。中国驰名商标。航天电器始终坚守“致力高科技领域,追求卓越、共享成就”的使命,在高端连接器、继电器、微特电机、光电、线缆组件、二次电源、控制组件和遥测系统等领域从事研制生产和技术服务,是国内集科研、生产于一体的电子元器件骨干企业之一。现已在贵阳、上海、遵义、苏州、泰州、镇江等地成立控股子公司,形成了集团化、跨地域、专业优势互补的产业化布局。产品广泛应用于航空、航天、船舶、兵器、核能、电子、通讯、医疗、轨道交通、能源装备、网络设备、家用电器、以及新能源汽车等各个领域。近年来,先后承担了载人航天、探月、北斗、大飞机和高分辨率对地观测系统等国家重大工程和重大专项配套产品研制生产任务。",高端继电器、连接器、微特电机、光电子产品、电缆组件的研制、生产和销售,电子元器件制造；电力电子元器件制造；电子元器件与机电组件设备制造、光电子器件制造；光通信设备制造；微特电机及组件制造；电机制造；发电机及发电机组制造；伺服控制机构制造；机械电气设备制造；工业自动控制系统装置制造；电子专用设备制造；软件开发、智能控制系统集成；信息系统集成服务；工业机器人制造；电工机械专用设备制造；汽车零部件及配件制造；仪器仪表制造；密封件制造；货物进出口；技术进出口；工程和技术研究和试验发展；电线电缆制造、集成电路芯片及产品制造；通用零部件制造；金属材料制造；液压动力机械及元件制造；气压动力机械及元件制造（除依法须经批准的项目外，凭营业执照依法自主开展经营活动）。,5805
002085.SZ,赵亚红,余登峰,李亚,212329.752,20010930,浙江,绍兴市,"浙江万丰奥威汽轮股份有限公司创建于1997年,由万丰奥特控股集团联合中国汽车技术研究中心等发起设立,以专业生产汽车铝合金车轮起步,经过十八年的发展,已实现铝轮、环保涂覆、镁合金材料的三项行业领跑。
公司拥有浙江、山东、宁波、吉林、重庆、广东七家生产基地,美国、英国、加拿大、墨西哥、印度五家海外公司,已具备年3500万件的铝轮产能,建立完善的开发、制造、营销服务体系,并拥有自营进出口权,“ZCW”产品作为中国名牌、出口名牌,销往美国、日本、德国、法国、俄国、韩国、巴西等三十多个国家和地区,是宝马、奔驰、路虎、通用、福特、大众、大发、现代等体系的优秀配套商。",汽车铝合金车轮的研发、制造、销售。,汽车铝合金车轮及零部件的生产、销售及技术咨询、技术服务；经营进出口业务(范围详见《中华人民共和国进出口企业资格证书》)，投资管理，投资咨询（未经金融等监管部门批准，不得从事向公众融资存款、融资担保、代客理财等金融服务）。（依法须经批准的项目，经相关部门批准后方可开展经营活动）,10715
002130.SZ,周和平,易华蓉,邱微,139988.7362,19980619,广东,深圳市,"深圳市沃尔核材股份有限公司(简称:沃尔核材,股票代码:002130)是国家重点支持发展的高新技术企业,专业从事高分子核辐射改性新材料及系列电子、电力新产品和新设备的研发、制造和销售。
公司产品包括:热缩套管、热缩母排、热缩电缆附件、冷缩电缆附件、电缆分支箱、环网柜、高低压开关柜、WQFB全绝缘封闭母线、环保高温硅胶电线、耐高温聚四氟乙烯套管、导体连接管、热缩复合双壁管、硅橡胶管、聚四氟乙烯套管、民用防滑花纹管、无卤环保PE交联电线等2500多种产品,广泛应用于电子、电力、冶金、石化、汽车、高铁、煤矿及航天航空等领域,销售分公司遍及全国40多个大中城市,产品远销欧美、东南亚等60多个国家和地区,其质量稳定、性能可靠,已形成沃尔品牌效应。
公司拥有全部产品自主知识产权和多项国际、国内发明和专利,通过ISO9001和ISO14001和ISO/TS16949国际认证、UL认证、CSA认证、KEMA认证、SGS环保检测、国家电力工业部电器设备质量检测及国家强制性产品(3C)认证。引进国际先进每台价值近千万元电子加速器多台,是国内热缩材料及产品的生产基地,其中热缩套管产销量连续三年蝉联,居全国同行业之首,被中国工经联认定为创中国企业新纪录。与中科院电工所共同完成的国家863计划""高温超导电缆""是当时世界上长的高温超导电缆,处于世界领先地位。
公司先后获得了""广东省著名商标""、""中国具竞争力中小企业500强""、""中国自主创新能力行业十强""、""深圳市自主创新百强中小企业""、""具影响力的深圳知名品牌""、""深圳市首届AAA进出口诚信企业""、""科技创新大奖""、""深圳市企业新纪录""金奖、""杰出中小企业""、""深圳市诚信企业""、""深圳市科技进步奖""等荣誉称号。
公司以""诚信共赢""的经营思想,吸纳和培养优秀人才。众多的产业发展,为各类人才提供了广阔的舞台。
公司倡导科技创新引领行业发展,诚信经营推动社会进步,勇于承担社会责任,奉献爱心。
沃尔核材将秉持“企业成功、员工幸福、保护环境、回报社会”的核心文化理念,凭借品牌、技术、人才、市场、服务等强大实力,恪守“诚信、尊重、高效、合作、创新”的核心价值观,全力打造一个行业地位领先、竞争优势显著、企业特色鲜明、受社会尊重、引员工自豪的优质企业。","辐射改性热缩材料、冷缩材料的研发、生产与销售;及系列电子、电力新产品和新设备的研发、制造和销售,是电子、电力等行业的基础材料和产品供应商。",一般经营范围：化工产品，高压电器设备，铜铝连接管，电池隔膜，橡胶新材料及原、辅材料、制品及线路防护元器件的购销（以上均不含专营、专控、专卖商品及限制项目）；投资风力发电项目；经营进出口业务（法律、行政法规、国务院决定禁止的项目除外，限制的项目须取得许可后方可经营）；高端控制、自动化设备的研发、集成；本公司产品的安装、维修及相关技术的咨询，高低压输配电设备购销。许可经营项目：热缩材料、冷缩材料、阻燃材料、绝缘材料、耐高温耐腐蚀新型材料、套管、电缆附件、电缆分支箱、热缩材料电子线和电源连接线、环保高温辐射线缆、有机硅线缆、有机氟线缆、热缩材料生产辅助设备、通信产品及设备的技术开发、生产及购销，高低压输配电设备生产制造，电力金具的研发、生产及销售。绝缘防水包材、电工材料、防水涂料、板材、工程塑料、水暖器材、塑料管道及配件生产销售。,8735
002151.SZ,周儒欣,周儒欣,潘国平,54291.0913,20000925,北京,北京市,"北京北斗星通导航技术股份有限公司成立于2000年,是我国卫星导航产业首家上市公司。公司始终高擎“共同的北斗、共同的梦想”的旗帜,践行“诚信、务实、坚韧”企业核心价值观,以推动北斗产业化应用、助力导航产业发展为己任,为全球用户提供卓越的导航定位产品、解决方案及服务。今天的北斗星通已成为一家总资产超60亿元,员工人数逾4000人的国际化导航产业集团。公司旗下企业遍布中国,延伸至北美、欧洲,形成了基础产品、汽车电子、国防业务、行业应用及运营服务四大业务板块。2016年,公司成功引入“国家集成电路产业投资基金”(简称“大基金”)为北斗星通第二大股东,成为业内唯一获国家大基金支持企业。北斗星通始终坚持“用户是上帝、合作伙伴是朋友、竞争对手是导师、前进中的敌人是自己”的经营理念,集聚了“千人计划”、科技部创新人才推进计划、北京市科技领军人才等一批业内一流人才;取得了一批高水平研发成果(获得两次国家科技进步奖),其卫星导航芯片、板卡、天线等基础产品在各行业得到广泛应用。多年形成的“产品+系统应用+运营服务”的业务模式不断深化,四大业务板块协调发展,为我国北斗导航产业发展做出了卓越贡献。","面向高端专业应用领域,围绕卫星导航定位“产品+系统应用+运营服务”展开。主要包括:卫星导航定位产品、基于位置的信息系统应用和基于位置的运营服务三大业务。",开发导航定位应用系统及软硬件产品、基于位置的信息系统、地理信息系统和产品、遥感信息系统和产品、通信系统和产品、计算机软硬件系统和产品、自动控制系统和产品、组合导航系统和产品；生产和销售开发后的产品；基于位置的信息系统的系统集成、施工、技术服务；货物进出口、技术进出口、代理进出口；技术检测；技术开发；出租办公用房；出租商业用房；物业管理。（以市场监督管理局核定为准）,2656
002281.SZ,黄宣泽,胡强高,向明,82756.5038,20010122,湖北,武汉市,"武汉光迅科技股份有限公司成立于2001年,前身是1976年成立的邮电部固体器件研究所,2009年8月登陆深圳证券交易所,成为国内上市的光电子器件公司。2012年12月,光迅科技和武汉电信器件有限公司(WTD)重组合并,推动企业在产业规模、技术研发等方面的快速发展。2013年,公司收购丹麦IPX公司,切入核心芯片技术,进军高端无源芯片市场。2016年,增资大连藏龙光电子科技有限公司,并与法方合资成立阿尔玛伊科技公司。根据OVUM等第三方机构的统计数据,2016年,光迅科技市场份额继续保持全球前五。
作为光电子器件研发的先行者,光迅科技先后承担“863计划”、“973计划”等各类国家级项目一百余项,累计起草国家标准和通信行业标准一百五十项,申请国内外专利一千余件。在由中国通信学会光通信委员会、亚太光通信委员会联合主办,亚太光通信委员会、网络电信信息研究院承办的“中国光通信发展与竞争力论坛”上,公司连续十年排名“中国光器件与辅助设备和原材料最具竞争力企业10强”榜首,并被国家发改委、科技部等联合授予“国家认定企业技术中心”、“国家技术创新示范企业”称号。
通过持续不断的技术积累,光迅科技形成了半导体材料生长、半导体工艺与平面光波导技术、光学设计与高密封装技术、热分析与机械设计技术、高频仿真与设计技术、软件控制与子系统开发技术六大核心技术工艺平台,拥有业界先进的端到端产品线和整体解决方案,具备从芯片到器件、模块、子系统全系列产品的垂直整合能力,灵活满足客户的差异化需求。
完善的自主技术创新体系,推动光迅科技始终走在光电子器件领域的前列,赢得客户的信赖与合作。公司产品应用于世界各地,除全面覆盖国内各省级市场外,在欧、美等海外市场也占据重要市场份额,为全球二十多个国家(地区)的四十余家主流通信厂商提供创新的技术应用和可靠的解决方案,帮助人们便捷沟通,缩短与信息世界的距离。",光通信领域内光电子器件的研究、开发、制造和技术服务。,信息技术领域光电器件技术及产品的研制、生产、销售和相关技术服务；信息系统的工程设计、施工、系统集成；信息咨询服务；计算机软、硬件研制、开发、系统集成；网络及数据通信产品的开发、生产、销售；软件开发与技术服务；安全技术防范产品的生产、销售；（国家有专项规定的从其规定）。自营和代理各类货物和技术的进出口业务（除国家限定公司经营或禁止进出口的货物及技术）。,4945
002371.SZ,赵晋荣,董博宇,王晓宁,72483.2616,20010928,北京,北京市,"北方华创科技集团股份有限公司是由北京七星华创电子股份有限公司和北京北方微电子基地设备工艺研究中心有限责任公司战略重组而成。北方华创秉承七星电子和北方微电子多年高科技研发实力,实现资源整合和优势互补,以科技创新为基点,着眼未来,致力于加快推进北方华创向新型制造业的战略转型;致力于成为国际领先的高端电子工艺装备和精密电子元器件两大基础电子产品服务商;致力于提升人类智能生活品质;致力于实现中国“智造强国”的梦想蓝图。北方华创拥有半导体装备、真空装备、新能源锂电装备及精密元器件四个事业群,为半导体、新能源、新材料等领域提供全方位整体解决方案。",从事基础电子产品的研发、生产、销售和技术服务业务。主要产品为大规模集成电路制造设备、混合集成电路和电子元件。,组装生产集成电路设备、光伏设备、TFT 设备、真空设备、锂离子电池设备、流量计、电子元器件；销售集成电路设备、光伏设备、TFT 设备、真空设备、锂离子电池设备、流量计、电子元器件；技术咨询、技术开发、技术转让；经济贸易咨询；投资及投资管理；货物进出口；技术进出口；代理进出口。（企业依法自主选择经营项目，开展经营活动；依法须经批准的项目，经相关部门批准后依批准的内容开展经营活动；不得从事本市产业政策禁止和限制类项目的经营活动。）,21101
002407.SZ,李云峰,李云峰,彭超,119043.2569,19991221,河南,焦作市,"多氟多新材料股份有限公司成立于1999年12月21日,2010年5月18日在深圳证券交易所成功挂牌交易,股票代码002407。产品涉及高性能无机氟化物、电子化学品、锂离子电池及相关材料生产研发等领域,荣获“国家科技进步二等奖”“全国先进基层党组织”等荣誉称号。公司坚持科技创新,走出一条“技术专利化、专利标准化、标准国际化”的发展路线。申报专利618项,授权专利397项。主持制、修订了100余项国家、行业标准,拥有国家认定企业技术中心、国家认可实验室、河南省含氟精细化学品工程实验室、河南省无机氟化学工程技术研究中心等研发平台,是全国有色金属标准样品定点研制单位、全国化学标准化委员会无机分会氟化盐工作组召集单位、国际ISO/TC226氟化盐工作组召集单位。先后承担国家“863”计划、国家战略性新兴产业、国家强基工程等国家级项目16项,科技成果20项。从氟化工出发,向新能源进军。公司实现了从化学到电化学,从氟化工到新能源的转型发展。",冰晶石、氟化铝等无机氟化物产品的研发、生产和销售业务。,许可项目：危险化学品生产；危险化学品经营；包装装潢印刷品印刷；文件、资料等其他印刷品印刷；建设工程施工。（依法须经批准的项目，经相关部门批准后方可开展经营活动，具体经营项目以相关部门批准文件或许可证件为准）一般项目：电子专用材料制造；电子专用材料销售；专用化学产品制造（不含危险化学品）；专用化学产品销售（不含危险化学品）；基础化学原料制造（不含危险化学品等许可类化学品的制造）；合成材料制造（不含危险化学品）；合成材料销售；电池制造；电池销售；技术进出口；货物进出口；技术服务、技术开发、技术咨询、技术交流、技术转让、技术推广；有色金属合金制造；有色金属合金销售；新型陶瓷材料销售；半导体照明器件制造；软件开发；软件销售。（除依法须经批准的项目外，凭营业执照依法自主开展经营活动）（以市场监督管理局核定为准）。,8040
002520.SZ,吴捷,吴捷,祁兵,75024.5171,20001228,浙江,绍兴市,"浙江日发精密机械股份有限公司成立于2000年,是浙江省机械行业的骨干企业和原国家机械部数控机床重要制造基地、国家级CIMS工程示范企业、国家级高新技术企业,也是国内一家能够同时生产立式数控车床、卧式数控车床、立式加工中心、卧式加工中心、龙门加工中心和落地式镗铣床的企业。经过近十年的奋斗,目前已进入了全国普及型数控机床前五强,被中国机床工业协会评为“中国机床行业数控机床产值十佳企业、综合经济效益十佳企业”。",数控机床的研发、制造和销售。,"数控机床、机械产品的研发、生产、销售,航空零部件的研发、加工、销售，航天、航空器及设备的研发、生产、销售，计算机软硬件的研发、销售，经营进出口业务（范围详见《中华人民共和国进出口企业资格证书》。",705
002594.SZ,王传福,王传福,李黔,911719.7565,19950210,广东,深圳市,比亚迪股份有限公司是一家中国公司，主要从事交通运输设备制造与销售业务。该公司还从事电子元器件和日用电子器件制造与销售业务。该公司的产品包括二次充电电池及光伏产品、手机部件及组装，以及汽车及相关产品等。该公司主要于中国、美国及欧洲开展业务。,"二次充电电池业务、手机部件及组装业务,以及包含传统燃油汽车及新能源汽车在内的汽车业务。",锂离子电池以及其他电池、充电器、电子产品、仪器仪表、柔性线路板、五金制品、液晶显示器、手机零配件、模具、塑胶制品及其相关附件的生产、销售；3D眼镜、GPS导航产品的研发、生产及销售；货物及技术进出口（不含分销、国家专营专控商品）；作为比亚迪汽车有限公司比亚迪品牌乘用车、电动车的总经销商，从事上述品牌的乘用车、电动车及其零部件的营销、批发和出口，提供售后服务；电池管理系统、换流柜、逆变柜/器、汇流箱、开关柜、储能机组的销售；汽车电子装置研发、销售；新能源汽车关键零部件研发以及上述零部件的关键零件、部件的研发、销售；轨道交通运输设备（含轨道交通车辆、工程机械、各类机电设备、电子设备及零部件、电子电气件、轨道交通信号系统、通信及综合监控系统与设备）的研发、设计、销售、租赁与售后服务（不涉及国营贸易管理商品，涉及配额、许可证管理及其他专项管理的商品，按国家有关规定办理申请）；轨道梁柱的研发、设计、销售；自有物业租赁（物业位于大鹏新区葵涌街道延安路一号比亚迪工业园内及龙岗区龙岗街道宝龙工业城宝荷路3001号比亚迪工业园内）；广告设计、制作、代理及发布；信息与技术咨询、技术服务。,869622
002708.SZ,李树华,郑伟强,汪建,56209.7967,19950422,江苏,常州市,"常州光洋轴承股份有限公司坐落于江苏常州,地处沪宁高铁中部,城际高铁至上海、南京仅需1小时车程。自1994年成立以来一直从事汽车精密轴承的研发、制造与销售,主要产品为滚针轴承、滚子轴承、离合器分离轴承与轮毂轴承单元、同步器中间环及工程机械轴承等,产品主要运用于汽车变速器、离合器、重卡车桥和轮毂等重要总成,是主机的重要部件。公司是国内汽车变速器用滚针轴承、滚子轴承以及离合器分离轴承的主要供应商之一,客户包括一汽、东风、上汽、长安、重汽、奇瑞、吉利、长城等整车集团和陕西法士特、綦江齿轮、上海汽车变速器、重庆青山等国内最大的重卡、客车、轿车、微型车变速器主机厂配套,同时延伸至采埃孚、伊顿、爱信(唐山)、格特拉克(江西)等国际著名的变速器主机厂。",汽车精密轴承的研发、制造与销售。,轴承、汽车配件、金属加工机械、工具、模具、机械零部件的制造、销售；汽车的销售；轴承的技术咨询、技术服务；自营和代理各类商品和技术的进出口，但国家限定公司经营或禁止进出口的商品和技术除外。（依法须经批准的项目，经相关部门批准后方可开展经营活动）,4219
002733.SZ,何天龙,何天龙,刘刚,38421.4913,19941103,广东,深圳市,"深圳市雄韬电源科技股份有限公司,全球知名的智慧储能解决方案服务企业之一,1994年成立于深圳,现有员工近4000人。2014年于深交所上市,股票代码002733,2016年销售额达25亿。雄韬集团旗下拥有Vision(威神)、SENRY(三瑞)、Euroba(尤诺)三大国际知名品牌。公司拥有三大研发生产基地——深圳雄韬科技园、越南雄韬科技园以及湖北雄韬生产基地,总占地面积260,000m2,集团铅酸年产能达600万KVAH,锂电年产能达11亿Wh。在中国大陆、中国香港、新加坡、印度、欧洲以及美国等地均设有分公司或办事处,服务网络遍布全球100多个国家和地区。","阀控式密封铅酸蓄电池的研发、生产和销售,持有国家质量技术监督检验检疫总局签发的《全国工业产品生产许可证》(证书编号:XK06-006-00970),许可生产产品:铅酸蓄电池。",一般经营项目：研制、开发、销售、改进电源开关及检测设备及零配件，各种电源零配件，新型充电电池，锌离子电池，动力电池系统、电池管理系统，风力发电机组，太阳能、风能、生物质能、海洋能、风光互补供电系统及其系列产品（以上不含专营、专控、专卖商品及限制项目）；新能源节能技术开发、节能技术服务、节能技术咨询、方案设计；合同能源管理；风电场、新能源用户侧并网及并网电站的投资、设计、技术咨询与企业管理；施工总承包、专业承包；经营进出口业务。社会经济咨询服务；信息咨询服务（不含许可类信息咨询服务）；市场营销策划；市场调查（不含涉外调查）；会议及展览服务；广告设计、代理；广告制作。（除依法须经批准的项目外，凭营业执照依法自主开展经营活动）；电气设备销售；储能技术服务；智能输配电及控制设备销售；物联网技术服务；物联网应用服务；配电开关控制设备销售；光伏设备及元器件销售；光伏发电设备租赁；信息系统集成服务；智能控制系统集成。（除依法须经批准的项目外，凭营业执照依法自主开展经营活动）许可经营项目：开发、生产、销售、维修、租赁阀控式密封铅酸蓄电池及相关系统和零部件、锂离子电池及系统和零部件、燃料电池及系统和零部件、UPS（不间断电源）及零部件、储能电池及系统和零部件、风力发电机组及电动车、充电桩、盒及配套系统（不含易燃易爆有毒危险品及其他限制项目）；锂离子电池、锂聚合物电池、燃料电池等新能源电池的梯次利用、处置的技术研发、生产和销售；充电站投资建设、经营及维护；普通货运。供电业务。（依法须经批准的项目，经相关部门批准后方可开展经营活动，具体经营项目以相关部门批准文件或许可证件为准）,3122
002747.SZ,吴波,吴侃,肖婷婷,96779.8453,20020226,江苏,南京市,"南京埃斯顿自动化股份有限公司创建于1993年,受益于国家改革开放的发展机遇以及创业团队历经20多年的努力奋斗,目前不仅成为国内高端智能装备核心控制功能部件领军企业之一,而且已在自身核心零部件优势基础上强势进入工业机器人产业,华丽转身为具有自主技术和核心零部件的国产机器人主力军企业。2015年3月20日,埃斯顿自动化在深圳证券交易所正式挂牌上市(股票简称:埃斯顿股票代码:002747),成为中国拥有完全自主核心技术的国产机器人主流上市公司之一。公司现为国家认定的高新技术企业、拥有国家企业博士后工作站、3个江苏省工程技术中心、江苏省省级企业技术中心、国家机械行业工程技术中心,国家锻压机械行业标准委员会功能部件专业分会,中国工业机器人产业联盟副理事长,江苏省工业机器人专业委员会理事长单位,国际机器人协会(IFR)中国会员。同时,公司先后多次承担国家重大科技项目的研发任务,包括工信部04专项(基础装备和数控机床重大专项),科技部863高科技专项2个,江苏省成果转化产业化项目2个等等。先后独家或牵头制定多项数控设备和数控系统的国家或行业标准;拥有数百项国内外专利。长期以来,埃斯顿自动化秉承“专注、诚信、共成长”的价值观,始终坚持以客户需求为指引的全球资源整合及自主技术创新,推出了一系列拥有独特竞争优势的智能装备自动化及工业机器人完整解决方案,目前已形成了二大业务模块:1)智能装备核心功能部件模块包括数控系统、电液伺服系统、交流伺服系统及运动控制解决方案;2)工业机器人及智能制造系统模块包括机器人本体、机器人标准化工作站及智能制造系统。","从事高端智能机械装备及其核心控制和功能部件的研发、生产和销售,并为客户提供个性化、多样化、系统化智能装备自动化控制解决方案的高新技术企业。",生产、开发、服务各类机电一体化产品、自动控制、运动控制、驱动装置、计算机应用软件、伺服液压控制及系统集成；销售自产产品；自营和代理各类商品和技术的进出口业务。（依法须经批准的项目，经相关部门批准后方可开展经营活动）一般项目：工业机器人制造；智能机器人的研发；人工智能应用软件开发；工业互联网数据服务；电子元器件制造（除依法须经批准的项目外，凭营业执照依法自主开展经营活动）,3261
002979.SZ,李卫平,李卫平,向少华,31496.6247,20070109,广东,深圳市,深圳市雷赛智能控制股份有限公司是智能装备运动控制领域的知名品牌和行业领军企业。自1997年成立以来，雷赛一直以“聚焦客户关注的挑战和压力，提供有竞争力的运动控制产品与解决方案，持续为客户创造最大价值！”为企业使命，以“成就客户、共创共赢”为企业经营理念，聚焦于伺服电机驱动系统、步进电机驱动系统、运动控制卡、运动控制器等系列精品的研发、生产、销售和服务，并通过锲而不舍、点点滴滴的持续努力来成就客户梦想和实现共同成长。经过二十二年如一日的产品创新、市场开拓和应用服务，雷赛已经成为产销规模先进的运动控制产品和解决方案提供商。由于雷赛产品兼具稳定可靠和性能优越的双重优势，在电子、机器人、机床、激光、医疗、纺织等行业获得上万家优秀设备厂家的长期使用，且远销美国、德国、印度等60多个国家。,为智能制造装备业提供运动控制核心部件及行业运动控制解决方案。,驱动器、电机、运动控制系统及组件、专用控制系统的技术开发、生产、销售；工业自动化装置和仪表、微电脑系统软硬件、计算机软件的技术开发和销售，其他国内贸易（不含专营、专控、专卖商品及限制项目）；经营进出口业务。在深圳市南山区西丽街道松白公路百旺信工业区五区 22 栋 1-5 层设有经营场所从事生产经营活动。,1580
300003.SZ,蒲忠杰,蒲绯,江维娜,184342.4716,19990611,北京,北京市,"乐普(北京)医疗器械股份有限公司创立于1999年,股份制集团上市公司,北京市重点总部企业,国家心脏病植介入诊疗器械及设备工程技术研究中心,北京市心脏病介入诊疗设备工程技术研究中心,心脏病植介入诊疗器械及设备北京市国际科技合作基地,中关村国家自主创新示范区“十百千工程”重点培育企业,北京市著名商标,国家火炬计划重点高新技术企业,央视财经50指数2014年度50只样本股,北京市专利示范单位,国家高新技术企业。国家知识产权优势企业国家知识产权优势企业。
公司通过坚持技术创新、质量领先、合作共赢的发展之路,乐普医疗集团正努力建立中国领先的包括器械、制药、医疗服务和移动医疗四位一体的心血管全产业链平台型企业。让更多患者及时、有效、安全得到先进医疗技术进步带来的益处。",冠状动脉介入医疗器械的研发、生产和销售,生产、销售医疗器械及其配件；医疗器械及其配件的技术开发；提供自产产品的技术咨询服务；上述产品的进出口；技术进出口；佣金代理（不含拍卖、涉及配额许可证管理、专项规定管理的商品按国家有关规定办理）。（市场主体依法自主选择经营项目，开展经营活动；依法须经批准的项目，经相关部门批准后依批准的内容开展经营活动；不得从事国家和本市产业政策禁止和限制类项目的经营活动。）,8689
300007.SZ,任红军,李志刚,肖锋,32744.5619,19980911,河南,郑州市,"汉威科技集团股份有限公司(股票代码:300007)是一家值得信赖的创新型科技公司,国内知名的气体传感器及仪表制造商、物联网解决方案提供商,创业板首批上市公司,致力于创造安全、环保、健康、智慧的工作和生活环境。汉威围绕物联网产业,将感知传感器、智能终端、通讯技术、地理信息和云计算、大数据等技术紧密结合,打造汉威云,建立完整的物联网产业链,结合环保治理、节能技术,以客户价值为导向,为智慧城市、安全生产、环境保护、民生健康提供完善的解决方案。汉威产品和系统解决方案已应用于全球近百个国家,建立了以传感器为核心,覆盖多门类检测仪表及行业物联网应用的整体布局;应用行业分布广泛,涵盖石油、化工、冶金、环保、采矿、电子、电力、制药、食品、医疗卫生、农业、燃气、市政工程、家庭安全与健康、公用场所、道路安全管理、污水处理、生物科学、航天航空、军事反恐等领域,用于防火防爆、环境检测、预防中毒、污染监测、环境治理、改善人居环境,为行业客户HSE管理体系的建立、工业、民用和个人安全防护提供适合、优质、高性价比的产品与方案。为环境检测与治理,健康家居生活、提供完善的解决方案和服务。","气体传感器、气体检测仪器仪表的研发、生产、销售及自营产品出口,主要产品是气体传感器、气体检测仪器仪表(及控制系统)。",许可项目：建设工程施工（除核电站建设经营、民用机场建设）；建筑智能化系统设计；建设工程设计；特种设备检验检测（依法须经批准的项目，经相关部门批准后方可开展经营活动，具体经营项目以相关部门批准文件或许可证件为准）一般项目：技术进出口；货物进出口；消防技术服务；技术服务、技术开发、技术咨询、技术交流、技术转让、技术推广；电子元器件制造；集成电路芯片设计及服务；智能仪器仪表制造；智能仪器仪表销售；光电子器件制造；光电子器件销售；光学仪器制造；光学仪器销售；环境监测专用仪器仪表制造；实验分析仪器制造；实验分析仪器销售；电子产品销售；安全系统监控服务；消防器材销售；智能家庭消费设备销售；安防设备制造；安防设备销售；交通安全、管制专用设备制造；物联网技术研发；物联网技术服务；软件开发；软件销售；信息系统集成服务；人工智能行业应用系统集成服务；工程和技术研究和试验发展；工程管理服务；非居住房地产租赁；合同能源管理；工业自动控制系统装置制造；工业自动控制系统装置销售；市政设施管理；互联网数据服务；特种劳动防护用品销售；环境保护专用设备制造；环境保护专用设备销售；水环境污染防治服务；大气环境污染防治服务（除依法须经批准的项目外，凭营业执照依法自主开展经营活动）,3129
300015.SZ,陈邦,李力,吴士君,932539.667,20030124,湖南,长沙市,"爱尔眼科医院集团股份有限公司是全球规模领先的眼科医疗连锁机构。爱尔眼科致力于引进和吸收国际同步的眼科技术与医疗管理理念,以专业化、规模化、科学化为发展战略,推动中国眼科医疗事业的发展。通过不断的探索与实践,并充分吸纳国际先进的医疗管理经验的基础上,成功探索出一套适应中国国情和市场环境的眼科医院连锁经营管理模式——“分级连锁”。利用人才、技术和管理等方面的优势,通过全国各连锁医院良好的诊疗质量、优质的医疗服务和专业的市场推广,使爱尔眼科成为全国各地眼科患者信赖的眼科医院。2013年,爱尔眼科医院集团与中南大学联合成立专业的眼科医学院——中南大学爱尔眼科学院,主要培养眼科硕、博士高级医疗人才;2014年,再度与湖北科技大学联合成立爱尔眼视光学院。2011年和2015年,爱尔眼科先后成立“爱尔眼视光研究所”和“爱尔眼科研究所”。至此,爱尔眼科打通了眼科的医、学、研三大领域,学院和研究所的成立将使爱尔眼科的科研及临床水平得到显著提升,并以此推动中国眼科医疗事业的发展和进步。截止2016年,爱尔眼科所属的专业眼科专家和医生团队达到近3000名,包括一大批硕士生导师、博士生导师、博士、博士后、留学欧美的学者以及临床经验丰富的核心专家,是中国眼科领域备受瞩目的有生力量。2014年7月9日,世界银行行长金墉参观考察爱尔眼科长沙医院,并在全球发展中国家推广爱尔眼科独具特色的可持续公益慈善模式。2015年,爱尔眼科收购香港亚洲医疗集团,开启爱尔眼科国际化步伐,2017年,爱尔眼科收购美国知名眼科中心,国际化步伐再下一城。爱尔眼科的发展壮大,始终以“使所有人,无论贫穷富裕,都享有眼健康的权利”为使命,追求社会责任和自身发展的和谐统一,通过开创性的“交叉补贴”模式,一方面为患者提供更高品质的眼科医疗服务,同时全面开展防盲治盲工作、投身社会公益和帮助弱势群体,并联合社会各界,推动整个中国防盲事业的全面发展。",向患者提供各种眼科疾病的诊断、治疗及医学验光配镜等眼科医疗服务。,眼科医院的投资和医院经营管理服务，（不得从事吸收存款、集资收款、受托贷款、发行票据、发放贷款等国家金融监管及财政信用业务）。眼科医疗技术的研究，远程医疗软件的研发、生产、销售；眼科、内科、麻醉科、检验科、影视像科、验光配镜、Ⅲ类医疗器械销售（依法须经批准的项目，经相关部门批准后方可开展经营活动）。,42817
300034.SZ,周武平,周武平,刘彬,79696.1563,20021108,北京,北京市,"北京钢研高纳科技股份有限公司(以下简称“公司”)前身为北京钢研高纳科技有限责任公司,成立于2002年11月8日,2004年经国务院国资委【2004】943号文件批准,由有限责任公司整体改制为股份有限公司。2009年12月公司成功登陆深圳证券交易所创业板(股票代码:300034),成为创业板第二批上市企业之一。公司注册资本422,236,162元。",铸造高温合金制品、变形高温合金制品和新型高温合金材料及制品的生产、销售。,技术服务、技术开发、技术咨询、技术交流、技术转让、技术推广，有色金属合金制造；增材制造；有色金属合金销售；机械零件、零部件加工;有色金属压延加工，高性能有色金属及合金材料销售；高品质特种钢铁材料销售；锻件及粉末冶金制品制造;黑色金属铸造；有色金属铸造；非居住房地产租赁;机械设备租赁；货物进出口。（除依法须经批准的项目外，凭营业执照依法自主开展经营活动）（不得从事国家和本市产业政策禁止和限制类项目的经营活动）,1986
300035.SZ,余新,皮涛,卢焱,68542.6671,20040406,湖南,岳阳市,"湖南中科电气股份有限公司成立于2004年4月,并于2009年12月25日在深交所创业板上市,是国内电磁行业上市公司,是国内电磁冶金行业品牌企业;是致力于电磁冶金整体解决方案、现代物联网整体解决方案、节能减耗整体解决方案的研发和创新,集现代制造和现代服务于一体的高新技术企业和软件企业。公司占地260亩,总建筑面积10万平米,标准厂房6万余平米的电磁产品研发及生产基地。公司主要产品包括中间包通道式感应加热与精炼装置、金属熔炼和连铸电磁搅拌成套装置、起重磁力成套设备、磁力除铁器。其广泛应用于钢铁、交通运输、造船、机械、矿山等行业。公司主导产品国内市场占有率保持在50%-70%,基本替代了国外产品,累计为国家节约外汇20亿元以上,产品远销各个国家和地区。公司研发实力雄厚,注重自主创新。主要技术骨干(力量)多次承担国家“七·五”、“八·五”、“九·五”连铸电磁搅拌装置研制的重大科技攻关课题。目前,公司拥有多项专利和软件著作权等自主知识产权,获得了多项国家、省部委科技奖励,如:荣获2014年“冶金特种大功率电源系统关键技术与装备及其应用”国家技术发明奖二等奖;荣获第16届“两相逆变电源系统及其综合控制方法”中国专利奖金奖;荣获2013年“冶金特种大功率电力电子变换电源拓扑与控制方法及应用”项目中国机械工业科学技术奖一等奖;荣获2012年度“电力电子混合和混杂系统先进控制方法及应用”湖南省技术发明奖一等奖;荣获2010年“大型企业综合电气节能关键技术及应用”国家科学技术进步奖二等奖。",主要从事工业磁力应用技术和产品的研发、生产、销售和服务。,电磁、电气、机械设备的设计、制造及销售（不含卫星广播电视地面接收设施及国家监控电子产品），普通机械加工，机电维修，电磁技术咨询服务，新能源发电与节能装备的研制，计算机系统集成、电子产品、通讯产品的设计、制造及销售，安防工程安装、视频监控系统、智能系统工程的设计、施工及维护，锂离子电池负极材料、纳米材料以及新型石墨（硅基石墨体系复合材料、硅负极）的研究开发、技术转让、技术咨询、生产、加工和销售，自有房屋租赁。,3980
300045.SZ,高小离,王伟,宋龙,66267.5236,20010601,北京,北京市,"北京华力创通科技股份有限公司成立于2001年6月1日,是注册于中关村科技园区的高新技术和“双软”认证企业,具备完整的国防军工准入资质,以及北斗用户终端研发和分理服务资质。
华力创通是国内国防、政府及行业信息化技术与创新应用的领先者。经过近20年的持续科技创新,已经形成卫星导航、卫星移动通信、雷达信号处理和仿真测试四个业务板块。
在国防军工市场,依托核心技术,致力于为我军精确制导武器、电子对抗、航空电子、信息化作战、指挥控制及先进武器系统研制等领域,提供先进的器件、终端、系统和解决方案。
在政府及行业市场,业务涵盖智慧城市、空间信息、应急通信、变形监测、海洋工程等,为客户提供整套系统及解决方案。
未来,华力创通将继续秉承“以创新寻求发展,以发展带动创新”的为导向,坚持自主创新、合作共赢。同时,以产业经营为主体,以技术研究和资本经营为两翼,形成“产业+技术+资本”相生互动、良性循环的业务生态效应,立足国防军工,引领军民融合,推动卫星应用、无人平台产业化发展。",基于计算机技术的仿真测试系统及其相关设备的研发、生产和销售。,橡胶、特种车辆、电子信息系统和产品技术开发；技术推广；技术转让；技术咨询；技术服务；技术培训；技术中介服务；货物进出口；技术进出口；代理进出口；研发和委托加工卫星导航和卫星移动通信设备、惯性导航设备、农机自动驾驶仪、仪器仪表、光纤通道设备、红外热成像仪器、光学仪器设备、光电设备及电子产品；销售自产产品、计算机、软件及辅助设备、卫星导航和卫星移动通信设备、惯性导航设备、农机自动驾驶仪、仪器仪表、光纤通道设备、红外热成像仪器、光学仪器设备、光电设备、电子产品、电子元器件、通讯设备、无人机及零配件、机械设备；计算机系统集成；应用软件服务；出租办公用房；会议服务；承办展览展示活动；委托加工雷达及配套设备；信息系统集成服务；机动车维修；通讯设备维修；航空航天器制造；通信系统设备制造；通信终端设备制造；雷达及配套设备制造；智能无人飞行器制造；电子元件制造；电子设备制造；导航、测绘、气象及海洋专用仪器制造；电气设备修理；集成电路制造；建筑劳务分包；房屋建筑和市政基础设施项目工程总承包；建筑智能化工程施工。（市场主体依法自主选择经营项目，开展经营活动；房屋建筑和市政基础设施项目工程总承包、建筑智能化工程施工、建筑劳务分包以及依法须经批准的项目，经相关部门批准后依批准的内容开展经营活动；不得从事国家和本市产业政策禁止和限制类项目的经营活动。）,696
300101.SZ,梁丽涛,杜辉,梁丽涛（代）,56790.57,20030612,四川,成都市,"成都振芯科技股份有限公司是成立于2003年6月的国家级高新技术企业,注册资本55600万元,于2010年8月在深圳创业板成功上市(股票代码:300101)。公司是入驻国家集成电路设计成都产业化基地的首批企业之一,是四川省第三批建设创新型培育企业、四川省集成电路设计产业技术创新联盟成员单位,也是航空、船舶等国有大型科技工业企业的电子元器件配套定点单位,通过了GB/T19001-2008idtISO9001:2008质量体系认证。公司多年来致力于围绕北斗卫星导航应用的“元器件-终端-系统”产业链提供产品和服务,拥有北斗分理级和终端级的民用运营服务资质,被列为国家重点支持的北斗系列终端产业化基地。主要产品包括北斗卫星导航应用关键元器件、高性能集成电路、北斗卫星导航终端及北斗卫星导航定位应用系统。经过多年的拼搏,公司已发展成为国内综合实力强大、产品系列最全、技术水平领先的北斗关键元器件研发和生产企业之一,自主研制生产的7大类40余种北斗卫星导航应用终端已广泛应用于国防、地质、电力、交通运输、公共安全、通信、水利、林业等专业应用领域。公司拥有视频图像领域雄厚的技术实力,以“视频监控-智能安防”为发展战略,致力于为国内安防监控行业的用户、集成商和渠道商提供全面专业的系统产品、整体解决方案及本地化服务。公司以“高清智能、行业应用、联网扩容”为核心的网络智能安防监控总体解决方案及各种产品已广泛应用于公共安全、金融、交通、能源、城市管理、行政监管、厂矿企业、医院学校、楼宇园区、电信通讯等多个领域。","公司围绕北斗卫星导航应用的“元器件-终端-系统”产业链提供产品和服务,主要从事北斗卫星导航应用关键元器件、特种行业高性能集成电路、北斗卫星导航终端的设计、开发、生产和销售,以及北斗卫星导航定位应用系统的开发和建设。",设计、开发、销售集成电路、微波组件及相关电子器件；设计、开发、生产（另设分支机构或另择经营场地经营）、销售卫星导航应用设备、软件和相关电子应用产品；设计、开发、生产（另设分支机构或另择经营场地经营）、销售监控电视摄像机；软件开发、信息系统集成、工程设计、施工和相关技术服务、技术转让及信息咨询；数据处理、存储服务；货物进出口，技术进出口；电子与智能化工程设计、施工（凭资质证书从事经营）；电信业务代理（凭电信业务代理合同在合同期内经营）；（依法须经批准的项目，经相关部门批准后方可开展经营活动）。,1053
300124.SZ,朱兴明,朱兴明,宋君恩,270760.3944,20030410,广东,深圳市,"深圳市汇川技术股份有限公司自成立以来始终专注于电机驱动与控制、电力电子、工业网络通信等核心技术,坚持技术营销与行业营销,坚持为细分行业提供“工控+工艺”的定制化解决方案及进口替代的经营策略,实现企业价值与客户价值共同成长。经过15年的发展,公司已经从单一的变频器供应商发展成机电液综合产品及解决方案供应商。目前公司主要产品包括:①服务于智能装备领域的工业自动化产品,包括各种变频器、伺服系统、控制系统、工业视觉系统、传感器、高性能电机、高精密丝杠等核心部件及机电液一体化解决方案;②服务于工业机器人领域的核心部件、整机及解决方案,包括机器人专用控制系统、伺服系统、视觉系统、高精密丝杠、SCARA机器人、六关节机器人等;③服务于新能源汽车领域的动力总成产品,包括各种电机控制器、辅助动力系统、高性能电机、DC/DC电源及动力总成系统等;④服务于轨道交通领域的牵引与控制系统,包括牵引变流器、辅助变流器、高压箱、牵引电机和TCMS等;⑤服务于设备后服务市场的工业互联网解决方案,包括工业云、应用开发平台、智能硬件、信息化管理平台等。公司产品广泛应用于新能源汽车、电梯、空压机、工业机器人/机械手、3C制造、锂电池、起重、机床、金属制品、电线电缆、塑胶、印刷包装、纺织化纤、建材、冶金、煤矿、市政、轨道交通等行业。公司是专门从事工业自动化和新能源相关产品研发、生产和销售的国家高新技术企业。掌握了高性能矢量变频技术、PLC技术、伺服技术和永磁同步电机等核心平台技术。截至2017年12月31日,公司拥有已获证书的专利746项,其中发明专利229项,实用新型专利413项,外观专利104项。公司2017年新增发明专利47项,新增实用新型专利46项,新增外观专利23项。",工业自动化控制产品的研发、生产和销售,一般项目：工业自动控制系统装置制造；工业自动控制系统装置销售； 工业控制计算机及系统制造；工业控制计算机及系统销售；智能机器人研发；智能机器人销售；工业机器人制造；工业机器人销售；工业机器人安装、维修； 电机及其控制系统研发；虚拟现实设备制造；输配电及控制设备制造；电机制造；机械电气设备制造；机械设备研发；机械设备销售；其他通用仪器制造；电力电子元器件制造；物联网技术研发；软件开发；物联网设备制造；互联网设备制造；工业互联网数据服务； 智能基础制造装备制造；智能基础制造装备销售；配电开关控制设备制造；配电开关控制设备销售；配电开关控制设备研发；机械电气设备销售；电力电子元器件销售；技术服务、技术开发、技术咨询、技术交流、技术转让、技术推广；货物进出口；技术进出口；企业总部管理；以自有资金从事投资活动；自有资金投资的资产管理服务；非居住房地产租赁（除依法须经批准的项目外，凭营业执照依法自主开展经营活动）。许可项目：电气安装服务（依法须经批准的项目，经相关部门批准后方可开展经营活动，具体经营项目以相关部门批准文件或许可证件为准）。,27292
300161.SZ,陈吉红,田茂胜,陈程,19869.6906,19941018,湖北,武汉市,"武汉华中数控股份有限公司(股票代码:300161)创立于1994年,注册资本1.7279亿元,是“创新型企业”、全国机械工业先进集体、中国机床工具协会副理事长、数控系统分会理事长单位、全国机床数控系统标委会秘书长单位。已获得国家科技进步二等奖1项、省部级科技进步一等奖4项,有9项产品被评为国家级重点新产品,华中数控系统被列入首批自主创新产品目录。2009年,华中数控光荣入选中央建国六十周年成就展和湖北省“荆楚辉煌60名片”。2011年,光荣入选国家“十一五”重大科技成就展。胡锦涛、温家宝、吴邦国、李长春、张德江、刘延东等党和国家领导人先后对华中数控成果进行考察,对华中数控坚持产学研结合,推动科技成果转化,发展国家战略产业,给予高度评价。",数控系统、机电一体化、电子、计算机、激光、通信等技术及产品的开发、研制、技术服务。,许可项目：第二类医疗器械生产（依法须经批准的项目，经相关部门批准后方可开展经营活动，具体经营项目以相关部门批准文件或许可证件为准）。一般项目：第二类医疗器械销售；数控系统、机器人、智能生产线、新能源汽车设计和配套产品、机电一体化、电子、计算机、激光、通信、工业软件、红外等技术及产品的开发、研制、生产、技术服务；开发产品的销售；机械及静电喷塑加工；经营本企业和成员企业自产产品及技术的出口业务；经营本企业和成员企业科研生产所需的原辅材料、仪器仪表、机械设备、零配件及技术的进出口业务（国家限定公司经营和国家禁止进出口的商品除外）（除依法须经批准的项目外，凭营业执照依法自主开展经营活动）。,2736
300224.SZ,王庆凯,李志强,于在海,93070.0417,20000406,山东,烟台市,"烟台正海磁性材料股份有限公司产品被广泛应用于信息产业、汽车行业、电力设备、家用电器、石油化工、机械制造、航空航天、医疗器械等领域,产品综合品质达到世界一流水平,赢得了国内外客户的一致赞誉。公司与中国五矿合资成立了江华正海五矿新材料有限公司,延伸了公司产业线,增强了公司综合竞争力。",高性能钕铁硼永磁材料和新能源汽车电机驱动系统的研发、生产、销售和服务。,生产销售各种磁性材料及相关元器件；货物和技术的进出口（国家禁止的除外，需许可证经营的，凭许可证经营）。,3318
300238.SZ,张永明,赵峰,徐庆荣,26515.5701,19991022,广东,广州市,"冠昊生物科技股份有限公司愿与后来者分享创业经验,成立了集合各种资源的、高效的、有深度和广度的产业化转化平台——广东冠昊生命健康科技园,致力于搭建专业的生命健康产业领域科技成果产业化转化的平台,吸纳、扶植众多生命健康领域的科技项目和小微企业来园区创业。",再生医学材料及再生型医用植入器械的研发、生产与销售。,研究、开发、生产：II、III 类：（2017年医疗器械分类目录）13 无源植入器械，14 注输、护理和防护器械；6846 植入材料和人工器官，6864 医用卫生材料及敷料；三类、二类：植入材料和人工器官，医用卫生材料及敷料、药品的批发、零售（不设店铺）；药品生产；销售自产产品及提供服务；自有资产对外投资，高新技术成果和创业型科技企业、高新技术企业的孵化及投资；生物科技、医药医疗等领域技术开发、咨询、转让和服务；管理信息咨询；自有固定资产（包括房屋、仪器设备）的出售及租赁；技术进出口、货物进出口。（依法须经批准的项目，经相关部门批准后方可开展经营活动）,535
300274.SZ,曹仁贤,曹仁贤,陆阳,207321.1424,20070711,安徽,合肥市,"阳光电源股份有限公司是一家专注于太阳能、风能、储能等新能源电源设备的研发、生产、销售和服务的国家重点高新技术企业。主要产品有光伏逆变器、风能变流器、储能系统、新能源汽车驱动系统,并致力于提供全球一流的光伏电站解决方案。自1997年成立以来,公司始终专注于新能源发电领域,坚持以市场需求为导向、以技术创新作为企业发展的动力源,培育了一支研发经验丰富、自主创新能力较强的专业研发队伍;先后承担了20余项国家重大科技计划项目,主持起草了多项国家标准,是行业内为数极少的掌握多项自主核心技术的企业之一。","光伏逆变器、风能变流器及其它电力电源的研发、生产、销售和服务,为可再生能源发电行业用户提供系统解决方案。","新能源发电设备、分布式电源、及其配套产品的研制、生产、销售、服务、系统集成及技术转让;新能源发电工程、制氢系统及新能源汽车充换电设施的设计、开发、投资、建设和经营;电力电子设备、电气传动及控制设备、不间断电源、储能电源、制氢设备、新能源汽车充换电设备及系统、电能质量控制装置的研制、生产及销售;货物或技术进出口(国家禁止或涉及行政审批的货物和技术进出口除外)。(依法须经批准的项目, 经相关部门批准后方可开展经营活动)",19006
300285.SZ,张曦,霍希云,胡俊,99704.8299,20050421,山东,东营市,"山东国瓷功能材料股份有限公司成立于2005年4月,是一家专业从事新材料领域,集研发、生产、销售为一体的高新技术企业。公司产品涵盖电子陶瓷介电材料、结构陶瓷材料(纳米复合氧化锆和氧化铝等)、建筑陶瓷材料(陶瓷墨水、釉料)、电子金属浆料(银浆、铝浆、铜浆、镍浆等)、催化材料(蜂窝陶瓷、分子筛、铈锆固溶体等)等。产品主要应用在电子信息和通讯、生物医药、新能源汽车、建筑材料、汽车及工业催化、太阳能光伏、航空航天等现代高科技领域。公司承建了“山东省电子陶瓷材料工程技术研究中心”和“山东省电子陶瓷材料工程试验室”、“山东省企业技术中心”三大科研平台,持续开展技术创新和产品研发,已累计取得发明专利28项、实用专利51项,其中“一种连续制备钛酸钡粉体的工艺”获得中国专利金奖;公司自主研发项目——“多层陶瓷电容器用钛酸钡基介电陶瓷材料的产业化关键技术及应用”获得了国家科技进步奖二等奖;凭借突出的研发实力,主持制定了《电子工业用高纯钛酸钡》行业标准、《纳米级二氧化钛》和《硅橡胶用气相二氧化硅》国际标准,成为了国内特种陶瓷粉体材料领域的引领者,打破了国外在本领域的垄断地位。",高端功能陶瓷材料的研发、生产和销售,许可项目：第二类医疗器械生产；第三类医疗器械生产；第三类医疗器械经营。(依法须经批准的项目，经相关部门批准后方可开展经营活动，具体经营项目以相关部门批准文件或许可证件为准) 一般项目：新材料技术研发；电子专用材料制造；电子专用材料销售；特种陶瓷制品制造；特种陶瓷制品销售；技术服务、技术开发、技术咨询、技术交流、技术转让、技术推广；货物进出口；第一类医疗器械生产；第一类医疗器械销售；第二类医疗器械销售。(除依法须经批准的项目外，凭营业执照依法自主开展经营活动),5170
300296.SZ,李军,李军,刘阳,271197.7222,19950821,北京,北京市,"利亚德光电股份有限公司成立于1995年,2012年3月在深交所成功上市(股票代码:300296),利亚德承建项目遍布全国,2008年,利亚德承建的北京奥运会巨型LED地屏画卷和梦幻五环向世界展示中国梦;国庆50周年庆典阅兵游行LED彩车以及国庆60周年庆典天安门广场驻立LED大屏,利亚德用实力书写“LED中国制造”;2014年打造APEC2014全新鸟巢LED网幕外观,再次实现从“地面”到“空中”的完美升级,演绎中国风范,APEC风采。","专业从事LED应用产品研发、设计、生产、销售和服务的高新技术企业,致力于为客户提供高效、节能、可靠的LED应用产品及其整体解决方案。公司生产的LED应用产品主要包括LED全彩显示产品、系统显示产品、创意显示产品、LED电视、LED照明产品和LED背光标识系统等六大类。",许可项目：建设工程施工；建设工程设计；电气安装服务；道路货物运输（网络货运）。（依法须经批准的项目，经相关部门批准后方可开展经营活动，具体经营项目以相关部门批准文件或许可证件为准）一般项目：电子专用设备制造；信息技术咨询服务；计算机系统服务；集成电路芯片及产品制造；显示器件制造；显示器件销售；电子产品销售；照明器具销售；租赁服务（不含许可类租赁服务）；货物进出口；技术进出口；广告设计、代理；规划设计管理；文艺创作；专业设计服务；园林绿化工程施工；会议及展览服务；音响设备制造；音响设备销售；通信设备制造；机械设备销售；广播影视设备销售；广播电视设备制造（不含广播电视传输设备）；家用电器制造；家用视听设备销售；计算机软硬件及辅助设备零售；技术服务、技术开发、技术咨询、技术交流、技术转让、技术推广；轨道交通运营管理系统开发；文化用品设备出租；软件开发；动漫游戏开发。（除依法须经批准的项目外，凭营业执照依法自主开展经营活动）（不得从事国家和本市产业政策禁止和限制类项目的经营活动。）,4405
300308.SZ,刘圣,刘圣,王军,111523.4641,20050627,山东,烟台市,中际旭创股份有限公司（SZ：300308）系专业的高速光模块解决方案提供商，是集高端光通信收发模块的研发、设计、封装、测试和销售于一体的技术创新型企业。2017年，中际旭创正式登陆创业板。近年来，中际旭创保持着良好的营收表现和出色的资本运作能力，发挥平台优势，整合产业资源，不断加强光电产业全链条投资布局。,"电机绕组制造装备的研发、设计、生产和销售,光模块生产、销售业务",通信设备制造；光通信设备制造；光通信设备销售；电子元器件制造；电子元器件零售；光电子器件制造；光电子器件销售；集成电路芯片及产品制造；技术服务、技术开发、技术咨询、技术交流、技术转让、技术推广；货物进出口；以自有资金从事投资活动；企业管理；非居住房地产租赁。（除依法须经批准的项目外，凭营业执照依法自主开展经营活动）,11625
300346.SZ,冯剑松,WANG LUPING(王陆平),周建峰,69115.6903,20001228,江苏,苏州市,"江苏南大光电材料股份有限公司(股票代码:300346),成立于2000年,坐落于苏州工业园区,是一家专业从事先进电子材料——高纯金属有机化合物(MO源)的研发、生产和销售的高新技术企业,公司对关键技术拥有完全自主知识产权,亦是全球MO源领导供应商之一。南大光电拥有完善的质量管理体系,公司已经通过ISO9001:2008质量体系认证、ISO14001:2004环境体系认证及OHSAS18001:2007职业健康与安全体系认证。",从事光电新材料MO源的研发、生产和销售。,高新技术光电子及微电子材料的研究、开发、生产、销售，高新技术成果的培育和产业化，实业投资，国内贸易，经营本企业自产产品的出口业务和本企业所需的机械设备、零配件、原辅材料的进口业务。,1422
300378.SZ,叶子祯,叶子祯,林健伟,27155.183,20011226,上海,上海市,"公司是亚太区值得信赖的ERP企业管理软件与服务供应商,是海峡两岸成立较早、用户众多、团队专业、属于中国人的ERP公司,拥有自主的知识产权和创新能力。1982年在台北成立鼎新电脑,1997年开始在国内提供ERP的专业服务。鼎捷软件完全整合两岸资源,致力于实现“让ERP在中国普遍成功”的理想,为国内外众多企业成功地提供了包括ERP在内的专业企业管理软件产品与服务。目前,仅在亚太地区就有超过50,000家客户,其中包括财富五百强的企业也正在通过鼎捷的管理方案而持续获益。2014年1月,鼎捷软件在深圳交易所创业板正式开始挂牌上市,公司跨入全新发展阶段。未来,鼎捷软件将凭借全面的产品系列和创新服务,以技术优势、客户优势和管理优势,抓住国内企业转型升级的有利时机。更在信息化需求迅猛增长下,帮助广大企业提高管理水平、实现管理红利、创造价值优势和国际竞争力。",以自制ERP 软件为核心的企业管理软件的研发、销售、实施及服务。,一般项目：软件销售；软件开发；软件外包服务；计算机软硬件及辅助设备批发；计算机软硬件及辅助设备零售；信息技术咨询服务；技术服务、技术开发、技术咨询、技术交流、技术转让、技术推广；信息咨询服务（不含许可类信息咨询服务）；信息系统集成服务；会议及展览服务；人工智能硬件销售；工业机器人安装、维修；智能控制系统集成；咨询策划服务；技术进出口；计算机软硬件及外围设备制造；文化、办公用设备制造；计算机及办公设备维修；市场营销策划；货物进出口。（除依法须经批准的项目外，凭营业执照依法自主开展经营活动）许可项目：第二类增值电信业务。（依法须经批准的项目，经相关部门批准后方可开展经营活动，具体经营项目以相关部门批准文件或许可证件为准）,4861
300381.SZ,陈少美,周德荣,朱善敏,48017.3861,19910903,广东,珠海市,"广东溢多利生物科技股份有限公司成立于1991年,总部位于广东省珠海市南屏科技工业园。经过多年发展,公司产业规模不断扩大,现有19家控股公司,1个国家级企业技术中心、1所博士后科研工作站、1个集团研究院、3大科研中心、5所研发工程中心,15大生产基地;公司在国内建有25个直销办事处,在欧洲、美洲、亚洲等60多个国家和地区建有完善的海外营销网络,拥有国内外2300多家优质直销客户。是中国生物酶制剂行业首家上市公司(股票代码300381)、首批高新技术企业、全球极具竞争力的甾体激素医药企业,被福布斯评为2017年上市潜力百强企业。
溢多利在发展中积累了雄厚的技术资源,形成了独有的技术创新优势。目前公司拥有151项发明专利,11项核心技术,并拥有基因工程技术、酶工程技术、生物工程技术、液体发酵技术、固体发酵技术、复合酶协同技术、制剂剂型技术、高分子絮凝技术、酶制剂产品应用技术以及甾体激素合成等诸多创新型核心技术,为公司高速成长及持续发展奠定扎实基础。
溢多利坚持以现代生物工程为主体,以特色生物医药、绿色生物制造为两翼,为客户提供自然、安全、高效、环保的整体生物技术解决方案,逐步解决人类发展中生态危机、环境污染、资源短缺、健康安全四大难题,实现人与自然和谐健康发展。",主要从事饲用酶制剂的研发、生产和销售,研发、生产及销售生物医药、生物酶制剂、饲料添加剂、添加剂预混合饲料、动物药品；生产及销售蒸汽、电力；房屋租赁。(以上需行政许可的项目，凭许可证经营，法律法规禁止的不得经营),1106
300421.SZ,施祥贵,施波,陈芳,29403.0484,20001212,江苏,南通市,"江苏力星通用钢球股份有限公司秉承以科技创新作为加快转变经济发展方式的着手点,依托广大干部员工的精密合作,产品已达到世界先进水平,并被应用于世界著名品牌汽车、精密电器、大型风电设备的关键部件中。公司先后完成多个国家级技术改造项目,总投资达3亿元,引进了具有世界先进水平的生产技术及检测设备;成立了自有的研发机构,专门从事于公司新产品、新材料、新技术、新工艺方面的研究和开发。公司生产的“力星”牌钢球荣获江苏省“名牌产品”,“力星”商标被认定为江苏省著名商标,9Gr18Mo不锈钢钢球、汽车轮毂钢球、风能发电专用钢球等均获“国家级重点新产品”。公司拥有一套完整高效的管理机制,保证了企业优质高效的运转,先后通过了ISO9001:2000和TS16949质量管理体系标准认证以及ISO14001环境管理体系的认证。在力星钢球人的不懈努力下,公司先后获得了江苏省政府颁发的“技术进步企业”、国家高新技术企业等称号,并被列为国务院特定振兴企业之一,连续十年被评为中国工业行业(其他通用零部件)排头兵企业,已成为世界钢球行业著名企业。并于2015年2月17日在深圳证券交易所创业板正式挂牌上市。",精密轴承滚动体的研发、生产和销售,钢球制造、销售；滚子生产、销售；机械设备及配件、通用机械及零配件、轴承、五金产品、金属材料及制品、化工原料及产品（危险化学品除外）、润滑油、仪器仪表、电气设备及配件、机电设备的销售；自营和代理各类商品的进出口业务。（依法须经批准的项目，经相关部门批准后方可开展经营活动）一般项目：特种陶瓷制品制造；特种陶瓷制品销售（除依法须经批准的项目外，凭营业执照依法自主开展经营活动）。,1245
300471.SZ,王季文,宋福才,李宏盼,47015.8731,20050107,四川,成都市,"公司(以下简称“厚普股份”)成立于2005年1月7日,于2015年6月11日在深圳证券交易所创业板上市(股票代码:300471)。厚普股份为国家认定的高新技术企业,技术中心被认定为四川省企业技术中心,公司先后参与了六项国家标准、规范及两项地方标准的起草和编制,为行业的规范、良性发展做出积极贡献。公司CNG加气机通过了欧盟ATEX防爆体系认证,LNG集装箱橇装通过欧盟PED(G模式)承压设备安全认证及MD机械指令认证,LNG加气机通过欧盟ATEX防爆认证。公司“基于网络化管理的高安全性CNG加气机”获得国家科技部科技型中小企业技术创新基金并通过验收;LNG加气机及LNG加气站成套设备通过四川省科技厅科技成果鉴定,总体上处于国内领先水平;公司LNG/L-CNG全橇装加气装置通过四川省科技厅科技成果鉴定,处于国际领先水平;双泵橇智能LNG加气站成套设备通过四川省科技厅科技成果鉴定,总体技术处于国内领先水平。",天然气汽车加气站设备及信息化集成监管系统的研发、设计、生产、销售和服务,压缩、液化天然气、氢气的车用、船用、工业及民用加气站设备的设计、开发、制造（限在工业园区内经营）、销售、租赁、维修及技术服务（国家法律、法规禁止的除外）；机电产品、化工产品（不含危险品）、电子产品（国家有专项规定的除外）的设计、开发、制造（限在工业园区内经营）、销售、技术服务；船舶及船舶工程设计、咨询（凭资质证书经营）；特种设备生产；消防设施工程、机电设备安装工程、化工石油设备管道安装工程（以上项目凭资质证书从事经营）；货物进出口、技术进出口。（依法须经批准的项目，经相关部门批准后方可展开经营活动）。,1031
300476.SZ,陈涛,赵启祥,朱溪瑶,98278.4813,20060728,广东,惠州市,"胜宏科技(惠州)股份有限公司于2006年7月落户惠阳区淡水镇新桥村行诚科技园,2015年6月11日,在深交所创业板成功挂牌上市,股票代码:300476。公司产品广泛应用于LED显示器、SERVER(服务器)、通讯、医疗器械、新能源汽车、电脑周边等领域。胜宏科技作为全球印制电路板制造百强企业;中国印制电路行业协会副理事长单位,是行业标准的制定单位之一。位居中国印制电路行业企业排行榜前列。胜宏科技注重产品研发及技术革新,拥有惠州市工程技术研究开发中心、广东省工程技术研发中心,先后通过UL安全认证、ISO/9001、ISO/14001、OHSAS18001、TS16949、CQC、QC080000、中国ROHS、知识产权管理体系、信息安全管理体系、能源管理体系认证;获得了“国家火炬计划重点高新技术企业”、“国家知识产权优势企业”、“广东省创新型企业”和“广东省知识产权优势企业”等荣誉。胜宏科技坚持走可持续发展之路,致力于打造绿色、生态、智慧型工业园区。不仅大力推行6S活动,还引入ERP管理系统,实行精细化、数字化的生产管理方式;在重视生产的同时注重环保,投资五千万元建造废水处理站,在节能环保方面做出巨大成绩,各项环保指标符合国家标准。管理团队年富力强,管理经验丰富、专业技能突出。公司愿与海内外厂商精诚合作,共创辉煌。",高密度印制线路板的研发、生产和销售,一般项目：电子元器件制造；电子元器件批发；电子元器件零售；电子专用材料研发（除依法须经批准的项目外，凭营业执照依法自主开展经营活动）（以上项目不涉及外商投资准入特别管理措施）,17989
300496.SZ,赵鸿飞,赵鸿飞,王焕欣,46171.7054,20080307,北京,北京市,"中科创达软件股份有限公司是全球领先的智能平台技术提供商。自2008年成立以来,公司致力于提供卓越的智能终端操作系统平台技术及解决方案,助力并加速智能手机、智能物联网、智能汽车等领域的产品化与技术创新。
终端设备的智能化已成为必然趋势,而设备端到云端的互联互通正在逐渐渗透到生产生活的各个层面。无论是手机、机器人、无人机、汽车,还是智能电网、智慧物流,都需要更领先、安全可靠的智能操作系统与之匹配。
源于多年在Android、Linux、Windows和HTML5等操作系统技术的研发与创新,中科创达形成了从硬件驱动、操作系统内核、中间件到上层应用全面的技术体系。积累了丰富的研发经验和众多自有知识产权,具备强有力的技术开发和服务能力。核心技术涵盖了通信协议栈、深度学习、图形图像算法、操作系统优化和安全技术等多个方面。
中科创达与智能终端产业链中的芯片、元器件、终端、软件与互联网厂商以及运营商等全球领先企业拥有紧密的合作关系,具有独特的垂直整合优势。作为一家技术驱动型企业,中科创达不但坚持自我创新,也注重扶持创新。一方面与高通、英特尔、微软等分别运营了多个联合实验室,为元器件适配和终端测试提供先进的资源和技术支持;同时与ARM、高通分别成立合资公司——安创空间加速器、重庆创通联达,为智能硬件企业及创新创业者提供产业平台,推动智能硬件技术发展;并与临空投、天使基金、北极光共同成立产业投资基金,整合资源助力创新。
目前,中科创达拥有一支对操作系统技术有深入理解的国际化专业团队。公司总部位于北京,分子公司及研发中心分布于全球20个地区。包括深圳、上海、南京、成都、重庆、武汉、西安、沈阳、大连、台北、香港、美国硅谷、日本东京、韩国首尔、芬兰赫尔辛基、保加利亚索菲亚、马来西亚槟城、印度。可以为全球客户提供便捷、高效的技术服务和本地支持。",开发计算机软件;销售自行开发的产品;技术咨询、技术服务;计算机软件技术培训;商务咨询。,开发计算机软件；销售自行开发的产品；技术咨询、技术服务；计算机软件技术培训；商务咨询；从事通讯设备、电子产品的批发及进出口（不涉及国营贸易管理商品；涉及配额、许可证管理商品的按国家有关规定办理申请手续）；计算机系统服务。公司的经营范围以公司登记机关核准的项目为准。,18708
300502.SZ,高光荣,黄晓雷,王诚,139425.6684,20080415,四川,成都市,"成都新易盛通信技术股份有限公司(简称“新易盛”),2008年成立于中国成都,并于2010年被认证为国家高新技术企业,是一家领先的光模块解决方案与服务提供商。新易盛一直专注于研发、生产和销售多种类的高性能光模块和光器件,产品可广泛应用于数据中心、电信网络(FTTx、LTE和传输)、安全监控以及智能电网等ICT行业。公司拥有3000多种产品,严格遵从TUV、CE、UL、FCC、FDA、RoHS、REACH和EMC等国际标准,产品已服务于来自全球60多个国家和地区的超过300个客户。2016年,新易盛在深圳成功上市,开启公司发展的新篇章。","专注于光通信领域传输和接入技术的高新技术企业,专业从事光模块的研发及制造。",一般项目：光通信设备制造；光通信设备销售；电子元器件制造；电子元器件批发；电子元器件零售；通讯设备销售；机械设备研发；电子产品销售；专用设备制造（不含许可类专业设备制造）；技术进出口；货物进出口；技术服务、技术开发、技术咨询、技术交流、技术转让、技术推广。（除依法须经批准的项目外，凭营业执照依法自主开展经营活动）（涉及国家规定实施准入特别管理措施的除外）,8537
300503.SZ,汤秀清,雷群,肖泳林,30822.6785,20061214,广东,广州市,"广州市昊志机电股份有限公司是一家专业从事高精密电主轴及其零配件的研发设计、生产制造、销售与维修服务的环保型高新技术、创业板上市企业,股票代码300503。
昊志机电“以中高端电主轴产品为核心、以电主轴精密零配件制造为支撑、以配套维修服务为特色”,通过坚持不懈的技术攻关和持之以恒的品质管理,构建了电主轴“整机—配件—服务”紧密结合的完整业务链。为满足不同类型机床的加工要求,设计研制了包括PCB钻孔机/成型机电主轴、/玻璃雕铣机电主轴、木工雕铣机电主轴、钻攻中心电主轴、转台、刀柄夹头等十数个系列主轴及配件产品。
昊志机电秉承“立足自主技术创新,服务全球先进制造”的发展战略,以世界顶级装备核心功能部件设计、制造公司为愿景,致力于助力全球装备制造、提升人类良好体验而奋斗不止。",数控机床部件的研发、生产、销售、维修,机床附件制造、轴承制造、金属切削机床制造、其他金属加工机械制造、通用设备修理、专用设备修理、货物进出口（专营专控商品除外）、技术进出口、电子工业专用设备制造、电机制造、电机及其控制系统研发、非居住房地产租赁、汽车零部件及配件制造、汽车零部件研发、汽车零配件零售、气体压缩机械制造、气体压缩机械销售、技术服务、技术开发、技术咨询、技术交流、技术转让、技术推广。,2833
300627.SZ,赵延平,朴东国,孙梦婷,79252.0262,20030912,上海,上海市,"上海华测导航技术股份有限公司致力于提供高精度数据的采集和应用解决方案,专业从事高精度卫星导航定位相关软硬件技术产品的研发、生产和销售。企业荣誉:工博会空间信息展产品金奖;北斗导航创新应用大赛一等奖;第18届工博会银奖;卫星导航定位科学技术奖特等奖;高新技术企业证书;上海市科学技术奖特等奖;国家火炬计划重点高新技术企业证书;2016年度上海科学技术进步奖;2015年度上海科学技术进步奖;第六届中国卫星导航学术年会北斗卫星导航应用推进奖;中国地理信息产业百强企业;卫星导航定位科学技术奖一等奖。","专业从事高精度卫星导航定位相关软硬件技术产品的研发,生产和销售,并为行业客户提供数据应用及系统解决方案",一般项目：导航、测绘、气象及海洋专用仪器制造；导航、测绘、气象及海洋专用仪器销售；卫星移动通信终端制造；卫星移动通信终端销售；导航终端制造；导航终端销售；卫星导航服务；卫星技术综合应用系统集成；卫星导航多模增强应用服务系统集成；人工智能行业应用系统集成服务；智能无人飞行器制造；智能无人飞行器销售；智能车载设备制造；智能车载设备销售；智能农机装备销售；智能机器人的研发；智能机器人销售；工业机器人制造；工业机器人销售；工业自动控制系统装置制造；工业自动控制系统装置销售；雷达及配套设备制造；海洋环境监测与探测装备制造；海洋环境监测与探测装备销售；水文服务；软件开发；软件销售；信息系统集成服务；信息安全设备制造；信息安全设备销售；计算机系统服务；安全技术防范系统设计施工服务；专用设备制造（不含许可类专业设备制造）；专用仪器制造；电子、机械设备维护（不含特种设备）；电子元器件与机电组件设备制造；电子元器件与机电组件设备销售；仪器仪表制造；仪器仪表销售；仪器仪表修理；光学仪器制造；光学仪器销售；通讯设备修理；通讯设备销售；通信设备制造；通信设备销售；通用设备修理；机械设备租赁；技术服务、技术开发、技术咨询、技术交流、技术转让、技术推广；货物进出口；技术进出口。（除依法须经批准的项目外，凭营业执照依法自主开展经营活动）许可项目：建设工程施工；建设工程设计。（依法须经批准的项目，经相关部门批准后方可开展经营活动，具体经营项目以相关部门批准文件或许可证件为准）,2333
300699.SZ,卢钊钧,王文义,王颖超,83135.2,19920205,山东,威海市,"威海光威复合材料股份有限公司是专业从事碳纤维及其复合材料的研发、生产与销售的高新技术企业。公司已通过ISO9001质量管理体系、ISO14001环境管理体系、OHSAS18001职业健康安全体系、国家实验室(CNAS)认可、ISO/TS16949汽车行业质量管理体系,相关产品还通过了德国和中国船级社认证,同时作为从事军品科研和生产的企业,光威复材还取得了包括二级保密资格认证等在内的四项军品业务相关资质。光威复材主持制定了《聚丙烯腈基碳纤维》和《碳纤维预浸料》两项国家标准;先后获得专利94项;拥有碳纤维制备及工程化国家工程实验室、山东省碳纤维技术创新中心等多个国家和省级研发平台,承担了包括科技部863计划项目、国家发改委产业化示范工程项目在内的70余项高科技研发项目。","碳纤维及碳纤维复合材料的研发、生产与销售的高新技术企业,拥有碳纤维行业的全产业链布局",一般项目：新材料技术研发；高性能纤维及复合材料制造；高性能纤维及复合材料销售；石墨及碳素制品制造；石墨及碳素制品销售；模具制造；模具销售；机械设备研发；机械设备销售；专用设备制造（不含许可类专业设备制造）；机械零件、零部件加工；机械零件、零部件销售；技术服务、技术开发、技术咨询、技术交流、技术转让、技术推广；技术进出口；货物进出口；劳务服务（不含劳务派遣）；非居住房地产租赁；仓储设备租赁服务；特种设备出租；机械设备租赁。（除依法须经批准的项目外，凭营业执照依法自主本公司及董事会全体成员保证信息披露的内容真实、准确、完整，没有虚假记载、误导性陈述或重大遗漏。开展经营活动）。,2263
300750.SZ,曾毓群,曾毓群,蒋理,462662.717,20111216,福建,宁德市,宁德时代新能源科技股份有限公司是一家主要从事主要从事动力电池、储能电池的研发、生产、销售的中国公司。该公司的产品应用于乘用车、商用车、表前储能、表后储能等领域，以及工程机械、船舶、航空器等应用场景。动力电池产品主要包括电芯、模组或电箱及电池包。储能电池产品主要包括电芯、电池柜、储能集装箱以及交流侧系统等。该公司还从事电池材料和回收以及其他业务。该公司在国内和国外市场经营其业务。,"从事新能源汽车动力电池系统、储能系统的研发、生产和销售,以及锂电池回收利用业务。",锂离子电池、锂聚合物电池、燃料电池、动力电池、超大容量储能电池、超级电容器、电池管理系统及可充电电池包、风光电储能系统、相关设备仪器的开发、生产和销售及售后服务；对新能源行业的投资；锂电池及相关产品的技术服务、测试服务以及咨询服务。（依法须经批准的项目，经相关部门批准后方可开展经营活动）,185839
300753.SZ,王凝宇,张智慧,叶俞飞,12604.8,20011030,江苏,南通市,"江苏爱朋医疗科技股份有限公司自2001年成立以来,积极投身于帮助患者减缓病痛的健康事业中,并致力于打造成一家基于移动互联网的急慢性疼痛、鼻腔管理等2-3个细分领域中领先的公众型器械及系统集成制造商。目前旗下有爱普科学仪器(江苏)有限公司、上海诺斯清生物科技有限公司、上海贝瑞电子科技有限公司。",专业从事疼痛管理及鼻腔护理领域用医疗器械产品研发、生产及销售,许可项目：第三类医疗器械生产；第三类医疗器械经营；第二类医疗器械生产；医护人员防护用品生产（Ⅱ类医疗器械）；卫生用品和一次性使用医疗用品生产；医疗器械互联网信息服务；医疗服务；互联网信息服务；食品互联网销售；食品销售；第三类医疗设备租赁（依法须经批准的项目，经相关部门批准后方可开展经营活动，具体经营项目以审批结果为准）一般项目：第二类医疗器械销售；第一类医疗器械生产；第一类医疗器械销售；卫生用品和一次性使用医疗用品销售；软件开发；软件销售；计算机软硬件及辅助设备零售；互联网设备销售；医护人员防护用品零售；医护人员防护用品批发；日用品销售；网络设备销售；物联网应用服务；计算机及通讯设备租赁；电子产品销售；互联网销售（除销售需要许可的商品）；技术服务、技术开发、技术咨询、技术交流、技术转让、技术推广；食品互联网销售（仅销售预包装食品）；信息咨询服务（不含许可类信息咨询服务）；保健食品（预包装）销售；食品销售（仅销售预包装食品）；特殊医学用途配方食品销售；化工产品销售（不含许可类化工产品）；专用化学产品销售（不含危险化学品）；工程和技术研究和试验发展；新型有机活性材料销售；化妆品批发；化妆品零售；智能无人飞行器销售；货物进出口；技术进出口；宠物食品及用品批发；教学专用仪器销售；教学用模型及教具销售；租赁服务（不含许可类租赁服务）；办公设备租赁服务；机械设备租赁；第二类医疗设备租赁；第一类医疗设备租赁（除依法须经批准的项目外，凭营业执照依法自主开展经营活动）,592
300760.SZ,李西廷,吴昊,李文楣,121244.1394,19990125,广东,深圳市,"深圳迈瑞生物医疗电子股份有限公司创始于1991年,是全球领先的医疗设备与解决方案供应商。迈瑞总部位于深圳,为全球市场提供医疗器械产品。在中国超过30个省市自治区设有分公司。全球员工近万人,其中研发人员占比超过20%,外籍员工超过10%,来自全球30多个国家及地区,形成了庞大的全球研发、营销和服务网络。迈瑞的主营业务覆盖生命信息与支持、体外诊断、医学影像三大领域,通过前沿技术创新,提供更完善的产品解决方案,帮助世界改善医疗条件、提高诊疗效率。","公司主要从事医疗器械的研发、制造、营销及服务,主要产品涵盖三大领域:生命信息与支持、体外诊断以及医学影像,目前已拥有丰富的产品品类。",生产经营医疗电子仪器及其配套试剂及产品的软件开发（不含国家限制项目）；自产产品售后服务，自有房屋租赁；从事货物和技术的进出口业务。,21288
300829.SZ,张鹏,石从亮,崔耀军,22727.5107,20060810,河南,周口市,"河南金丹乳酸科技股份有限公司注册于河南省郸城县金丹大道08号，注册资本84,609,092元，法定代表人张鹏。公司主要从事乳酸及乳酸盐类的生产与销售，主要产品包括L-乳酸、乳酸钙、乳酸钠等多个产品,产能12.8万吨/年。产品广泛应用于食品、饲料、医药、化工、轻工等许多重要产业领域。拥有双汇、金锣、蒙牛、伊利、娃哈哈等知名客户，35%左右的产品出口到欧洲、北美、南美、大洋洲、东南亚等多个国家和地区，在国内外市场具有较强的竞争力。公司始终坚持以质量求生存，关爱民众健康为宗旨，加大品质管理，通过了ISO9001质量管理、ISO14001环境管理、HACCP食品安全管理、OHSAS18001职业健康安全管理、HACCP、GMP、FAMI-QS、CNAS、KOSHER、HALAL、BRC、FDA等权威体系认证和食品认证。2010年9月，被授予河南省国际知名品牌以及河南省名牌产品称号。2011年10月，被授予河南省省长质量奖。公司紧紧依靠技术创新，走高新技术产业化发展之路。公司设有国家博士后科研工作站、国家企业技术中心、国家地方联合工程实验室、乳酸工程技术研究中心，经过长期的科研攻关，解决了L-乳酸生产的关键技术问题，该技术获得国家科技进步二等奖，河南省科技进步一等奖。目前公司正积极开拓乳酸在生物降解新材料领域的应用，即以高纯度乳酸为主要原料聚合生产聚乳酸（PLA），公司目前已经投资建设了年产1万吨丙交酯联产聚乳酸工程项目，目前生产线正处于调试过程中。聚乳酸不仅具有聚乙烯、聚丙烯和聚苯乙烯等石油基材料的实用性能和成型加工性能，而且具有良好的生物降解性、生物相容性和生物可吸收性，可被自然界中微生物完全降解，最终生成二氧化碳和水，是世界公认的环境友好型新材料，可广泛应用于农用地膜、快餐饭盒、食品包装材料、手术骨钉、手术缝合线、可降解心血管支架、药物缓释材料、合成纤维、高档纺织面料、3D打印材料。聚乳酸以其优良的特性和广阔的应用范围，可替代纤维、医用材料、包装材料等石油基塑料制品，实现生物降解、消除目前困扰世界各国的“白色污染”问题。经过多年的积累与发展，公司目前已成功探索出了一条平原农区玉米精深加工与循环经济深度融合，以新型工业化带动农业产业化的可持续发展之路。作为国家农业产业化龙头企业，公司充分发挥地处黄淮海玉米主产区—豫东平原的区位优势，利用当地大规模种植的玉米作物为主要原材料，在粗加工、初加工基础上，利用现代生物及净化提纯技术将其营养成分淀粉转化为对日常生产生活具有广泛用途的乳酸、乳酸盐、乳酸酯等产品；并进一步以所生产的高品质乳酸为原料，利用有机胍催化绿色合成技术生产环境友好材料丙交酯、聚乳酸产品，实现了对玉米这一大宗农产品由粗加工、初加工到精加工、深加工等多层次的价值增值；为促进当地农业提质增效、农民就业增收和农村一二三产业融合发展贡献了一份力量，对延长当地农业产业链、提升价值链，带动农产品精深加工向更高质量发展具有示范意义。",运用现代生物技术大规模工业化生产 L-乳酸及其衍生产品,许可项目：食品添加剂生产；食品生产；食品经营；食品进出口；调味品生产；饲料添加剂生产；饲料生产；肥料生产；粮食收购；发电、输电、供电业务；技术进出口；货物进出口；危险化学品经营(依法须经批准的项目，经相关部门批准后方可开展经营活动，具体经营项目以相关部门批准文件或许可证件为准)一般项目：食品添加剂销售；生物基材料制造；生物基材料销售；饲料添加剂销售；饲料原料销售；生物有机肥料研发；肥料销售；热力生产和供应；石灰和石膏制造；石灰和石膏销售；日用化学产品制造；日用化学产品销售；化工产品生产(不含许可类化工产品)；化工产品销售(不含许可类化工产品)(除依法须经批准的项目外，凭营业执照依法自主开展经营活动),1360
300900.SZ,王增夺,杨怀忠,毕恒恬,32772.0334,20110225,黑龙江,哈尔滨市,公司是专业从事航空工业相关产品研发、制造的国家级高新技术企业。公司以具有突出优势的航空工装业务为基础，积极开拓了航空零部件、无人机等业务，产品覆盖军用和民用航空工业各领域，成为专业化程度高、技术积累丰富、广受认可的航空工业相关产品供应商。公司的客户主要为中航工业、中国商飞等国内航空工业核心制造商旗下的各飞机主机制造厂商，航天科工、中国兵装等军工央企集团下属科研院所及科研生产单位，军队研究所等军方单位。2011 年，广联有限成立，致力于航空工装业务，为多家飞机主机厂研制用于生产和装配航空零部件的成型工装和装配工装。同时，公司也从事航空辅助工具与设备业务，作为工装业务的补充，占比较低。2014 年，公司积极响应主要客户的需求，开始向航空工装业务的下游航空零部件业务延伸布局，开始为多种型号飞机提供钛合金、铝合金等金属零部件。2015 年，公司管理层经研究，认为未来复合材料零部件在航空制造业前景广阔，因此横向拓展航空零部件业务，开始向飞机主机厂供应复合材料零部件。同时，公司认为以轻量化复合材料为主材的无人机制造是中国航空业的下一个重大产业机遇，展开前瞻性布局和预研，当年开始为航天科工等军工央企下属单位承制无人机部段。2016 年，公司继续向航空零部件的下游航空部段业务开拓，即根据客户需求将航空零件组装成为机翼、机舱和垂尾等航空部件。2017 年，公司开始为多款无人机制造完整的复合材料机体，并根据客户需求研制六旋翼无人机，于 2018 年开始量产和销售。报告期内，公司专注于航空工业配套制造领域，以航空工装业务为基础，利用突出的技术优势和行业地位，不断纵向、横向拓展产品种类，主营业务未发生重大变化。目前，公司已获得开展业务所需的相关业务资质，包括 AS9100 航空航天质量管理体系认证、ISO9001:2015 质量管理体系认证以及从事相关产品生产和销售需要取得的各类资质。公司参与了国家批复的多个大型飞机研制项目，是 C919 大型客机中多个零部件的成型工装供应商和 CR929 大型客机垂尾、货仓门等零部件的预选供应商，设计制造了 AG600 水陆两栖飞机的总装配生产线，此外还为多种型号的战斗机、直升机、通用飞机和无人机研制航空配套产品。,航空工业相关产品研发、制造,飞机部段、飞机零部件、飞机内饰、飞机机载设备和地随设备、燃气轮机零部件、卫星零部件、工业机器人、机械电气设备、自动化装备、自动化系统和自动化生产线的开发、生产、销售、维修及相关技术服务；工艺装备、模具、夹具和复合材料制品的开发、生产、销售、维修及相关技术服务；机械零部件的开发、生产、销售、维修及相关技术服务；机械加工、钣金、金属表面处理及热处理加工；飞机、飞机发动机、航天器、航天器零部件及相关设备的设计、制造、维修、加装、改装、销售及相关技术服务（取得相关许可或资质后方可经营）；船舶、船用配套设备、航标器材的设计、制造、维修、改装、销售及相关技术服务（以上涉及国家禁止产能过剩的项目除外）；自有房屋租赁；计算机软件开发及相关技术服务；技术咨询、技术开发、技术服务、技术推广及技术转让；货物进出口、技术进出口。民用航空器制造及维修。（依法须经批准的项目，经相关部门批准后方可开展经营活动，具体经营项目以相关部门批准文件或许可证件为准）。,2311
301269.SZ,刘伟平,杨晓东,宋矗林,54543.7608,20090526,北京,北京市,北京华大九天科技股份有限公司（简称“华大九天”）成立于2009年，一直聚焦于EDA工具的开发、销售及相关服务业务。华大九天主要产品包括模拟电路设计全流程EDA工具系统、数字电路设计EDA工具、平板显示电路设计全流程EDA工具系统和晶圆制造EDA工具等EDA软件产品，并围绕相关领域提供包含晶圆制造工程服务在内的各类技术开发服务。华大九天总部位于北京，在南京、上海、成都和深圳设有全资子公司。,EDA 工具软件的开发、销售及相关服务,技术推广服务；软件设计；产品设计；计算机系统服务；货物进出口、代理进出口、技术进出口；集成电路设计；出租办公用房；软件开发；销售电子产品。（市场主体依法自主选择经营项目，开展经营活动；依法须经批准的项目，经相关部门批准后依批准的内容开展经营活动；不得从事国家和本市产业政策禁止和限制类项目的经营活动。）,1460
600105.SH,路庆海,路庆海,张国栋,146199.4802,19940630,江苏,苏州市,"江苏永鼎股份有限公司位于长三角江浙沪交界苏州市吴江区汾湖高新技术产业开发区,公司创建于1978年,经历了三十多年的艰苦创业和快速发展,现已成为集实业、投资、国内外贸易为一体的综合性大型高新技术企业。公司主业产品有通信光缆、通信电缆、特种光缆、软光缆、电力光缆、数据电缆、光器件等通信系列产品。公司严格遵守ISO9001-2008、ISO14001-2004和GB/T28001-2001国际体系认证要求,部分产品已通过国际UL安全认证。国家一级干线工程、国家重点工程、地铁、轻轨、水利、航空航天等均采用公司通信线缆产品,部分产品出口南美、南非、东亚、东南亚等四十多个国家和地区。","有线通信产品及通信软件产品的研发、生产制造及销售,电站和输变电网的海外工程承包,汽车线束的研发设计、生产制造和销售业务,从事第二代高温超导带材的研发设计、生产制造和销售业务",电线、电缆、光纤预制棒、光纤、光缆、配电开关控制设备、电子产品、通信设备、汽车及零部件的研究、制造，国内贸易，实业投资，实物租赁，自营和代理各类商品及技术的进出口业务，机电工程技术服务，企业管理咨询，铜制材和铜加工（冷加工）及其铜产品的销售，移动通信设备开发生产及销售，计算机系统及网络技术服务，通信信息网络系统集成，承包境外与出口自产设备相关的工程和境内国际招标工程，新能源汽车线束的研发生产及销售，信息科技领域内光电器件技术研发，生产、销售和相关技术服务，对外派遣实施上述境外工程所需的劳务人员，对外承包工程，工程管理服务。（依法须经批准的项目，经相关部门批准后方可开展经营活动）,3445
600118.SH,李大明,朱楠,王熹微,118248.9135,19970821,北京,北京市,"中国东方红卫星股份有限公司(简称“中国卫星”)是中国航天科技集团公司第五研究院控股的上市公司(600118),是专业从事小卫星及微小卫星研制、卫星地面应用系统及设备制造和卫星运营服务的航天高新技术企业。目前,中国卫星已发展成为具有天地一体化设计、研制、集成和运营服务能力的产业化集团公司。在小卫星及微小卫星研制方面,已成功开发了以CAST968(CAST1000)平台为代表的多个系列小卫星和微小卫星公用平台,成功发射对地观测、海洋监测、环境监测、空间探测、科学试验等多颗不同用途的现代小卫星,同时具备部分宇航部件产品的生产能力;在卫星地面应用系统及设备制造方面,拥有地面站系统集成、卫星导航、卫星通信、卫星遥感、信息传输与图像处理五大领域20多类产品,在北斗导航、动中通产品市场占有率方面处于国内领先地位,并拥有“天绘”系列遥感卫星数据总代理权。公司科研实力雄厚,主业发展快速,正朝着产业化、规模化、国际化方向迈进,并将努力发展成为主业突出、管理科学、效益显著、持续发展、机制灵活、具有强大核心竞争力和相当产业规模的中国航天核心企业和国际一流的综合型宇航公司。",卫星及相关产品、航天技术应用及相关产品的研发、设计、制造、销售。,卫星及相关产品的研发、设计、制造、销售；航天技术应用及相关产品的研发、设计、制造、销售及综合信息服务；项目投资；计算机系统集成、软件产品开发；通讯产品、电子产品的研发与销售；进出口业务；与上述业务相关的技术交流；信息咨询；汽车(不含小轿车)的销售。,3105
600143.SH,陈平绪,吴敌,戴耀珊,267329.8366,19930526,广东,广州市,"金发科技股份有限公司是全球领先的新材料企业,依托高性能新材料的科研、生产、销售和服务,为创造更加安全、舒适、便捷的人类生活提供全新的材料解决方案,推动人类生活环境的持续改善,创造美好生活。",改性塑料的研制、生产、销售。,化工产品生产（不含许可类化工产品）;合成材料制造（不含危险化学品）;合成材料销售;工程塑料及合成树脂销售;合成纤维制造;合成纤维销售;塑料制品制造;塑料制品销售;玻璃纤维增强塑料制品制造;玻璃纤维增强塑料制品销售;医用包装材料制造;产业用纺织制成品销售;化工产品销售（不含许可类化工产品）;贸易经纪;国内贸易代理;包装材料及制品销售;生物基材料制造;生物基材料销售;橡胶制品制造;橡胶制品销售;海绵制品制造;海绵制品销售;再生资源回收（除生产性废旧金属）;再生资源加工;再生资源销售;资源再生利用技术研发;非金属废料和碎屑加工处理;金属废料和碎屑加工处理;技术服务、技术开发、技术咨询、技术交流、技术转让、技术推广;新材料技术推广服务;工程和技术研究和试验发展;新材料技术研发;生物基材料技术研发;发酵过程优化技术研发;生物基材料聚合技术研发;生物化工产品技术研发;细胞技术研发和应用;日用化工专用设备制造;文化、办公用设备制造;金属制品销售;国内货物运输代理;国际货物运输代理;普通货物仓储服务（不含危险化学品等需许可审批的项目）;物业管理;租赁服务（不含许可类租赁服务）;住房租赁;非居住房地产租赁;以自有资金从事投资活动;计量技术服务;数字技术服务;通用设备制造（不含特种设备制造）;专用设备制造（不含许可类专业设备制造）;包装专用设备制造;机械设备销售;装卸搬运;创业投资（限投资未上市企业）;商业综合体管理服务;园区管理服务;酒店管理;信息技术咨询服务;信息咨询服务（不含许可类信息咨询服务）;科技中介服务;会议及展览服务;知识产权服务（专利代理服务除外）;工程管理服务;市场营销策划;产业用纺织制成品生产;货物进出口;技术进出口;餐饮服务。,14111
600378.SH,王军,王军,苏静祎,128999.962,19990805,四川,成都市,昊华科技是中国中化旗下在上海证券交易所挂牌上市的公司。1994年，在化学工业部党组关怀下，经批复设立中国昊华化工集团股份有限公司。2018年公司实施重大资产重组，转型升级为先进化工材料领域科研院所集群，更名为昊华化工科技集团股份有限公司。主要从事氟化工、电子化学品、高端制造化工材料的研发与生产，以及提供绿色低碳整体方案的碳减排业务。公司拥有几十年深厚的技术沉淀，具有较强的科技创新、成果转化、工程设计、项目总包和技术服务优势。公司始终把“致力成为中国先进化工材料行业引领者，持续为人类品质生活提升和技术进步作贡献”作为公司的发展战略和发展愿景；以“科学至上”为指引，坚持“科技引领，创新驱动，追求卓越”，持续推进公司高质量发展。,高端氟材料、电子化学品、高端制造化工材料及碳减排业务等。,研发、销售：化工产品并提供技术转让、技术咨询；化工原料、橡胶制品、塑料制品的研发销售；工业特种阀门生产（工业行业另设分支机构经营或另择经营场地在工业园区内经营）、销售；工业气体的研制、开发、生产（工业行业另设分支机构经营或另择经营场地在工业园区内经营）、销售；仪器仪表销售；仓储服务（不含危险化学品）；货运代理；货物及技术进出口；检测服务（不含民用核安全设备设计、制造、安装和无损检验，不含特种设备检验检测）；会议及展览展示服务；广告设计、制作、代理、发布（不含气球广告）；计算机信息技术咨询；工程咨询服务；机械设备租赁；房屋租赁；工程管理服务；工程勘察设计；经营本企业生产所需的原辅材料、仪器仪表、机械设备、零配件及技术的进口业务（国家限定公司经营和国家禁止进出口商品及技术除外）。（依法须经批准的项目，经相关部门批准后方可展开经营活动）。,11751
600416.SH,张越雷,王大志,李怡文,147578.2384,19991226,湖南,湘潭市,"湘潭电机股份有限公司所属行业为大型电工装备制造业,业绩主要来源于交直流电机、风力发电系统(风力发电设备整机及零部件)、水泵及配套产品、城市轨道交通车辆电气成套牵引系统等产品的研发、生产和销售。
公司先后荣获国家科技进步特等奖5项、一等奖8项、二等奖12项及部、省发明创新奖50余项。",风力发电设备、大中型交直流电机、泵类产品、城市轨道交通车辆电气成套牵引系统的研发、生产和销售。,设计、生产、销售发电机、交直流电动机、特种电机、轨道交通车辆牵引控制系统、电气成套设备、变压器、互感器、混合动力汽车、风力和太阳能发电设备、新能源汽车及零部件；电机、电气产品的修理、改造、安装；各类模具、夹具、刃具、量具、非标、二类工装等设计、制造、修理；盘类、轴类、箱体类结构件加工；废旧物资和设备的回收处置；委托收集和处置危险废弃物、金属切削液、危化品；新能源项目与节能环保项目的开发、建设、运营、工程总承包、技术开发、技术转让及咨询服务；公司范围内的动能管理服务（不含动能的生产、经营）；动能设备设施的设计、安装、制作、维修；代理和自营各类商品和技术的进出口业务（但国家限定公司经营或禁止进出口的商品和技术除外）；房屋租赁。（具体以管理部门登记为准，依法批准的项目，经相关部门批准后方可开展经营活动）。,4479
600522.SH,薛驰,陆伟,胡梓木,341294.9652,19960209,江苏,南通市,"江苏中天科技股份有限公司在光通信、电力传输、新能源、海缆主营业务基础上,延伸产业链,强化光通信“棒纤缆一体化”、电力“输配一体化”优势,分布式光伏、动力电池产业规模稳步提升,海缆国际总包工程、水下观测产品应用实现突破。",光纤、光缆生产、销售与服务。,光纤预制棒、光纤、光缆、电线、电缆、导线、铝包钢绞线、双绞合金属材料网面、合成材料网面、金属编织网、铁路用贯通地线、舰船电缆、舰船光缆、水密电缆、消、测磁电缆、不锈钢管、金具、绝缘子、避雷器、有源器件、无源器件及其他光电子器件、高低压成套开关电器设备、变压器、天线、通信设备、输配电及控制设备、光纤复合架空地线、光纤复合相线、光纤复合绝缘电缆、陆用光电缆、海底光电缆、海洋管道、射频电缆、漏泄电缆、铁路信号缆、高温同轴缆、高温线缆、太阳能电池组件、太阳能光伏背板、光伏接线盒、连接器、支架、充电设备用连接装置、储能系统、混合动力及电动汽车电池系统、锂电池、钠硫电池、钒电池、交流不间断电源、一体化电源、应急电源、充放电设备、逆变设备、通信设备用直流远供电源设备、电缆附件、风机发电设备及相关材料和附件、塑料制品、高纯石英玻璃、高纯纳米颗粒、水下基础信息网络设备、海底观测接驳设备、海工装备、海缆接头盒及附件、环境监测设备、水利水务设备、水密连接器及组件、舰载连接器及组件及其相关制品的研发、生产、销售及相关设计、安装、技术服务；铜合金、铝合金、镁合金铸造、板、管、型材加工技术的开发；泡沫铝及其合金材料相关制品的研发、生产、销售及相关设计、安装、技术服务；光缆、电线、电缆监测管理系统、输电线路监测管理系统、变电站监控系统、温度测量设备、网络工程的设计、安装、施工、技术服务；光伏发电系统、分布式电源、微电网的设计、运行维护的管理服务；送变电工程设计；电力通信工程设计及相关技术开发、咨询服务；输变电、配电、通信、光伏发电、分布式电源、海洋观测及环境监测工程总承包；自营和代理各类商品及技术的进出口业务；实业投资；通信及网络信息产品的开发；计算机领域内的技术开发、技术转让、技术咨询、技术服务；软硬件的开发、销售；承包与企业实力、规模、业绩相适应的国外工程项目并对外派遣实施上述境外工程所需的劳务人员。一般项目：制冷、空调设备制造；制冷、空调设备销售；超导材料销售；电容器及其配套设备制造；电容器及其配套设备销售；石墨及碳素制品制造；石墨及碳素制品销售；水环境污染防治服务；大气环境污染防治服务；环境保护专用设备制造；环境保护专用设备销售；（依法须经批准的项目，经相关部门批准后方可开展经营活动）,17200
600860.SH,李忠波,张继恒,栾杰,54748.5988,19930713,北京,北京市,"北京京城机电股份有限公司(以下简称“京城股份”)是一家A+H股上市公司,于2013年10月31日与原北人印刷机械股份有限公司(以下简称“北人公司”)完成资产置换,是北京京城机电控股有限责任公司下属的唯一上市平台。长期以来,天海工业在制造技术和科学管理上始终坚持“与国际标准接轨,按国际标准生产,创国际先进水平”的方针,先后取得了四十一个国际认证、ISO9001:2008、ISO/TS16949:2009质量管理体系、ISO14001:2004环境管理体系、OHSAS18001:1999职业健康安全管理体系认证。经过二十余年的打造,天海工业建立了气体储运行业完备高效的产品销售网络和售后服务体系,产品覆盖全国,远销世界五大洲四十多个国家和地区。长期以来,天海工业秉承“诚信、敬业、学习、创新,志在一流”的企业精神,以安全可靠的产品和优质的服务,树立了企业的良好形象,以不断提升的核心竞争力和快速发展的突出业绩,先后荣获中国百强企业、北京市十佳外商投资企业、北京市高新技术企业,中国金属压力容器制造行业排头兵企业和全国“五一”劳动奖状等荣誉称号。",气体储运装备制造及智能设备制造,许可经营范围：普通货运；专业承包。一般经营范围：开发、设计、销售、安装、调试、修理低温储运容器、压缩机（活塞式压缩机、隔膜式压缩机、核级膜压缩机）及配件；机械设备、电气设备；技术咨询、技术服务；经济贸易咨询；货物进出口、技术进出口、代理进出口。,1348
600873.SH,王爱军,何君,刘现芳,280424.165,19950209,西藏,拉萨市,梅花集团是一家以合成生物学技术为核心，以氨基酸为主业的大型高科技民营企业，历经20多年的发展，梅花已成为全球领先的氨基酸营养解决方案提供商。集团总部及研发中心设于河北廊坊，于中国黄金玉米带建有内蒙古通辽，新疆五家渠，吉林白城三大生产基地。目前员工13000+人，年玉米加工能力约600万吨，氨基酸产能超400万吨。2024年企业营收250.69亿元，利润27.40亿元。梅花建有世界领先水平的高端产业平台，累计投资400亿元，旗下研发机构被评为国家级企业技术中心，拥有行业最完整、最长的产业链和配套设施，这些共同奠定了梅花领先的规模优势、成本优势及技术优势。梅花是目前全球产销量最大，综合品类最多的氨基酸生产企业之一。旗下有50多种产品，广泛应用在食品加工、饲料养殖、医药健康、日化保湿、石油开采、农业等领域。,研发、生产和销售动物营养氨基酸、人类医用氨基酸、食品味觉性状优化产品,许可项目：调味品生产（依法须经批准的项目，经相关部门批准后方可开展经营活动，具体经营项目以相关部门许可证为准)一般项目：食品销售（仅销售预包装食品）；生物基材料销售；饲料添加剂销售；食品添加剂销售；非食用植物油销售；畜牧渔业饲料销售；日用化学产品销售；货物进出口；技术进出口；非居住房地产租赁；住房租赁；化工产品销售（不含许可类化工产品）；肥料销售；化肥销售；农作物种子经营（仅限不再分装的包装种子）；社会经济咨询服务；会议及展览服务；仓储设备租赁服务；机械设备租赁；以自有资金从事投资活动（除依法须经批准的项目外，自主开展法律法规未禁止、限制的经营活动）,13168
600875.SH,罗乾宜,张彦军,冯勇,345836.0326,19931228,四川,成都市,"东方电气股份有限公司(以下简称东方电气),总部位于四川省成都市,是中国东方电气集团有限公司控股特大型企业。东方电气秉承“求实、创新、人和、图强”的企业精神,历经60年的磨砺,已成为全球大型发电设备供应商和电站工程总承包商之一。分别在上海证券交易所(代码600875)和香港联交所(代码1072)上市。
东方电气拥有东方电机、东方汽轮机、东方锅炉、东方重机、东方武核、东方风电、东方自控、东方阿海珐、东方印度、东方印尼等企业,分布在中国四川、广东、天津、浙江、湖北等省市自治区和印度西孟邦、印尼雅加达。截止2018年10月,东方电气累计生产发电设备已超过5.4亿千瓦,继续在全球同行业中保持领先地位。目前,东方电气的产品已经逐渐扩展到美国、加拿大、印度、巴基斯坦、越南、印度尼西亚、沙特、波黑、瑞典、巴西等近80个国家和地区。
东方电气作为国家重大技术装备国产化基地、国家级企业技术中心,拥有中国发电设备制造行业中一流的综合技术开发能力。通过自主开发、产学研合作,形成了一批拥有自主知识产权的重大技术装备产品,具备了大型水电、火电、核电、气电、风电及太阳能发电设备的开发、设计、制造、销售、设备供应及电站工程总承包能力。可批量研制1000MW等级水轮发电机组、1350MW等级超超临界火电机组、1000MW-1750MW等级核电机组、重型燃气轮机设备、直驱和双馈全系列风力发电机组、高效太阳能电站设备、氢能客车、大型环保及水处理设备、电力电子与控制系统、新能源电池及储能系统、智能装备等产品。
展望未来,东方电气将秉承“共创价值、共享成功”的宗旨,实施“12345”新发展战略,建设具有全球竞争力的世界一流企业,以绿色动力驱动中国和世界经济发展。","火力发电设备、水力发电设备、风力发电设备、核能发电设备、燃气发电设备等的研发、制造、销售、服务,以及电站设计、电站设备成套技术开发、成套设计销售及服务。",通用设备制造业、电气机械及器材制造业、核能发电设备、风力发电设备、可再生能源发电设备等及备品备件制造、销售及研发；工业控制与自动化的研发、制造及销售；环保设备（脱硫、脱硝、废水、固废）、节能设备、石油化工容器的研发、制造及销售；仪器仪表、普通机械等设备的研发、制造及销售；工业气体制造及销售；电站设计、电站设备成套技术开发，成套设备销售及服务；总承包与分包境外发电设备、机电、成套工程和境内国际招标工程，上述境外工程所需要的设备、材料出口，对外派遣实施上述境外工程所需的劳务人员；进出口贸易；商务服务业；专业技术服务业；科技交流和推广服务业；招标代理；采购代理。（以上经营范围项目不含法律、法规和国务院决定需要前置审批或许可的合法项目）。（以上经营范围以登记机关核准的为准）,18753
601611.SH,尹卫平,戴雄彪,邹禹萌,301383.4212,20101221,上海,上海市,"中国核工业建设股份有限公司是根据国务院国资委《关于中国核工业建设集团公司主营业务重组改制并上市有关事项的批复》(国资改革[2010]1221号),由中国核工业建设集团公司联合中国信达资产管理股份有限公司、航天投资控股有限公司、中国国新控股有限责任公司共同发起设立的股份有限公司。本公司是我国国防军工工程重要承包商之一,是我国核电工程建设领域历史最久、规模最大、专业一体化程度最高的企业,是国内唯一一家30余年来不间断从事核电工程建设的企业,一直是核电工程建设领军企业,代表了我国核电工程建设的最高水平。公司致力于延伸在核电工程建设中形成的强大的工程建造能力和建设经验,积极开拓工业与民用工程建设市场,先后承建了一大批石油化工、能源、冶金、建材、房屋建筑、市政和基础设施等多个行业建设领域的国家重点工程项目,已成为工业与民用工程领域具有强大影响力的品牌企业。",军工工程、核电工程及工业与民用工程的建设业务,投资管理，工程总承包，工程施工总承包，工程勘察设计，工程技术咨询，工程管理计算机软件的开发、应用、转让，新材料、建筑材料、装饰材料、建筑机械、建筑构件的研究、生产、销售，设备租赁，物业管理，自有房屋租赁，进出口业务，承包境外工业与民用建筑工程、境内国际招标工程。,46345
603019.SH,历军,历军,翁启南,146311.5784,20060307,天津,天津市,曙光信息产业股份有限公司（以下简称“中科曙光”“曙光公司”）是在中国科学院的大力推动下，以国家“863”计划重大科研成果为基础组建的国家高新技术企业，是中国高性能计算、服务器、云计算、大数据领域的领军企业。中科曙光是高性能计算机（超级计算机）领域的领军企业，2009-2016年连续8年蝉联中国高性能计算机TOP100排行榜市场份额第一，曾首度将中国高性能计算机带入全球前三名之列，已掌握了高性能计算机一系列的核心技术并逐步实现了产业化，为推动我国基础科学研究、重大科学装置、行业发展与产业升级提供了坚实的技术支撑。在服务器、存储、安全产品等IT基础设施领域，中科曙光始终倡导“自主创新，服务中国”的理念，为保障我国网络空间的安全提供了可靠、可信、可控的IT基础装备，并为全球各行各业用户提供了国际品质的产品与解决方案。放眼未来，曙光公司将持续站在国家发展、产业变革、技术创新的前沿，助力中国成为信息产业强国，为全球各地、各领域客户创造卓越价值。自成立以来，曙光公司始终倡导着“自主创新服务中国”的品牌理念，以全面、专业、增值的服务为广大中国用户提供良好的应用体验，曙光的硬件产品、解决方案、云计算服务已被广泛应用于政府、能源、互联网、教育、气象、医疗及公共事业等社会各个领域。,"研究、开发、生产制造高性能计算机、通用服务器及存储产品,并围绕高端计算机提供软件开发、系统集成与技术服务。",电子信息、软件技术开发、咨询、服务、转让、培训；计算机及外围设备、软件制造、批发兼零售；计算机系统集成；物业管理；货物及技术进出口；设备出租、场地出租；计算机及外围设备维修、租赁；建筑安装业；通信设备研发、生产、批发兼零售（依法须经批准的项目，经相关部门批准后方可开展经营活动）。,6025
603662.SH,柯建东,柯建东,叶方之,28082.9868,20021230,浙江,宁波市,"宁波柯力传感科技股份有限公司(以下简称“柯力传感”)成立于2002年,位于宁波市江北区投资创业园区,是目前全球称重领域物联网研发与推广应用的主要引领者之一,也是中国重要的称重元件制造及销售企业之一和工业物联网产业开拓者之一。主要研制和生产各类物理量传感器、称重仪表、电子称重系统、工业物联网系统成套设备,提供不停车检测系统、建筑机械物联网(含干粉砂浆)、无人值守一卡通、智能物流设备物联网、环保设备物联网、智能消费设备物联网、畜牧业物联网、车载物联网、港机及海洋工程装备物联网等工业物联网系统及场景应用解决方案,同时提供专业的物联网软件定制服务,建有“称重设备数据中心”、物联网实验中心及26个实验室。柯力传感于2019年8月上市(股票代码:603662),采取集团化管控模式,总部设在宁波,下设12个职能部门、10大物联网事业部和17家子公司,其中5家全资子公司分别为余姚太平洋称重工程有限公司、安徽柯力电气制造有限公司、宁波柯力国际贸易有限公司、宁波柯力物联网有限公司、郑州柯力传感科技有限公司,8家控股子公司分别为浙江省宁波市中柯大数据技术有限公司、宁波沃富物联网有限公司、广东华柯力固技术有限公司、四川央衡科技有限公司、陕西央衡物联技术有限公司、重庆柯力佑佳物联网科技有限公司、宁波柯轩智能科技有限公司、福州科杰智能科技有限公司,4家参股子公司为余姚市银环流量仪表有限公司、河南驰诚电气股份有限公司、宁波巨隆机械股份有限公司、力普物流技术(杭州)有限公司。柯力传感拥有七大生产基地,主要分布在宁波、安徽、余姚、郑州等地。公司现有员工2000多人,其中宁波总部900多人,已形成一支技术精湛,能攻坚克难,研发实力雄厚的技术人才队伍。柯力始终坚持“以严格的制度约束人,以宽松的环境发展人”的人力资源理念,以“求实创新、服务员工、成就客户”的企业文化宗旨努力服务员工,打造一支勤奋、有朝气、有潜力的高素质高境界和高度团结的员工队伍,推进公司的战略发展。公司严格按照OIML国际建议R60、R76组织生产,制造的称重传感器、电子称重仪表具有防尘、防水、防腐、防爆、防雷击等特点,已取得50多种称重传感器和电子称重仪表OIML认证、7种称重传感器NTEP认证、50多种称重传感器俄罗斯计量认证、10种称重传感器乌克兰计量认证、50多种称重传感器和电子称重仪表CE认证等。目前,集团拥有229项专利、192项计算机软件著作权。主笔起草一项行业标准《称重高温传感器》(QB/T4929-2016),一项团体标准《钢制传感器》,参与起草三项国家标准《称重传感器》(GB/T7551-2008)、《金属粘贴式电阻应变计》(GB/T13992-2010)、《动态公路车辆自动衡器-弯板式》,一项国家计量技术规范《便携式动态轴重仪校准规范》(JJF1212-2008),一项国家计量检定规程《静重式力标准机检定规程》。公司先后获得中国衡器协会副理事长单位、中国衡器协会轨道衡专业委员会委员单位、全国轻工业卓越绩效先进企业、中国轻工业衡器行业十强企业、中国衡器协会称重物联网宁波培训基地、高新技术企业、国家传感器产业振兴和技改项目、国家制造业单项冠军培育企业、国家服务型制造示范项目(基于大数据的称重物联网系统服务新模式)、国家制造业“双创”平台试点示范项目(以龙头企业为启动园的工业物联网产业孵化双创平台)、知识产权优势企业、“浙江制造”品字标认证企业、2019年浙江省电子信息产业百家重点企业、2020年浙江省电子信息50家成长性特色企业、浙江省服务型制造示范企业、浙江省企业技术中心、浙江省企业研究院、浙江省博士后工作站、浙江省第一批创新型领军培育企业、浙江省第一批上云标杆企业、浙江省第三批行业云应用示范平台、浙江省制造业与互联网融合发展示范企业、浙江省中小学质量教育社会实践基地、武汉大学物联网研究中心、2019宁波市竞争力百强企业第16位、宁波市制造业百强企业、宁波市高成长企业、宁波市院士工作站、宁波市技术创新团队、宁波市两化深度融合示范企业、宁波市工业行业骨干培育企业、宁波市科技进步二等奖、两项宁波市重大科技专项承担单位、宁波市企业文化示范基地、宁波市江北区三十强企业和工业企业纳税前列、宁波市江北区区长质量奖等诸多荣誉称号。2017年5月,宁波工业物联网产业特色园正式落户柯力,引进包括传感器、模组、材料、智能装备、软件、应用、服务、集成等八大垂直产业链平台类企业260多家,同时园区已获得国家制造业“双创”平台试点示范项目、浙江省数字化示范园区,2019年园区18家企业入选“宁波市创新型初创企业暨浙江省科技型中小企业”名单。2019年已开工新建18层人工智能研发中心,2020年入驻20层物联网大厦。宁波工业物联网产业园遵循以龙头企业+产业链+投融资平台+创新平台+服务平台,朝物联网社区小镇方向发展,体现高端引领、龙头带动、全链集成、多维融合、开放共享的特色产业园区。工业物联网特色产业园定位于以集聚工业物联网行业高科技企业和人才,建立工业物联网行业高科技项目孵化和产业化服务体系,搭建物联网应用众创空间,为入驻园区企业提供更低成本运营环境、产学研相结合的共享平台。当前,公司正围绕“新产品、新团队、新管理、新机制、新增长、新时代”的创新理念和“智能制造、智能物联、生态投资、变革创新、青春奋斗”的战略部署,切实落实上市公司规范,抓好风控体系建设和市值管理,深化投资机制和产业园平台建设,一手抓其他物理量传感器研发,一手抓工业物联网发展,向着建设国际一流的物联网公司的企业愿景而迈进。",研制、生产和销售应变式传感器（其中主要为应变式称重传感器 ）、仪表等元器件，提供系统集成及干粉砂浆第三方服务。,一般项目：技术服务、技术开发、技术咨询、技术交流、技术转让、技术推广；电子元器件制造；电子元器件批发；电子元器件零售；工业自动控制系统装置销售；仪器仪表制造；仪器仪表销售；计算机软硬件及外围设备制造；计算机软硬件及辅助设备批发；计算机软硬件及辅助设备零售；专用设备制造（不含许可类专业设备制造）；机械设备租赁；环境保护专用设备制造；家用电器制造；家用电器销售；电子产品销售；终端计量设备制造；终端计量设备销售；金属材料销售；五金产品批发；五金产品零售；建筑材料销售；物联网技术研发；互联网数据服务；市场营销策划；企业形象策划；企业管理咨询；物业管理；信息咨询服务（不含许可类信息咨询服务）；会议及展览服务（除依法须经批准的项目外，凭营业执照依法自主开展经营活动）。许可项目：道路货物运输（网络货运）；检验检测服务；货物进出口；技术进出口；进出口代理（依法须经批准的项目，经相关部门批准后方可开展经营活动，具体经营项目以审批结果为准）。,2967
688012.SH,GERALD ZHEYAO YIN(尹志尧),尹志尧(GERALD ZHEYAO YIN),刘方,93697.2987,20040531,上海,上海市,公司是一家以中国为基地、面向全球的高端半导体微观加工设备公司，是我国集成电路设备行业的领先企业，是由一大批在全球半导体设备产业长期耕耘，做出突出贡献的研发、工程技术、销售和营运专家创立和参与的科创企业。公司主要从事高端半导体设备的研发、生产和销售。自成立以来，公司主要业务是开发加工微观器件的大型真空工艺设备，包括等离子体刻蚀设备和薄膜沉积设备。公司聚焦用于集成电路、LED芯片等微观器件领域的等离子体刻蚀设备、深硅刻蚀设备和MOCVD设备等关键设备的研发、生产和销售。公司研发的核心技术和产品面向世界科技前沿，是国际半导体设备产业界公认的后起之秀。公司开发出与美国设备公司具有同等质量和相当数量的等离子体刻蚀设备并实现量产，美国商务部在2015年宣布解除了对我国等离子体刻蚀设备多年的出口管制。,半导体设备的研发、生产和销售。,研发、组装集成电路设备、泛半导体设备和其他微观加工设备及环保设备，包括配套设备和零配件，销售自产产品。提供技术咨询、技术服务。[不涉及国营贸易管理商品，涉及配额、许可证商品管理的，按国家有关规定办理申请；依法须经批准的项目，经相关部门批准后方可开展经营活动。]（以工商登记为准）,2963
688017.SH,左昱昱,张雨文,归来,18333.0125,20110113,江苏,苏州市,公司是一家专业从事精密传动装置研发、设计、生产和销售的高新技术企业，产品包括谐波减速器、机电一体化执行器及精密零部件。公司产品广泛应用于工业机器人、服务机器人、数控机床、航空航天、医疗器械、半导体生产设备、新能源装备等高端制造领域。经过多年持续研发投入，公司在国内率先实现了谐波减速器的工业化生产和规模化应用，打破了国际品牌在国内机器人谐波减速器领域的垄断。公司多年以来深耕精密传动领域，凭借先进的技术水平、持续的研发投入、高精密制造的能力、严格的质量管控以及完善的产品体系，在行业内已建立较强的品牌知名度，成长为国内领军企业。,精密传动装置研发、设计、生产和销售。,谐波传动设备的研发、设计及技术开发；研发、生产、加工及销售：精密谐波减速机、精密仪器、机械设备、传感器、机械配件、流体控制阀、汽车配件（接头）、自动化设备及配件、石油钻探设备配件；自营和代理各类商品及技术进出口业务。（依法须经批准的项目，经相关部门批准后方可开展经营活动）。,1087
688019.SH,Shumin Wang(王淑敏),Zhang Ming(张明),杨逊,22749.2715,20060207,上海,上海市,公司是一家集研发、生产、销售、服务为一体的自主创新的高科技微电子材料公司。公司主营业务为关键半导体材料的研发和产业化，目前产品包括不同系列的化学机械抛光液和光刻胶去除剂，主要应用于集成电路制造和先进封装领域。公司成功打破了国外厂商对集成电路领域化学机械抛光液的垄断，实现了进口替代，使中国在该领域拥有了自主供应能力。公司自成立以来一直致力于为集成电路产业提供以创新驱动的、高性能并具成本优势的产品和技术解决方案，公司坚持自主创新并注重知识产权保护。截至2018年12月31日，公司拥有授权发明专利190项，覆盖中国大陆、中国台湾、美国、新加坡、韩国等多个国家和地区。,关键半导体材料的研发和产业化。,一般项目：电子专用材料制造；电子专用材料销售；电子专用材料研发；技术服务、技术开发、技术咨询、技术交流、技术转让、技术推广；国内贸易代理；进出口代理。（除依法须经批准的项目外，凭营业执照依法自主开展经营活动）。,785
688027.SH,张文强,应勇,童璐,10286.1001,20090527,安徽,合肥市,公司于2009年5月创立于安徽省合肥市，由中国科学技术大学发起组建，是中国首家从事量子通信技术产业化的创新型企业，是中国最大的量子通信设备制造商和系统服务供应商，是规模化量子通信网络技术的开拓者和实践者。公司目前拥有中国最多的量子通信领域技术专利，自主研发的系列化产品涵盖量子通信网络设备、终端设备、核心器件、科学仪器，以及系统性的管控和应用软件等，并提供信息安全整体解决方案。公司是高新技术企业，通过中国质量认证中心iso9001质量管理体系认证，系安徽省唯一的量子通信领域工程技术研究中心依托单位。作为产业先行者，公司秉承实业报国的理念，在全力推进量子通信技术产业化的进程中取得了一系列重要成果：建成世界首个规模化城域量子通信网络“合肥城域量子通信试验示范网”；将量子通信网络化技术在金融领域开拓应用，与中科大、新华社联合建成“金融信息量子通信验证网”；并以成熟可靠的系统性解决方案多次为国家重大活动提供通信安全保障等。,量子通信产品的研发、生产、销售及技术服务，为各类光纤量子保密通信网络以及星地一体广域量子保密通信地面站的建设系统地提供软硬件产品，为政务、金融、电力、国防等行业和领域提供组网及量子安全应用解决方案。,信息系统、量子通信、量子计算及通用量子技术开发、应用、咨询、系统集成服务及相关设备、软件生产、销售、服务（应经行政许可的凭许可证经营）。,521
688037.SH,邓晓军,,刘书杰,20162.7296,20021217,辽宁,沈阳市,公司主要从事半导体专用设备的研发、生产和销售，产品包括光刻工序涂胶显影设备（涂胶/显影机、喷胶机）和单片式湿法设备（清洗机、去胶机、湿法刻蚀机），产品可用于6英寸及以下单晶圆处理（如LED芯片制造环节）及8/12英寸单晶圆处理（如集成电路制造前道晶圆加工及后道先进封装环节）。作为与光刻机配合进行作业的关键处理设备，公司生产的涂胶/显影机成功打破国外厂商垄断并填补国内空白，其中在LED芯片制造及集成电路制造后道先进封装等环节，作为国内厂商主流机型已成功实现进口替代；通过多年的技术研发、实践应用积累以及持续承担国家02重大专项，公司成功突破了应用于集成电路制造前道晶圆加工环节的涂胶显影设备技术，成型产品目前正在长江存储、上海华力等前道芯片制造厂商进行工艺验证。成立以来，公司先后荣获“国家级知识产权优势企业”、“国内先进封装领域最佳设备供应商”、“2018年中国半导体设备五强企业”等多项殊荣，公司产品先后获得“国家战略性创新产品”、“国家重点新产品”等多项荣誉。自2008年我国启动实施“02重大专项”以来，公司作为项目责任单位承担并完成了两项与所处涂胶显影设备领域相关的“02重大专项”项目，分别是“凸点封装涂胶显影、单片湿法刻蚀设备的开发与产业化”项目和“300mm晶圆匀胶显影设备研发”项目，成功突破了包括凸点封装工艺相关的超厚光刻胶膜的涂覆、显影、单片湿法多工艺药液同腔分层刻蚀以及193nm（ArF）光刻工艺超薄胶膜均匀涂敷、精细化显影、精密温控热处理等在内的多项核心关键技术，开发出国产涂胶显影设备并实现量产，成功打破国外厂商垄断，大大降低了国内客户采购成本和对国外设备的依赖。公司产品已实现批量销售，截至2019年3月31日，已累计销售680余台套，目前作为主流机型已成功打入包括台积电、长电科技、华天科技、通富微电、晶方科技、华灿光电、乾照光电、澳洋顺昌等在内的多家国内知名一线大厂；公司集成电路制造前道晶圆加工环节用涂胶显影设备已开发完成，正在长江存储、上海华力等前道芯片制造厂商进行工艺验证，目前国内该类设备主要被日本东京电子（TEL）所垄断；公司集成电路制造前道晶圆加工环节用清洗机产品目前已通过中芯国际（深圳厂）工艺验证并成功实现销售。,主要从事半导体专用设备的研发、生产和销售。,集成电路的生产设备和测试设备及其他电子设备的开发研制、生产与销售，承接相关设备安装工程、技术服务；自营和代理各类商品和技术的进出口业务（国家限定公司经营或禁止进出口的业务除外）（依法须经批准的项目，经相关部门批准后方可开展经营活动）。,1794
688065.SH,XIUCAI LIU(刘修才),杨晨,臧慧卿,72128.9794,20001124,上海,上海市,"公司成立于1997年，是全球首家、也是目前唯一一家利用生物技术大规模实施生物基聚酰胺、生物基戊二胺、长链二元酸、生物丁醇等多项革命性产业化技术的企业。 近年来，凯赛生物开发了生物基戊二胺并生产性能卓越的生物基聚酰胺，并于2014年成功完成产业化试验运行。 凯赛的生物基聚酰胺来源于可再生生物质原料。这是继传统化学法生产的尼龙66和6发明多年后，推出的更先进的“生物制造”新材料。该材料已获得国内外用户广泛认可，可广泛应用于纺织和工程塑料领域。 凯赛生物目前在中国设有1家研发中心和2个生产基地。研发中心位于上海张江高科技园区。其产业化开发平台涵盖了分子生物学、发酵过程工程、高分子材料等专业领域的研究。 位于山东金乡的长链二元酸生产基地于2002年实现产业化，目前年产能为40,000吨。凯赛是该产品的全球最大供应商。这也成为世界上生物法产品取代石油化学法产品的商业成功案例。 新疆乌苏生产基地一期建设预计实现年产能50,000吨生物基戊二胺,年产能100,000吨生物基聚酰胺和年产能30,000吨长链二元酸，将于近期投产。",以合成生物学等学科为基础，利用生物制造技术，从事新型生物基材料的研发、生产及销售的高新技术企业。,技术服务、技术开发、技术咨询、技术交流、技术转让、技术推广；技术进出口；生物基材料技术研发；生物基材料制造；生物基材料销售；生物化工产品技术研发；合成材料制造；合成材料销售；基础化学原料制造；专用化学产品制造（不含危险化学品）；专用化学品销售（不含危险化学品）；化工产品生产（不含许可类化工产品）；化工产品销售（不含许可类化工产品）；工程塑料及合成树脂制造；工程塑料及合成树脂销售；合成纤维制造；合成纤维销售；高性能纤维及复合材料制造；非居住房地产租赁。,1761
688066.SH,王宇翔,廖通逵,王奕翔,26127.8356,20080124,河南,鹤壁市,公司是国内领先的遥感和北斗导航卫星应用服务商， 致力于卫星应用软件国产化、行业应用产业化、应用服务商业化，研发并掌握了具有完全自主知识产权的基础软件平台和核心技术，为政府、军队、企业提供基础软件产品、系统设计开发和数据分析应用服务。公司拥有完全自主可控的卫星应用基础软件平台， 其中遥感图像处理基础软件平台 PIE 于 2017 年入选中央国家机关软件协议供货清单，是遥感类唯一入选的产品。基于自有基础软件平台和核心技术，公司产品实现了遥感信息全要素提取、导航数据高精度定位，以及卫星数据与行业信息的融合应用。,致力于卫星应用软件国产化、行业应用产业化、应用服务商业化，研发并掌握了具有完全自主知识产权的基础软件平台和核心技术，为政府、企业以及其他有关部门提供基础软件产品、系统设计开发和数据分析应用服务。,一般项目：技术服务、技术开发、技术咨询、技术交流、技术转让、技术推广；人工智能基础软件开发；人工智能应用软件开发；数据处理服务；计算机及办公设备维修；工程管理服务；计算机软硬件及辅助设备批发；电子产品销售；机械设备销售；通讯设备销售；国内贸易代理；环境保护监测；技术进出口；进出口代理；货物进出口；卫星通信服务；信息系统集成服务；海洋气象服务；气象观测服务；卫星导航服务；软件开发；地震服务；生态资源监测；计算机系统服务；自然科学研究和试验发展；工程和技术研究和试验发展；农业科学研究和试验发展；智能无人飞行器制造；智能无人飞行器销售；地理遥感信息服务；规划设计管理；卫星遥感应用系统集成；专业设计服务；地质灾害治理服务。（除依法须经批准的项目外，凭营业执照依法自主开展经营活动）许可项目：测绘服务；民用航空器（发动机、螺旋桨）生产；建设工程勘察；建设工程设计；互联网新闻信息服务；通用航空服务；国土空间规划编制；建设工程施工；地质灾害危险性评估；地质灾害治理工程监理；地质灾害治理工程勘查；地质灾害治理工程施工；地质灾害治理工程设计。导航、测绘、气象及海洋专用仪器制造；通信设备制造；移动通信设备制造；移动终端设备制造；移动终端设备销售；移动通信设备销售；海洋环境服务；网络与信息安全软件开发；平面设计；数字内容制作服务（不含出版发行）；水文服务；水环境污染防治服务；卫星技术综合应用系统集成；安防设备制造；公共安全管理咨询服务；生态资源监测；工程技术服务（规划管理、勘察、设计、监理除外）；碳减排、碳转化、碳捕捉、碳封存技术研发。海洋工程装备制造；海洋工程装备销售；海洋工程装备研发；海洋工程平台装备制造；海洋环境监测与探测装备制造；海洋环境监测与探测装备销售；海水养殖和海洋生物资源利用装备销售；劳务派遣服务；火箭发射设备研发和制造。（依法须经批准的项目外，经相关部门批准后方可开展经营活动，具体经营项目以相关部门批准文件或许可证件为准）（不得从事国家和本市产业政策禁止和限制类项目的经营活动）,1488
688070.SH,任斌,任斌,袁一侨,8842.05,20100408,四川,成都市,JOUAV成都纵横自动化技术股份有限公司，成立于2010年，国家高新技术企业。秉承技术创新、航空品质、客户至上的理念，致力于成为世界领先的垂直起降固定翼无人机研发和制造公司。我们提供的工业级垂直起降固定翼无人机系统和行业整体解决方案包括无人飞行平台、有效载荷集成，培训和技术支持。,公司自设立以来专注于工业无人机相关产品的研发、生产、销售及服务，致力于为客户提供智能化、标准化、工具化的工业无人机系统，是国内垂直起降固定翼无人机领域规模领先、最具市场竞争力的工业无人机企业之一。公司以垂直起降固定翼无人机系统为核心产品，目前拥有大鹏 CW007、CW-10、CW-15、CW-20、CW-25、CW-30、CW-100 七大系列垂直起降固定翼无人机系统，最大起飞重量涵盖 6.8~105 千克，航时覆盖1~8 小时，产品广泛应用于测绘与地理信息、巡检、安防监控、应急等领域，报告期内主要客户包括国家基础地理信息中心、各省市测绘院、华测导航、南方测绘、国家电网、南方电网、中国地震局、中国飞行试验研究院等知名企事业单位及科研院所。,研发、生产（另设分支机构或另择经营场地经营）、销售电子产品、无人机、航空器、航空设备及零配件（不含发动机及螺旋桨）；研发、销售工业自动化控制设备、机械设备、软件并提供技术开发、技术咨询、技术转让、技术服务；货物及技术进出口。（依法须经批准的项目，经相关部门批准后方可开展经营活动）。,851
688072.SH,刘静,刘静,赵曦,28269.3012,20100428,辽宁,沈阳市,拓荆科技主要从事高端半导体专用设备的研发、生产、销售和技术服务。公司聚焦的半导体薄膜沉积设备与光刻机、刻蚀机共同构成芯片制造三大主设备。公司主要产品包括等离子体增强化学气相沉积（PECVD）设备、原子层沉积（ALD）设备和次常压化学气相沉积（SACVD）设备三个产品系列，已广泛应用于国内晶圆厂14nm及以上制程集成电路制造产线，并已展开10nm及以下制程产品验证测试。拓荆科技是国内唯一一家产业化应用的集成电路PECVD、SACVD设备厂商，以前后两任董事长为核心的五名国家级海外高层次专家组建起一支国际化的技术团队，形成了三大类半导体薄膜设备产品系列，先后四次承担国家重大科技专项/课题，被中国半导体行业协会评为2016年度、2017年度、2019年度“中国半导体设备五强企业”。公司自设立以来立足自主创新，通过对薄膜沉积设备核心技术的构建，产品在实现薄膜性能参数的同时，满足了综合生产成本相对较低的商业经济性指标。产品已广泛用于中芯国际、华虹集团、长江存储、长鑫存储、厦门联芯、燕东微电子等国内主流晶圆厂产线。公司凭借长期技术研发和工艺积累，打破国际厂商对国内市场的垄断，与国际寡头直接竞争。报告期内，公司在研产品已发往某国际领先晶圆厂参与其先进制程工艺研发。,公司主要从事高端半导体专用设备的研发、生产、销售和技术服务。公司聚焦的半导体薄膜沉积设备与光刻机、刻蚀机共同构成芯片制造三大主设备。公司主要产品包括等离子体增强化学气相沉积（PECVD）设备、原子层沉积（ALD）设备和次常压化学气相沉积（SACVD）设备三个产品系列，已广泛应用于国内晶圆厂14nm及以上制程集成电路制造产线，并已展开10nm及以下制程产品验证测试。,一般项目：企业总部管理；企业管理；企业管理咨询；自有资金投资的资产管理服务；以自有资金从事投资活动；财务咨询；社会经济咨询服务；租赁服务（不含许可类租赁服务）；国内贸易代理；销售代理。（除依法须经批准的项目外，凭营业执照依法自主开展经营活动）。,1695
688083.SH,杜玉林,刘玉峰,字应坤,16964.6246,19980824,广东,广州市,公司是国内领先的研发设计类工业软件供应商，主要从事CAD/CAM/CAE等研发设计类工业软件的研发、推广与销售业务。公司成立之初专注于2DCAD软件的研发与销售工作，秉承着成为世界一流的工业软件供应商的愿景，打造易操作、兼容性强、功能完善的工业设计绘图软件，为客户提供优质的软件产品及服务。凭借着在2DCAD软件领域20年的深耕细作及持续研发投入，公司在业内知名度和认可度逐步提高，品牌优势逐渐形成，逐步打破了我国2DCAD软件领域由欧美垄断的局面，为实现2DCAD软件产品国产化、自主化作出较大贡献。在不断完善2DCAD软件的同时，公司也在积极寻求进入3DCAD/CAM软件领域的机会。公司于2010年收购了成立于1985年的VX公司的知识产权及团队，于2010年正式推出首款3DCAD软件ZW3D。在此基础之上，公司进行了近10年的高投入自主研发，结合国内外用户在多应用场景下的实践经验，经过对产品不断更新迭代，最终打造成为具有多种建模功能、高兼容性及自主几何建模内核的3DCAD平台软件ZW3D。2019年公司开始新一代3DCAD几何建模内核的研发，拟进一步扩大3DCAD建模技术在高端制造业的应用，同时为面向智能建造行业的BIM技术提供底层支撑，为国内智能制造、智能建造、流程工厂行业提供中国自主知识产权的3D几何建模内核。随着高端制造业的不断发展，应用于高端制造设计场景的CAE技术需求增长迅速，公司于2018年成立CAE研发中心，并于2019年推出了首款全波三维电磁仿真软件ZWSim-EM，拉开了公司向CAE软件领域进军的序幕。过去二十年，公司通过持续钻研，成功构建了ZWCAD、ZW3D、ZWSim-EM的产品矩阵，实现了工业设计、工业制造、仿真分析、建筑设计等关键领域的全覆盖。未来二十年，公司将致力于打造涵盖设计、制造、仿真的CAX一体化软件平台，致力于成为比肩达索的世界一流工业软件供应商。,CAD/CAM/CAE等研发设计类工业软件的研发、推广与销售业务。,软件开发;业务培训（不含教育培训、职业技能培训等需取得许可的培训）；教育咨询服务（不含涉许可审批的教育培训活动）；信息技术咨询服务；技术服务、技术开发、技术咨询、技术交流、技术转让、技术推广；计算机软硬件及辅助设备零售；软件销售；非居住房地产租赁；许可经营项目：货物进出口；技术进出口；非居住房地产租赁；第二类增值电信业务；办公设备销售；日用品销售,1779
688107.SH,谢文录,文华武,吴浩然,40084.9367,20111118,上海,上海市,"上海安路信息科技股份有限公司成立于2011年,总部位于浦东新区张江科学城。安路科技专注于FPGA芯片设计领域,通过多年的技术积累,公司在FPGA芯片设计技术、SoC系统集成技术、FPGA专用EDA软件技术、FPGA芯片测试技术和FPGA应用解决方案等领域均有技术突破。专家团队,公司创始人及核心团队由来自海外高级技术管理人才及资深集成电路和软件行业人员组成。公司拥有一支技术精湛、追逐创新的研发团队,研发人员毕业于国内外著名高校,截至2020年底,公司研发及技术人员中53.03%以上拥有硕士及以上学历。业务范围,自成立以来,公司密切跟踪行业发展趋势及下游需求变化,建立了完善的产品体系。根据产品的性能特点与目标市场的应用需求,公司的FPGA芯片产品目前形成了以SALPHOENIX高性能产品系列、SALEAGLE高性价比产品系列和SALELF低功耗产品系列组成的产品矩阵。公司产品广泛应用于工业控制、网络通信、消费电子、数据中心等领域。公司根植本土,面向世界,矢志改变行业格局,以成为中国国产FPGA芯片的产业创新者和国际市场FPGA芯片的重要竞争者为愿景。",FPGA芯片和专用EDA软件的研发、设计和销售,一般项目：集成电路芯片及产品销售；集成电路销售；集成电路芯片设计及服务；软件开发；软件销售；信息系统集成服务；信息技术咨询服务；机械设备租赁；技术服务、技术开发、技术咨询、技术交流、技术转让、技术推广（除依法须经批准的项目外，凭营业执照依法自主开展经营活动）。许可项目：技术进出口；货物进出口（依法须经批准的项目，经相关部门批准后方可开展经营活动，具体经营项目以相关部门批准文件或许可证件为准）。,505
688111.SH,邹涛,章庆元,潘磊,46337.2121,20111220,北京,北京市,"公司是国内领先的办公软件和服务提供商，主要从事WPS Office办公软件产品及服务的设计研发及销售推广。公司产品主要包括WPS Office办公软件和金山词霸等，可在Windows、Linux、MacOS、Android、iOS 等众多主流操作平台上应用；公司服务主要包括基于公司产品及相关文档的增值服务以及互联网广告推广服务，为客户提供一站式、多平台应用解决方案。公司拥有办公软件领域30余年研发经验及技术积累，旗下主要产品及服务皆由公司自主研发，对核心技术具有自主知识产权。公司重点针对文字排版技术、电子表格计算技术、动画渲染技术、在线协同编辑、安全文档以及数据协同共享等多种关键技术进行深入研究，通过核心技术的突破，建立互联网云办公应用服务体系，创建智能办公新模式，全面提升用户体验。2018年12月,公司主要产品月度活跃用户数（MAU）超过3.10亿，其中WPS Office 桌面版月度活跃用户数超过1.20亿，领先其他国产办公软件；WPSOffice 移动版月度活跃用户数超过1.81亿；公司其他产品（如金山词霸等）月度活跃用户数接近0.10亿。WPS Office 移动版已覆盖全球超过220个国家和地区，在全球 Google Play、中国 App Store 的办公软件应用市场中排名前列，并持续保持领先地位。公司产品及服务在政府、金融、能源、航空等多个重要领域得到广泛应用，在政府部门优势尤其明显，目前已覆盖 30 多个省市自治区政府、400 多个市县级政府。截至2018年12月底，《财富》杂志披露的“世界500强”中的120家中国企业，公司已服务69家，比例达 57.50%；国内96家央企中，公司所服务的客户已达82家，比例达85.41%；特别在金融行业，全国五大国有商业银行均为公司客户，在 12 家全国性股份制商业银行中，公司所服务的客户已达 11 家，比例达91.67%。公司所服务的企业客户有：中国石油天然气集团公司、国家电网公司、中国工商银行股份有限公司、中国南方航空股份有限公司、中国航天科工集团公司等。公司为适应客户的安全可靠需求，自主研发的 WPS Office Linux 版本已经全面支持国产整机平台（如：龙芯、飞腾、兆芯、申威等芯片）和国产操作系统，并在国家“十二五”、“十三五”期间的“核高基”多项重大示范工程项目中完成系统适配和应用推广。",WPS Office办公软件产品及服务的设计研发及销售推广。,开发办公软件；销售自行研发的软件产品；计算机系统集成；技术服务、技术咨询；批发计算机软、硬件及辅助设备、通信产品；货物进出口、技术进出口；（不涉及国营贸易管理商品；涉及配额许可证管理商品的按照国家有关规定办理申请手续），设计、制作、代理、发布广告；出版物批发。（依法须经批准的项目，经相关部门批准后依批准的内容开展经营活动）。,6048
688122.SH,冯勇,杜予晅,王凯旋,64966.4497,20030228,陕西,西安市,公司主要从事高端钛合金材料、超导产品和高性能高温合金材料的研发、生产和销售。公司是我国高端钛合金棒丝材、锻坯主要研发生产基地之一；是目前国内唯一的低温超导线材商业化生产企业，是目前全球唯一的铌钛锭棒、超导线材、超导磁体的全流程生产企业；也是我国高性能高温合金材料重点研发生产企业之一。,"高端钛合金材料,超导产品和高性能高温合金材料的研发,生产和销售。",一般项目：超导材料制造；金属材料制造；有色金属合金制造；金属丝绳及其制品制造；锻件及粉末冶金制品制造；钢压延加工；稀有稀土金属冶炼；有色金属压延加工；通用零部件制造；机械零件、零部件加工；金属链条及其他金属制品制造；烘炉、熔炉及电炉制造；通用设备制造（不含特种设备制造）；冶金专用设备制造；模具制造；专用设备制造（不含许可类专业设备制造）；机械电气设备制造；工业自动控制系统装置制造；超导材料销售；金属材料销售；有色金属合金销售；金属丝绳及其制品销售；锻件及粉末冶金制品销售；新型金属功能材料销售；高品质特种钢铁材料销售；金属基复合材料和陶瓷基复合材料销售；民用航空材料销售；高性能有色金属及合金材料销售；机械零件、零部件销售；金属链条及其他金属制品销售；烘炉、熔炉及电炉销售；机械电气设备销售；冶金专用设备销售；模具销售；工业自动控制系统装置销售；电子元器件与机电组件设备销售；标准化服务；货物进出口；技术进出口；新材料技术研发；新材料技术推广服务；技术服务、技术开发、技术咨询、技术交流、技术转让、技术推广；工程和技术研究和试验发展；土地使用权租赁；非居住房地产租赁；机械设备租赁。,1758
688188.SH,唐晔,谢淼,周荇,28968.3816,20070911,上海,上海市,公司是一家从事激光切割控制系统的研发、生产和销售的高新技术企业和重点软件企业，是国家首批从事光纤激光切割成套控制系统开发的民营企业，致力于为激光加工提供稳定、高效的自动化控制解决方案，推动中国工业自动化的发展。公司经过多年的积累，已掌握先进的随动控制技术与激光切割控制技术，使公司在中低功率激光加工控制领域处于国内领先地位。迄今为止，公司已为超过三百家的激光加工设备制造商提供成套的系统解决方案。公司还先后荣获“上海市小巨人企业”，上海市“专精特新”企业，“闵行区小巨人培育企业”，“闵行区研发机构”等多项企业荣誉。,激光切割控制系统的研发、生产和销售。,一般项目：从事计算机科技、电子科技、机电科技领域内的技术服务、技术开发、技术咨询、技术交流、技术转让、技术推广；计算机软硬件及辅助设备批发；计算机软硬件及辅助设备零售；通讯设备销售；仪器仪表销售；电子元器件与机电组件设备销售；互联网销售（除销售需要许可的商品）；计算机软硬件及外围设备制造；物联网技术研发；工业互联网数据服务；互联网数据服务；互联网信息服务；电机及其控制系统研发；机械设备研发；智能机器人的研发；人工智能应用软件开发。【除依法须经批准的项目外，凭营业执照依法自主开展经营活动】,1283
688206.SH,杨廉峰,杨廉峰,郑芳宏,43657.8835,20100318,上海,上海市,概伦电子是一家具备国际市场竞争力的EDA企业，拥有领先的EDA关键核心技术，致力于提高集成电路行业的整体技术水平和市场价值，提供专业高效的EDA流程和工具支撑。公司通过EDA方法学创新，推动集成电路设计和制造的深度联动，加快工艺开发和芯片设计进程，提高集成电路产品的良率和性能，增强集成电路企业整体市场竞争力。公司的主营业务为向客户提供被全球领先集成电路设计和制造企业长期广泛验证和使用的EDA产品及解决方案，主要产品及服务包括制造类EDA工具、设计类EDA工具、半导体器件特性测试仪器和半导体工程服务等。公司的主要客户包括台积电、三星电子、SK海力士、美光科技、联电、中芯国际等全球领先的集成电路企业。,概伦电子是一家具备国际市场竞争力的EDA企业，拥有领先的EDA关键核心技术，致力于提高集成电路行业的整体技术水平和市场价值，提供专业高效的EDA流程和工具支撑。公司通过EDA方法学创新，推动集成电路设计和制造的深度联动，加快工艺开发和芯片设计进程，提高集成电路产品的良率和性能，增强集成电路企业整体市场竞争力。,一般项目：集成电路设计；集成电路芯片设计及服务；软件开发；信息系统集成服务；技术服务、技术开发、技术咨询、技术交流、技术转让、技术推广；电子测量仪器制造；电子元器件制造；机械设备研发；集成电路销售；集成电路芯片及产品销售；软件销售；电子产品销售；电子测量仪器销售；计算机软硬件及辅助设备批发；计算机软硬件及辅助设备零售；电子元器件批发；电子元器件零售；住房租赁；非居住房地产租赁；货物进出口；技术进出口。(除依法须经批准的项目外，凭营业执照依法自主开展经营活动)。,608
688228.SH,汪敏,严妍,马文婧,6755.076,20000417,广东,东莞市,公司致力于研发数字内容管理和大数据相关的核心技术，为全国各级党政机关、大中型企业、媒体单位提供互联网内容服务平台的建设、运维以及大数据服务。在统筹实施网络强国战略、大数据战略、“互联网+”行动，以信息化推进国家治理体系和治理能力现代化的背景下，党政机关、大中型企业、媒体单位正积极向数字政府、数字企业和数字媒体转型升级，以充分发挥互联网对数字资源配置的优化和融合作用，提升数字内容管理和大数据服务效能。公司把握这一发展趋势，形成了覆盖互联网内容服务平台的建设、运维和运营的完整的业务生态，具有良好的发展前景和广阔的市场空间。公司已经积累了涵盖数字内容采集、分析、存储和应用全生命周期管理的六大核心技术，尤其专注于运用人工智能前沿的自然语言处理和深度学习技术对大规模文本内容进行实时处理和分析，开发出互联网内容服务平台和大数据服务平台两大业务支撑平台。其中，互联网内容服务平台形成了互联网智慧门户、政务服务平台、融媒体平台等应用场景的解决方案，大数据服务平台形成了云监测、内容安全、云搜索等 SaaS 模式的大数据服务。,为全国各级党政机关、大中型企业、媒体单位提供互联网内容服务平台的建设、运维以及大数据服务,电子商务应用、网络工程、软件及网络系统集成开发；网络技术咨询服务；自营和代理各类商品和技术的进出口，但国家限定公司经营或禁止进出口的商品和技术除外。（依法须经批准的项目，经相关部门批准后方可开展经营活动）,871
688235.SH,欧雷强,"John V. Oyler(欧雷强),Lai Wang(汪来),Xiaobin Wu(吴晓滨)",,15.4142,20180628,境外,境外,百济神州有限公司是一家主要从事生物制药业务的公司。该公司主要从事用于治疗癌症的创新分子靶向及免疫肿瘤药物的研发，生产和销售业务。该公司的主要产品包括Zanubrutinib（BGB-3111），Tislelizumab（BGB-A317）和Pamiparib（BGB-290）等。,研究、开发、生产以及商业化创新型药物。,主要从事研发分子靶向药物、创立免疫肿瘤疗法、优化联合的用药方案,11825
688256.SH,陈天石,陈天石,叶淏尹,62829.2969,20160315,北京,北京市,"公司的主营业务是应用于各类云服务器、边缘计算设备、终端设备中人工智能核心芯片的研发、设计和销售，为客户提供丰富的芯片产品与系统软件解决方案。公司的主要产品包括终端智能处理器IP、云端智能芯片及加速卡、边缘智能芯片及加速卡以及与上述产品配套的基础系统软件平台。
公司自成立以来一直专注于人工智能芯片产品的研发与技术创新，致力于打造人工智能领域的核心处理器芯片，让机器更好地理解和服务人类。公司核心人员在处理器芯片和人工智能领域深耕十余年，带领公司研发了智能处理器指令集与微架构等一系列自主创新关键技术。经过不断的研发积累，公司产品在行业内赢得高度认可，广泛应用于消费电子、数据中心、云计算等诸多场景。采用公司终端智能处理器IP的终端设备已出货过亿台；云端智能芯片及加速卡也已应用到国内主流服务器厂商的产品中，并已实现量产出货；边缘智能芯片及加速卡的发布标志着公司已形成全面覆盖云端、边缘端和终端场景的系列化智能芯片产品布局。",应用于各类云服务器、边缘计算设备、终端设备中人工智能核心芯片的研发、设计和销售，为客户提供丰富的芯片产品与系统软件解决方案。,技术开发、技术推广、技术转让、技术咨询、技术服务；技术进出口、货物进出口；计算机系统服务；软件开发；销售计算机软件及辅助设备。（企业依法自主选择经营项目，开展经营活动；依法须经批准的项目，经相关部门批准后依批准的内容开展经营活动；不得从事本市产业政策禁止和限制类项目的经营活动。）,1107
688271.SH,张强,"GUOSHENG TAN,JUN BAO",TAO CAI,82415.7988,20110321,上海,上海市,"上海联影医疗科技股份有限公司致力于为全球客户提供高性能医学影像设备、放射治疗产品、生命科学仪器及医疗数字化、智能化解决方案。公司总部位于上海,同时在美国、马来西亚、阿联酋、波兰等地设立区域总部及研发中心,在上海、常州、武汉、美国休斯敦进行产能布局,已建立全球化的研发、生产和服务网络。
自设立以来,公司持续进行高强度研发投入,致力于攻克医学影像设备、放射治疗产品等大型医疗装备领域的核心技术;经过多年努力,公司已经构建包括医学影像设备、放射治疗产品、生命科学仪器在内的完整产品线布局。截至报告期末,公司累计向市场推出70余款产品,包括磁共振成像系统(MR)、X射线计算机断层扫描系统(CT)、X射线成像系统(XR)、分子影像系统(PET/CT、PET/MR)、医用直线加速器系统(RT)以及生命科学仪器。在数字化诊疗领域,公司基于联影云系统架构,提供联影医疗云服务,实现设备与应用云端协同及医疗资源共享,为终端客户提供综合解决方案。
公司以全球化视野吸纳行业人才,组建了具备资深行业管理与技术经验的专业团队。截至报告期末,公司共有近2,000名研发人员,占公司员工总数比例超过35%;公司超过1,700人拥有硕士或博士学历,超过350人具备海外教育背景或工作经历。截至报告期末,公司已获得授权发明专利超过1,500项,其中境内发明专利超过1,100项,海外发明专利超过380项。此外,公司已牵头承担近40项国家级及省级研发项目,包括近20项国家级科技重大专项,并荣获2020年度国家科学技术进步奖一等奖、2020年度上海市科技进步奖一等奖、上海市重点产品质量攻关成果奖(2020年)一等奖、第21届中国国际工业博览会大奖、中国专利优秀奖、第十八届中国专利金奖、2017年中国商标金奖等众多荣誉奖项。
公司产品自上市以来已入驻全国近900家三甲医院,获得终端客户的广泛认可。根据复旦大学医院管理研究所发布的“2020中国医院排行榜-全国综合排行榜”,其中全国排名前10的医疗机构均为公司用户,排名前50的医疗机构中,公司用户达49家。按2020年度国内新增台数口径,公司MR、CT、PET/CT、PET/MR及DR产品排名均处在行业前列,其中MR产品在国内新增市场占有率排名第一,1.5T及3.0TMR分别排名第一和第四;CT产品在国内新增市场占有率排名第一,64排以下CT排名第一、64排及以上CT排名第四;PET/CT及PET/MR产品在国内新增市场占有率均排名第一;DR及移动DR产品在国内新增市场占有率分别排名第二和第一。
在2020年席卷全球的新冠肺炎疫情中,公司积极践行科技抗疫。公司针对抗疫需求开展紧急研发并快速实现定制化方舱CT的量产;此外,公司积极配合上海市公共卫生临床中心建设上海市发热门诊,“发热门诊上海模式”由国家卫健委发文在全国推广。2020年9月在国务院“全国抗击新冠疫情表彰大会”上,公司荣获“抗疫先进集体”,是高端医学影像设备行业唯一一家入选的企业。与此同时,公司还向乌克兰、泰国、日本、美国等近30个国家及地区紧急驰援高端医学影像设备及专家团队,积极助力全球抗疫。",提供高性能医学影像设备、放射治疗产品、生命科学仪器及医疗数字化、智能化解决方案。,许可项目：第二类医疗器械生产；第三类医疗器械生产；第三类医疗器械经营；第三类医疗器械租赁；第二类增值电信业务；医疗器械互联网信息服务。（依法须经批准的项目，经相关部门批准后方可开展经营活动，具体经营项目以相关部门批准文件或许可证件为准）一般项目：第二类医疗器械销售；第二类医疗器械租赁；专业设计服务；电子元器件批发；金属材料销售；汽车零配件批发；汽车零配件零售；汽车销售；货物进出口；技术进出口；机动车修理和维护；专用设备修理；技术服务、技术开发、技术咨询、技术交流、技术转让、技术推广；机械设备销售；机械零件、零部件销售；机械电气设备销售；信息系统集成服务；信息系统运行维护服务；计算机软硬件及辅助设备批发；计算机软硬件及辅助设备零售；计算机软件及外围设备制造；软件销售；数据处理和存储支持服务。（除依法须经批准的项目外，凭营业执照依法自主开展经营活动）,8703
688277.SH,张送根,徐进,黄军辉,45599.2034,20101022,北京,北京市,"北京天智航医疗科技股份有限公司成立于2005年，注册资本3.76亿元，专业从事骨科手术机器人的研发、生产和临床应用，是国内首家、全球第五家取得医疗机器人注册许可证的企业，是中国机器人TOP10成员企业、北京市G20成员企业，医疗机器人北京市工程实验室依托单位、中国生物医学工程学会医用机器人分会副主任委员单位、北京智能机器人产业联盟副理事长单位、中关村医疗器械产业联盟理事长单位。
以计算机辅助手术导航和医疗机器人为核心，天智航融汇权威专科医院和权威专家群体知识和经验，搭建数字化手术环境，提供智能微创手术整体解决方案,坚持为临床治疗提升精准 、微创的创新技术和设备平台 ；依托国家人口与健康科学数据共享平台，为各级医疗机构提供临床远程服务。",专注于骨科手术导航定位机器人的研发、生产、销售和服务。,技术开发、技术咨询、技术转让、技术服务；施工总承包、专业承包、劳务分包；销售电子产品、机械设备、Ⅰ类医疗器械、Ⅱ类医疗器械；经济信息咨询；货物进出口、技术进出口、代理进出口；销售医疗器械Ⅲ类（以《医疗器械经营企业许可证》核定的范围为准）；生产医疗器械（Ⅰ、Ⅱ、Ⅲ类）（以《医疗器械生产企业许可证》核定的范围为准）。（市场主体依法自主选择经营项目，开展经营活动；依法须经批准的项目，经相关部门批准后依批准的内容开展经营活动；不得从事国家和本市产业政策禁止和限制类项目的经营活动。）,334
688295.SH,张健,陈秋飞,金亮,90000.0,20060302,江苏,连云港市,中复神鹰是一家专业从事碳纤维研发、生产和销售的国家高新技术企业，对外销售产品主要为碳纤维。碳纤维具有出色的力学性能和化学稳定性，密度比铝低、强度比钢高，是目前已大量生产的高性能纤维中具有最高的比强度和最高的比模量的纤维，广泛应用于航空航天、风电叶片、体育休闲、压力容器、碳/碳复合材料、交通建设等领域。,公司是一家专业从事碳纤维研发、生产和销售的国家高新技术企业，对外销售主要产品为碳纤维，主要产品型号包括SYT45、SYT45S、SYT49S、SYT55S、SYT65和SYM40等，其中，SYT45S、SYT49、SYT49S属于T700级碳纤维，SYT55S属于T800级碳纤维，SYT65属于T1000级碳纤维，公司产品涵盖了高强型、高强中模型、高强高模型等类别，在航空航天、风电叶片、体育休闲、压力容器、碳/碳复合材料、交通建设等领域广泛应用,碳纤维原丝、碳纤维、碳纤维制品的研发、制造与销售；承接相关工程设计、提供技术咨询服务；自营和代理各类商品及技术的进出口业务，但国家限定或禁止经营的商品及技术除外。（依法须经批准的项目，经相关部门批准后方可开展经营活动）,3267
688297.SH,张晓军,曾强,杨萍,67500.0,20070801,四川,成都市,中航（成都）无人机系统股份有限公司成立于2007-08-01，法定代表人为蒋敏，注册资本为54000万元人民币，统一社会信用代码为915101006653023886，企业地址位于成都高新西区西芯大道四号，所属行业为研究和试验发展，经营范围包含：无人机系统、空天飞行器及其配套产品的设计、生产、修理、销售、租赁、售后服务和技术开发、技术转让、技术咨询、技术服务。（依法须经批准的项目，经相关部门批准后方可展开经营活动）。中航（成都）无人机系统股份有限公司目前的经营状态为存续（在营、开业、在册）。,从事无人机系统的设计研发、生产制造、销售和服务。,无人机系统、空天飞行器及其配套产品的设计、生产、修理、销售、租赁、售后服务和技术开发、技术转让、技术咨询、技术服务。,732
688305.SH,于本宏,陈虎,朱莉华,13290.6678,20080128,辽宁,大连市,"科德数控股份有限公司（科德数控）是大连光洋科技集团有限公司的控股公司，是中国本土专业化高档数控系统和关键功能部件的完整产业制造商；是国内制造类企业中，实现“机床和控制、反馈装置及电机一体化”的知名供应商；凭借高度专业自主化程度，目前科德已经成长为国内颇具规模的五轴装备产销基地。
公司拥有专业的技术研发团队及完善的生产、市场、售后体系，能为用户提供数控领域完整解决方案。未来依托光洋集团投资建设的25万平米智能制造装备产业园，通过大数据+互联网+物联网+人工智能+智能供配电+智能环境监控的应用，可使各类生产设备、辅助设备互联互通，实现数字化、智能化工厂管控，助推公司产业高质量发展升级。
目前公司生产的主要产品包括：KMC系列五轴立式(车铣复合)加工中心、KTX系列五轴铣车复合加工中心、KGHM系列天车型五轴龙门加工中心、KToolG系列五轴工具磨削中心、KHMC系列五轴卧式加工中心、KTurboM系列五轴叶片铣削加工中心、德创DerThrone系列精益型五轴加工中心等国产高档数控机床；GNC62系列高端数控系统、GDU系列伺服驱动系统；各类伺服电机、力矩电机、直线电机、主轴电机；角度传感、直线激光干涉仪及反馈尺、激光对刀仪、无线工件测头；各类直驱摆角铣头、回转工作台；各类电主轴等。",高端五轴联动数控机床及其关键功能部件、高档数控系统的研发、生产、销售及服务,数控系统、五轴数控机床及附件、工业机器人、电机研发、生产、销售、技术开发、技术转让、技术服务、技术咨询；软件开发；工业生产线研发、设计；货物进出口、技术进出口。（依法须经批准的项目，经相关部门批准后方可开展经营活动）。,732
688313.SH,葛海泉,吕克进,梅雪,45198.6328,20101026,河南,鹤壁市,公司聚焦光通信行业，主营业务覆盖光芯片及器件、室内光缆、线缆材料三大板块，主要产品包括PLC分路器芯片系列产品、AWG芯片系列产品、DFB激光器芯片系列产品、光纤连接器、室内光缆、线缆材料等。公司产品主要应用于骨干网和城域网、光纤到户、数据中心、4G/5G建设等，成功实现了PLC分路器芯片和AWG芯片的量产。公司秉承“以芯为本”的理念，保持对光芯片及器件的持续研发投入，不断强化技术创新、掌握自主芯片的核心技术。经过多年的研发和产业化积累，针对光通信行业核心的芯片环节，公司系统建立了覆盖芯片设计、晶圆制造、芯片加工、封装测试的IDM全流程业务体系，应用于多款光芯片开发，突破一系列关键技术。同时，针对光通信行业应用场景多元化、复杂化的发展趋势，公司凭借在室内光缆领域的多年业务积累，持续整合在“光纤连接器—室内光缆—线缆材料”方面的协同优势，通过不断改进各产品环节的性能指标提升光纤连接器等产品整体竞争力。依托光芯片及器件、室内光缆以及线缆材料协同发展，公司在光通信行业的综合实力稳步提升。,覆盖光芯片及器件、室内光缆、线缆材料三大板块,光集成芯片及光电芯片、器件、模块、子系统的研制、生产、销售和相关技术服务；传感应用的器件、模块、子系统的研制、生产、销售和相关技术服务；从事货物及技术进出口业务。（依法须经批准的项目，经相关部门批准后方可开展经营活动）。,3829
688331.SH,王威东,FANG JIANMIN(房健民),温庆凯,56447.7483,20080704,山东,烟台市,荣昌生物制药（烟台）股份有限公司是一家从事生物药物的研发和商业化的中国公司。该公司的临床阶段候选药物包括用于治疗系统性红斑狼疮的泰它西普（RC18），以及用于治疗胃癌的disitamab vedotin（RC48）。,研发、生产和销售医药产品,研发、生产和销售医药产品、诊断试剂产品，以及进行与上述产品及其研发相关的技术服务、技术转让，货物或技术进出口（国家禁止或涉及行政审批的货物和技术进出口除外）。（依法须经批准的项目，经相关部门批准后方可开展经营活动）。,3048
688339.SH,张国强,张国强,康智,24053.2081,20120712,北京,北京市,北京亿华通科技股份有限公司是一家主要从事燃料电池系统制造的中国公司。该公司主要为客车及货车等商用车设计、开发和制造燃料电池系统及电堆。该公司的业务包括燃料电池系统销售、燃料电池部件销售和技术开发服务。该公司提供及出售各种功率输出不同的燃料电池系统型号，包括30kW、40kW、50kW、60kW、80kW、100kW、120kW等。,专注于氢燃料电池发动机系统研发及产业化的高新技术企业，致力于成为国际领先的氢燃料电池发动机供应商。,技术服务、技术开发、技术咨询、技术交流、技术转让、技术推广；信息技术咨询服务；计算机系统服务；知识产权服务（专利代理服务除外）；数据处理服务；计算机软硬件及外围设备制造；汽车零配件批发；汽车零配件零售；会议及展览服务；货物进出口；进出口代理；技术进出口；进出口商品检验定；工业设计服务；汽车零部件及配件制造。许可项目：燃气经营；燃气汽车加气经营。（经营场所：北京市海淀区中关村科技园区永丰高新技术产业基地北京氢能示范园示范车维修车库）,482
688387.SH,孙晓南,范志文,张京红,341875.0,19981229,湖北,武汉市,中信科移动通信技术股份有限公司，简称“中信科移动”，是大型高科技中央企业中国信息通信科技集团有限公司下属核心企业，由大唐移动通信设备有限公司和武汉虹信通信技术有限责任公司联合重组而成。是中国信科集团无线移动通信产业的承载主体和5G产业化的主导企业。,公司围绕运营商基站建设与无线网络覆盖的业务主线，以自主研发的移动通信核心技术为基础，以一系列移动通信网络设备等硬件产品为载体，为客户提供包含硬件、软件、组网和优化服务在内的移动通信网络部署综合解决方案，具体包括移动通信网络设备以及移动通信技术服务。,通信系统及终端、仪器仪表、电子信息、电子技术、自动化技术、电子计算机软硬件及外部设备的开发、生产、销售；开发销售应用软件；技术开发、技术转让、技术咨询、技术服务、技术推广；通信信息网络系统集成（业务网、支撑网）；安全技术防范系统（工程）设计施工；施工总承包、专业承包；工程勘察设计；工程和技术研究与试验发展；通信工程、设备安装工程施工；计算机信息系统集成；货物进出口、技术进出口（国家有专项规定的、从其规定）、代理进出口；防雷设计与施工；交通机电设施工程的设计、安装、维护及交通机电设施产品的销售；汽车电子产品设计、研发、制造；通信类杆或塔的生产制造及安装（国家规定凭许可证经营的凭许可证方可经营）。,4210
688418.SH,吴闽华,吴闽华,周春华,19255.4634,20050404,广东,深圳市,深圳震有科技股份有限公司（股票代码：688418）成立于2005年，是国家级高新技术企业，专注于基础通信设备研发与行业数字化解决方案，业务涵盖运营商公网通信和行业专网应用两大板块。在公网通信领域，公司具备核心层、接入层、汇聚层全系列产品及解决方案能力；在专网通信领域，公司深度布局智慧矿山、低空经济、智慧应急和智慧石化，提供从通信设备到上层平台的一体化解决方案。震有科技坚持“国内海外双轮驱动”发展战略，积极布局“新质生产力”赛道，特别是在卫星互联网领域，在卫星侧、地面侧及终端三个方向持续推进关键技术突破，已成为面向全球的卫星通信解决方案供应商。,为电信运营商、政府、电力、煤矿等多个行业的部门及企业提供通信系统设备的研发、设计和销售，并为客户提供专业完善的定制化通信技术解决方案。,计算机软硬件、电子产品的技术开发及购销；通信信息咨询；经济信息咨询（不含证券咨询、人才中介服务和其他限制项目）；计算机系统集成、通信工程、通信设备、工业自动化、光传输设备、防爆电器、安全技术防范工程、水情自动化系统相关工程、建筑机电安装工程、城市及道路照明工程、建筑智能化工程的设计及施工；国内贸易；经营进出口业务；销售特种车及零部件，销售车辆的售后服务。安防设备销售；安防设备制造；消防器材销售；智能无人飞行器制造；电池销售；输配电及控制设备制造；智能输配电及控制设备销售；电池零配件销售；电池制造。（除依法须经批准的项目外，凭营业执照依法自主开展经营活动）电子产品的生产；软交换设备、矿用通信及自动化产品的生产。（依法须经批准的项目，经相关部门批准后方可开展经营活动，具体经营项目以相关部门批准文件或许可证件为准）,1242
688538.SH,唐均君,刘惠然,李凤玲,1380943.7625,20121029,上海,上海市,"公司是国内知名的AMOLED半导体显示面板制造商，专注于中小尺寸AMOLED半导体显示面板的研发、生产及销售。公司是国务院国有企业改革领导小组确认的“百户科技型企业深化市场化改革提升自主创新能力专项行动”入选企业，被国家工信部评为工业企业知识产权运用试点企业，被国家知识产权局评为国家知识产权优势企业，是高新技术企业和上海市专利工作示范企业。截至2020年6月30日，公司在中国、美国、日本、韩国以及中国台湾等国家和地区专利局获得受理的专利申请2,046件，其中获得授权专利796项，所获授权专利中发明专利595项。公司是行业内最早实现AMOLED量产的境内厂商，建设有2条不同世代生产线以满足下游不同应用领域、不同规格类型的多样化需求。其中，第4.5代AMOLED生产线量产产能15K/月；第6代AMOLED生产线规划产能30K/月，其中已量产产能15K/月，另外15K/月产能部分设备已运抵车间。公司现有第4.5代、第6代AMOLED生产线均可生产刚性及柔性AMOLED半导体显示面板产品，其中公司刚性AMOLED半导体显示面板量产产能位居国内首位、全球第二，具有产能优势。自设立以来，公司持续深耕中小尺寸AMOLED半导体显示面板，量产产品主要应用于智能手机、智能穿戴以及平板/笔记本电脑等消费类终端电子产品，同时积极研发适用于车载显示、工控显示、医疗显示等专业显示领域的相关AMOLED半导体显示面板产品。根据Omdia数据，2019年公司智能手机AMOLED半导体显示面板出货量位列全球第2名、国内第1名，公司智能穿戴领域中的智能手表AMOLED半导体显示面板出货量位列全球第3名、国内第1名。在平板/笔记本电脑领域，公司于2020年二季度实现AMOLED半导体显示面板量产出货，是国内首家实现AMOLED半导体显示面板量产出货的厂商，也是全球继三星电子之后第2家量产出货AMOLED半导体显示面板的行业厂商。近年来，凭借研发创新、生产制造、产业运营等方面的优势，公司在消费类终端电子产品市场积累了众多知名品牌客户，成为其AMOLED半导体显示面板供应商。其中，在智能手机领域，应用公司产品的知名品牌厂商包括华为和小米等；在智能穿戴领域，应用公司产品的知名品牌厂商包括华为、步步高（小天才）、小米、OPPO和VIVO等；在平板/笔记本领域，应用公司产品的知名品牌厂商包括步步高和联想等。",中小尺寸AMOLED半导体显示面板的研发、生产及销售。,显示器及模块的系统集成、生产、设计、销售，并提供相关的技术开发、技术转让、技术咨询和技术服务，显示器组件及电子元件销售，从事货物进出口与技术进出口业务，实业投资（以工商登记为准）。,3347
688558.SH,潘卫国,卫小虎,卫红燕,13200.0,19990831,江苏,南通市,公司作为国内领先的金属切削类中高档数控机床以及智能自动化生产线提供商，主要围绕下游精密模具、新能源、航空航天、轨道交通、3D打印、工业阀门等领域的客户的应用场景和个性化需求，提供包括技术研发、方案设计、关键部件研制、软件二次开发与优化、系统集成、安装调试、售后技术支持等环节在内的智能制造一体化解决方案，形成了数控机床、智能自动化生产线、高端装备部件三大系列产品。公司自成立以来，始终坚持以技术创新为先导、以质量保证创品牌、以优质服务求信誉的技术型、服务型企业定位，在误差控制、可靠性、复合成套加工、高性能装备部件、二次开发与优化等五大智能制造装备关键技术领域进行技术攻关并取得重大突破，成功开发出以五轴联动数控机床为代表的高档数控机床系列产品以及智能自动化生产线，在金属切削数控机床领域整体技术水平达到国内领先水平，在业内具有较高的知名度和美誉度。,数控机床、智能自动化生产线、装备部件的研发、生产和销售。,数控加工中心、数控机床及关键零部件制造、五轴联动数控机床、数控卧式镗铣加工中心、车铣复合加工中心、自动化成套生产线、工业机器人、智能专用设备、智能控制系统的研发、生产、销售、安装及技术服务；经营本企业自产产品及技术的出口业务和本企业所需的机械设备、零配件、原辅材料及技术的进口业务，但国家限定公司经营或禁止进出口的商品及技术除外。(依法须经批准的项目，经相关部门批准后方可开展经营活动),887
688580.SH,王志愚,王志愚,童奕虹,9577.1288,20010110,江苏,南京市,"公司是中国康复医疗器械行业的技术创新驱动型企业，致力于在盆底及产后康复、神经康复、精神康复等细分领域为医疗及专业机构提供安全、有效的康复产品及整体解决方案，目前公司产品主要为电刺激类、磁刺激类、电生理类设备、耗材及配件等康复医疗器械及产品。此外，公司还正在进行下一代磁刺激仪、康复机器人等新产品的研发。
公司定位于中国康复市场，并聚焦于电刺激、磁刺激、电生理等细分市场，近年来，受益于医保、二胎等国家政策的支持、居民持续提升的康复需求和康复产业升级，康复医疗器械市场整体增长较快，这为公司的快速增长提供了有利的外部条件。与此同时，公司凭借多年来对于市场的理解和投入，坚持以研发创新为发展驱动力，坚持引领产业及技术前沿的战略定位，打造了坚实、多样的技术平台和具备竞争力的产品解决方案，建立了覆盖全国的销售渠道网络布局，塑造了良好的品牌形象和学术推广体系，完善了以客户满意为中心的客户服务体系，使得公司在技术、产品、渠道、品牌和服务等方面形成了综合性的竞争优势，保持了较高的市场占有率和盈利能力。公司产品目前已在国内超过6,000家医疗及专业机构得到广泛应用，报告期内公司分别实现营业收入9,590.38万元、14,449.51万元、20,778.15万元和14,011.47万元，净利润2,314.78万元、4,019.00万元、6,272.49万元和4,238.85万元，2016～2018年公司营业收入和净利润分别实现了47.19%和64.61%的年均复合增长率。",主要从事康复医疗器械的研发、生产和销售，以研发创新为发展驱动力，致力于在盆底及产后康复、神经康复、精神康复等细分领域为医疗及专业机构提供安全、有效的康复医疗产品及整体解决方案。,医疗器械生产、经营；计算机软硬件开发、销售；计算机系统服务；电子产品、金属材料、化工产品、建材、日用百货、五金交电、通讯设备、仪器仪表销售；电子产品租赁；医用电子仪器技术咨询及售后服务；房屋租赁；文化创意服务；面向成年人开展的培训服务（不含国家统一认可的职业证书类培训）。（依法须经批准的项目，经相关部门批准后方可开展经营活动）。许可项目：货物进出口；技术进出口（依法须经批准的项目，经相关部门批准后方可开展经营活动，具体经营项目以审批结果为准）,635
688599.SH,高纪凡,高纪凡,吴群,234256.7686,19971226,江苏,常州市,"公司是一家全球领先的光伏智慧能源整体解决方案提供商，主要业务包括光伏产品、光伏系统、智慧能源三大板块。光伏产品包括单、多晶的硅基光伏组件的研发、生产和销售；光伏系统包括电站业务及系统产品业务；智慧能源包括光伏发电及运维服务、智能微网及多能系统的开发和销售以及能源云平台运营等业务。
公司光伏组件是主要产品，组件产品的客户主要为国内外光伏电站开发商和承包商 以及分布式光伏系统的经销商。报告期内，公司加大了光伏电站工程建设管理和光伏系统产品业务的投入力度，并前瞻性 地布局了包括智能微网及多能系统、能源云平台等创新业务板块。报告期内，公司光伏系统和智慧能源业务收入占主营业务收入的比例总体呈上升趋势。",提供光伏智慧能源整体解决方案，主要业务包括光伏产品、光伏系统、智慧能源三大板块。,太阳能光伏电站设备制造、太阳能光伏电站设备及系统装置安装；多晶铸锭、单晶硅棒、硅片、太阳能电池片、光伏组件的制造；太阳能、光能技术开发；销售自产产品；从事多晶硅、机械设备、太阳能光伏电站设备及系统集成装置、储能及光伏应用系统的进出口和批发业务（不涉及国营贸易管理商品，涉及配额、许可证管理商品的，按国家有关规定办理申请）；从事太阳能电站的建设和经营（取得相关资质后方可开展经营）；从事上述业务的相关咨询服务；太阳能发电；储能及光伏应用系统的技术研发、工程设计及技术服务；光伏产品的检测服务（凭实验室认可证书所列检测服务项目经营）。（依法须经批准的项目，经相关部门批准后方可开展经营活动）。,24840
688639.SH,郭恒华,郭恒华,邓先河,25011.5693,20050413,安徽,合肥市,安徽华恒生物工程有限公司成立于2005年4月，是一家专业以丙氨酸系列产品为主的氨基酸等生物基产品的研发、生产与销售的国家火炬重点高新技术企业。公司于2013年11月完成股份制改造，更名为安徽华恒生物科技股份有限公司。公司成功承担了十二五科技部“863”项目、国家发改委生物产业示范专项、科技部企业技术创新基金等国家重点科技攻关项目和高新技术产业化项目。公司产品主要应用于医药及保健品、日化、食品及食品添加剂等领域，秉承绿色环保理念，依托技术突破和成本优势，服务于包括世界500强和行业龙头在内的众多国内外一流客户。,生物基产品的研发、生产、销售,生物工程技术开发、转让；精细化工产品（除危险品）、工业设备、仪器仪表生产、销售；食品添加剂生产、销售。（在许可有效期内经营）,2252
688686.SH,卢治临,卢治临,许学亮,12223.5455,20060324,广东,东莞市,OPT(奥普特)定位于自动化核心零部件供应商。自创立以来，一直快速稳步发展，现已成为机器视觉应用技术领先者。OPT的产品和解决方案应用于20多个国家和地区，全球范围设立30多个服务网点，服务于15000余家客户。在委托OPT设计开发的客户中，有众多世界500强企业以及全球知名的设备制造商。OPT已经成为全球客户信赖的合作伙伴。,机器视觉核心软硬件产品的研发、生产和销售,研发、产销：自动化系统、自动化软件、机器配件、影像系统、工业控制设备；货物进出口、技术进出口（依法须经批准的项目，经相关部门批准后方可开展经营活动）。,3188
688697.SH,郭国新,胡春有,洪利清,64026.6732,19970429,江苏,苏州市,"纽威数控装备（苏州）股份有限公司座落于苏州高新区科技城，占地面积20万平方米，集恒温综合性装配车间、精密检测车间、精密机加工车间、热处理车间、喷涂车间及物流中心于一体的高标准一体化生产车间。
纽威数控装备引进顶级欧美龙门五面体、坐标镗、高精度卧加、万能磨床、导轨磨等作为工作母机，并配备三坐标、激光干涉仪、动平衡仪、主轴温升试验台等检测试验设备。公司采用先进的SAP管理系统，致力于追求产品的零缺陷，为客户提供优质的中高档数控加工设备。",中高档数控机床的研发、生产及销售。,研发、生产：三轴、四轴、五轴及五轴以上联动的数控机床、数控系统及伺服装置、机械设备零部件加工自动线、机器人、机床功能部件及附件，提供上述相关产品的维修、保养、改造；销售自产产品并提供相关技术支持和售后服务。(依法须经批准的项目，经相关部门批准后方可开展经营活动),1734
688777.SH,CUI SHAN(崔山),CUI SHAN(崔山),杨振华,79118.9527,19991207,浙江,杭州市,公司成立于1999年，公司是高新技术企业和国家技术创新示范企业。公司始终秉承“让工作与生活更轻松”的使命，致力于面向流程工业为主的工业企业提供以自动化控制系统为核心，涵盖工业软件、自动化仪表及运维服务的智能制造产品及解决方案，赋能用户提升自动化、数字化、智能化水平，实现工业生产自动化控制和智能化管理。全球员工人数超过三千人，公司拥有较为完善的营销网络和服务体系，现已在国内30个省（自治区、直辖市）及南亚、东南亚、中东等海外地区设有区域事业部、分公司、办事处等机构，核心产品已应用至30多个国家。,面向流程工业为主的工业企业提供以自动化控制系统为核心，涵盖工业软件、自动化仪表及运维服务的智能制造产品及解决方案，赋能用户提升自动化、数字化、智能化水平，实现工业生产自动化控制和智能化管理。,一般项目：技术服务、技术开发、技术咨询、技术交流、技术转让、技术推广；工业自动控制系统装置制造；工业自动控制系统装置销售；仪器仪表制造；仪器仪表销售；智能仪器仪表制造；智能仪器仪表销售；智能机器人的研发；智能机器人销售；工业机器人制造；人工智能应用软件开发；人工智能通用应用系统；人工智能基础软件开发；人工智能公共数据平台；人工智能理论与算法软件开发；软件开发；软件销售；网络与信息安全软件开发；信息安全设备制造；信息安全设备销售；信息系统集成服务；业务培训（不含教育培训、职业技能培训等需取得许可的培训）；技术进出口；货物进出口（除依法须经批准的项目外，凭营业执照依法自主开展经营活动）。许可项目：建设工程施工；建设工程设计；第二类增值电信业务；计算机信息系统安全专用产品销售（依法须经批准的项目，经相关部门批准后方可开展经营活动，具体经营项目以审批结果为准）。,5324
