code,company_name,l5_tag_count,chain_count,mapping_count,l5_tags,chains,chain_l5_pairs,best_tier,avg_growth_score,avg_profit_score,avg_moat_score,avg_total_score,max_total_score,price,today_pct,chg5,chg20,chg60,amount_yi,time,latest_trade_date,avg_business_sales_pct,avg_business_gross_margin
688256.SH,寒武纪,2,2,2,AI芯片、量子计算相关算力替代观察,AI算力、量子科技,AI算力:AI芯片；量子科技:量子计算相关算力替代观察,第一梯队,15.0,12.0,19.5,75.3,83.0,1402.0,2.19,-8.84,-0.44,37.34,77.7,11:00:58,20260702,99.69,55.22
300045.SZ,华力创通,2,2,2,卫星导航/低空通信、卫星通信,低空经济、未来空间/商业航天,未来空间/商业航天:卫星通信；低空经济:卫星导航/低空通信,第二梯队,0.0,7.8,18.0,72.8,73.8,17.23,2.01,0.48,-10.45,-21.19,1.72,11:00:57,20260702,46.95,34.61
600522.SH,中天科技,2,2,2,光通信/海缆、超导/电缆,核聚变能、第六代移动通信,核聚变能:超导/电缆；第六代移动通信:光通信/海缆,第二梯队,8.1,6.3,20.5,67.4,72.4,52.23,1.26,-24.26,14.67,75.92,66.75,11:00:59,20260702,28.22,18.75
300274.SZ,阳光电源,2,2,2,储能逆变器、制氢电源/电解槽,未来能源、氢能,未来能源:储能逆变器；氢能:制氢电源/电解槽,第二梯队,1.3,12.0,16.0,59.9,66.1,128.42,0.45,-16.26,-25.15,0.46,39.02,11:00:57,20260702,41.81,36.49
688277.SH,天智航,2,2,2,手术机器人、手术机器人/神经外科线索,未来健康、脑机接口,脑机接口:手术机器人/神经外科线索；未来健康:手术机器人,暂不优先,0.0,8.0,14.5,40.5,46.0,17.92,3.05,1.81,3.2,-23.79,1.12,11:00:52,20260702,57.45,73.51
300308.SZ,中际旭创,1,2,2,高速光模块,AI算力、第六代移动通信,AI算力:高速光模块；第六代移动通信:高速光模块,第一梯队,15.0,12.0,19.5,94.5,98.0,1173.79,2.69,-13.63,-10.35,96.39,211.19,11:00:57,20260702,97.95,42.61
300502.SZ,新易盛,1,2,2,高速光模块,AI算力、第六代移动通信,AI算力:高速光模块；第六代移动通信:高速光模块,第一梯队,15.0,12.0,19.5,89.3,96.0,547.6,7.58,-16.62,-34.93,13.75,191.68,11:00:57,20260702,99.72,47.81
688012.SH,中微公司,1,1,1,刻蚀设备,半导体设备/材料/EDA/IP,半导体设备/材料/EDA/IP:刻蚀设备,第一梯队,15.0,12.0,22.0,100.0,100.0,417.64,2.14,2.45,43.01,36.67,77.28,11:00:58,20260702,100.0,39.17
688072.SH,拓荆科技,1,1,1,薄膜沉积,半导体设备/材料/EDA/IP,半导体设备/材料/EDA/IP:薄膜沉积,第一梯队,15.0,12.0,22.0,100.0,100.0,832.0,0.0,13.35,23.7,,0.0,11:00:58,20260626,96.57,34.0
300503.SZ,昊志机电,1,1,1,关节模组/核心部件,具身智能,具身智能:关节模组/核心部件,第一梯队,15.0,12.0,20.0,99.0,99.0,102.6,8.14,19.08,26.54,74.73,33.77,11:00:57,20260702,66.78,37.53
688019.SH,安集科技,1,1,1,CMP材料,半导体设备/材料/EDA/IP,半导体设备/材料/EDA/IP:CMP材料,第一梯队,10.2,12.0,22.0,98.2,98.2,294.8,-2.19,12.23,8.03,20.43,22.89,11:00:59,20260702,81.45,58.28
600378.SH,昊华科技,1,1,1,特种气体/材料,核聚变能,核聚变能:特种气体/材料,第一梯队,13.3,7.7,22.0,95.0,95.0,77.45,-5.74,20.13,97.29,169.15,60.09,11:00:59,20260702,59.55,21.61
002979.SZ,雷赛智能,1,1,1,运动控制,具身智能,具身智能:运动控制,第一梯队,10.9,12.0,20.0,94.8,94.8,69.55,10.0,20.83,20.44,73.52,3.61,11:00:54,20260702,49.18,28.09
688580.SH,伟思医疗,1,1,1,康复/神经刺激,脑机接口,脑机接口:康复/神经刺激,第一梯队,11.2,11.6,20.0,94.8,94.8,57.51,-0.6,3.01,12.48,9.19,0.84,11:00:51,20260702,40.92,70.45
688017.SH,绿的谐波,1,1,1,谐波减速器,具身智能,具身智能:谐波减速器,第一梯队,14.2,8.9,20.0,94.1,94.1,473.5,14.64,5.64,31.18,113.46,71.23,11:00:58,20260702,83.49,36.77
002371.SZ,北方华创,1,1,1,半导体设备,半导体设备/材料/EDA/IP,半导体设备/材料/EDA/IP:半导体设备,第一梯队,7.9,12.0,22.0,93.9,93.9,835.0,-0.72,5.49,36.92,92.2,80.4,11:00:57,20260702,93.34,39.18
300346.SZ,南大光电,1,1,1,光刻胶/电子特气,半导体设备/材料/EDA/IP,半导体设备/材料/EDA/IP:光刻胶/电子特气,第一梯队,6.8,11.5,22.0,92.3,92.3,83.42,-6.03,18.8,74.68,99.44,59.33,11:00:57,20260702,59.39,36.74
300476.SZ,胜宏科技,1,1,1,AI PCB,AI算力,AI算力:AI PCB,第一梯队,10.7,12.0,20.0,91.7,91.7,315.56,3.09,-12.59,-13.4,19.06,56.71,11:00:57,20260702,93.74,31.91
000988.SZ,华工科技,1,1,1,激光/量子通信器件,量子科技,量子科技:激光/量子通信器件,第一梯队,11.6,9.0,21.0,90.5,90.5,159.3,1.98,-10.01,1.17,55.67,55.51,11:00:57,20260702,25.33,29.4
002407.SZ,多氟多,1,1,1,钠电/电解液,未来能源,未来能源:钠电/电解液,第一梯队,15.0,10.9,16.0,89.9,89.9,49.35,-9.98,25.19,64.77,97.41,82.42,11:00:57,20260702,33.21,21.74
002281.SZ,光迅科技,1,1,1,量子通信光器件,量子科技,量子科技:量子通信光器件,第一梯队,11.5,9.1,21.0,88.6,88.6,226.02,3.59,-16.55,-2.59,160.06,56.26,11:00:57,20260702,70.95,21.85
688305.SH,科德数控,1,1,1,五轴机床,工业母机,工业母机:五轴机床,第一梯队,4.5,9.2,22.0,87.6,87.6,75.12,-0.58,18.88,24.52,36.44,5.1,11:00:59,20260702,60.01,42.41
688065.SH,凯赛生物,1,1,1,生物基材料,生物制造,生物制造:生物基材料,第一梯队,7.2,8.9,17.0,87.2,87.2,49.15,-1.07,-0.32,22.12,0.04,1.41,11:00:57,20260702,89.08,42.88
603019.SH,中科曙光,1,1,1,服务器/算力,AI算力,AI算力:服务器/算力,第一梯队,4.9,7.7,20.0,86.5,86.5,96.04,1.57,-3.33,9.55,21.11,40.63,11:00:59,20260702,83.56,27.31
002747.SZ,埃斯顿,1,1,1,工业机器人,智能制造,智能制造:工业机器人,第一梯队,11.0,8.4,16.0,86.4,86.4,44.77,10.0,10.39,40.15,105.76,53.59,11:00:57,20260702,81.77,29.23
002008.SZ,大族激光,1,1,1,激光装备,智能制造,智能制造:激光装备,第一梯队,9.0,9.9,16.0,85.9,85.9,132.06,5.64,-18.19,-4.28,102.58,41.11,11:00:57,20260702,69.23,32.46
300750.SZ,宁德时代,1,1,1,储能/固态电池,未来能源,未来能源:储能/固态电池,第一梯队,14.7,10.2,16.0,85.9,85.9,385.99,0.95,-4.86,-10.33,-4.69,44.22,11:00:57,20260702,14.74,26.71
002151.SZ,北斗星通,1,1,1,北斗芯片,未来空间/商业航天,未来空间/商业航天:北斗芯片,第一梯队,9.0,8.3,19.0,85.3,85.3,31.89,1.75,-1.2,-8.84,-14.51,2.78,11:00:57,20260702,94.36,37.86
688107.SH,安路科技,1,1,1,FPGA/IP,半导体设备/材料/EDA/IP,半导体设备/材料/EDA/IP:FPGA/IP,第一梯队,4.2,8.0,22.0,85.2,85.2,41.16,-0.7,-6.37,-4.58,52.22,2.12,11:01:00,20260702,90.9,40.6
300007.SZ,汉威科技,1,1,1,柔性传感/脑机材料线索,脑机接口,脑机接口:柔性传感/脑机材料线索,第一梯队,7.1,8.8,20.0,84.9,84.9,41.22,4.2,9.58,-4.12,-5.43,7.55,11:00:57,20260702,45.8,38.53
688295.SH,中复神鹰,1,1,1,碳纤维,未来材料,未来材料:碳纤维,第一梯队,15.0,5.7,18.0,84.7,84.7,54.73,3.36,-5.36,3.2,1.83,3.62,11:00:58,20260702,98.86,16.73
603662.SH,柯力传感,1,1,1,力传感器,具身智能,具身智能:力传感器,第一梯队,2.9,9.5,20.0,84.3,84.3,77.3,4.71,9.9,18.74,36.1,14.27,11:00:58,20260702,39.77,43.29
002520.SZ,日发精机,1,1,1,数控机床,工业母机,工业母机:数控机床,第一梯队,1.0,8.9,22.0,83.9,83.9,7.72,9.97,-4.75,23.37,26.94,4.31,11:00:57,20260702,67.17,3.21
688686.SH,奥普特,1,1,1,机器视觉,智能制造,智能制造:机器视觉,第一梯队,5.5,10.1,16.0,83.5,83.5,170.76,3.49,6.63,16.95,79.82,2.92,11:00:57,20260702,75.66,65.54
688070.SH,纵横股份,1,1,1,无人机,低空经济,低空经济:无人机,第一梯队,11.2,8.0,17.0,83.2,83.2,37.72,2.58,-3.39,-9.68,-18.67,0.24,11:00:54,20260702,69.71,51.83
300161.SZ,华中数控,1,1,1,数控系统,工业母机,工业母机:数控系统,第一梯队,3.2,8.0,22.0,82.2,82.2,31.45,2.11,4.41,-3.57,12.78,1.26,11:00:57,20260702,57.63,42.76
301269.SZ,华大九天,1,1,1,EDA,半导体设备/材料/EDA/IP,半导体设备/材料/EDA/IP:EDA,第一梯队,0.0,8.0,22.0,82.0,82.0,105.91,-2.03,-1.82,2.14,33.21,10.57,11:00:57,20260702,81.1,
688037.SH,芯源微,1,1,1,涂胶显影/清洗,半导体设备/材料/EDA/IP,半导体设备/材料/EDA/IP:涂胶显影/清洗,第一梯队,0.0,8.1,22.0,81.1,81.1,360.0,0.0,8.11,40.11,116.27,18.95,11:01:00,20260702,96.42,34.2
688697.SH,纽威数控,1,1,1,数控机床,工业母机,工业母机:数控机床,第一梯队,4.2,8.8,22.0,81.0,81.0,15.71,1.75,16.35,-25.59,8.12,2.78,11:00:58,20260702,42.37,19.87
002708.SZ,光洋股份,1,1,1,机器人轴承/关节零部件,具身智能,具身智能:机器人轴承/关节零部件,第一梯队,7.9,5.6,20.0,80.5,80.5,13.49,4.01,-7.36,-7.88,11.71,2.58,11:00:57,20260702,57.5,24.02
300699.SZ,光威复材,1,1,1,碳纤维,未来材料,未来材料:碳纤维,第一梯队,0.4,10.1,18.0,80.5,80.5,30.25,6.51,2.53,-3.73,-16.35,7.6,11:00:57,20260702,50.95,52.67
688027.SH,国盾量子,1,1,1,量子通信/QKD,量子科技,量子科技:量子通信/QKD,第一梯队,7.0,8.0,21.0,80.0,80.0,453.65,0.93,-13.85,-22.97,-14.09,4.99,11:00:57,20260702,38.13,38.58
000100.SZ,TCL科技,1,1,1,显示面板,未来显示,未来显示:显示面板,第一梯队,8.8,2.6,16.0,79.4,79.4,5.73,-3.21,10.86,24.89,40.95,60.68,11:01:00,20260702,65.53,20.1
688418.SH,震有科技,1,1,1,卫星通信/核心网,第六代移动通信,第六代移动通信:卫星通信/核心网,第一梯队,0.0,8.0,19.0,79.0,79.0,50.4,1.0,12.54,8.6,25.79,1.74,11:00:59,20260702,47.04,31.32
300124.SZ,汇川技术,1,1,1,自动化/伺服,智能制造,智能制造:自动化/伺服,第一梯队,4.3,10.1,16.0,78.4,78.4,71.58,4.65,2.33,-9.83,2.29,35.42,11:00:57,20260702,25.37,40.27
002025.SZ,航天电器,1,1,1,航天连接器,未来空间/商业航天,未来空间/商业航天:航天连接器,第一梯队,0.0,8.1,19.0,78.1,78.1,84.89,2.15,13.42,27.38,37.08,16.19,11:00:57,20260702,68.46,29.07
000725.SZ,京东方A,1,1,1,显示面板,未来显示,未来显示:显示面板,第二梯队,4.5,5.2,16.0,77.7,77.7,8.73,-4.07,21.01,62.79,130.38,219.95,11:01:00,20260702,81.34,12.92
688558.SH,国盛智科,1,1,1,高端机床,工业母机,工业母机:高端机床,第二梯队,2.9,8.7,22.0,77.6,77.6,36.57,3.39,12.29,6.41,25.07,1.02,11:00:52,20260702,54.21,28.06
000977.SZ,浪潮信息,1,1,1,AI服务器,AI算力,AI算力:AI服务器,第二梯队,6.0,1.4,20.0,77.5,77.5,68.54,7.45,-6.97,-0.67,12.6,49.22,11:00:57,20260702,93.82,4.52
300753.SZ,爱朋医疗,1,1,1,神经调控/麻醉镇痛,脑机接口,脑机接口:神经调控/麻醉镇痛,第二梯队,0.0,8.0,20.0,77.0,77.0,20.04,-0.5,0.55,-8.87,-27.5,0.72,11:00:57,20260702,60.11,68.3
300760.SZ,迈瑞医疗,1,1,1,医疗器械,未来健康,未来健康:医疗器械,第二梯队,0.0,12.0,17.0,77.0,77.0,139.03,-0.12,0.75,-3.73,-14.29,9.6,11:00:57,20260702,36.78,58.33
688297.SH,中无人机,1,1,1,无人机整机,低空经济,低空经济:无人机整机,第二梯队,12.0,3.7,17.0,76.8,76.8,42.84,3.01,-2.74,-9.9,-15.11,1.72,11:00:58,20260702,100.0,11.23
688331.SH,荣昌生物,1,1,1,ADC创新药,未来健康,未来健康:ADC创新药,第二梯队,14.5,12.0,15.0,76.7,76.7,138.54,-1.36,17.54,32.74,-6.32,11.12,11:01:00,20260702,70.97,83.41
300471.SZ,厚普股份,1,1,1,加氢站,氢能,氢能:加氢站,第二梯队,2.8,6.6,16.0,76.4,76.4,9.03,-2.27,5.36,-5.13,-27.07,0.5,11:00:57,20260702,73.48,35.43
300496.SZ,中科创达,1,1,1,操作系统/边缘,工业软件,工业软件:操作系统/边缘,第二梯队,3.4,9.0,19.0,76.4,76.4,62.26,1.9,-1.32,-3.31,6.09,5.11,11:00:57,20260702,33.3,15.18
688235.SH,百济神州,1,1,1,创新药,未来健康,未来健康:创新药,第二梯队,11.4,12.0,17.0,76.4,76.4,259.32,2.27,4.47,14.01,1.73,12.49,11:00:58,20260702,73.43,
000063.SZ,中兴通讯,1,1,1,通信设备,第六代移动通信,第六代移动通信:通信设备,第二梯队,0.0,8.8,19.0,75.8,75.8,35.71,1.1,-8.12,-3.07,10.2,17.83,11:01:00,20260702,46.94,48.09
000837.SZ,秦川机床,1,1,1,机床/丝杠,工业母机,工业母机:机床/丝杠,第二梯队,0.0,4.7,22.0,75.7,75.7,12.17,2.1,7.78,4.29,14.51,3.89,11:00:57,20260702,50.48,19.98
002085.SZ,万丰奥威,1,1,1,eVTOL/通航,低空经济,低空经济:eVTOL/通航,第二梯队,3.2,7.2,17.0,75.4,75.4,11.2,2.19,-10.6,-5.52,-20.52,2.55,11:00:57,20260702,82.82,16.43
300829.SZ,金丹科技,1,1,1,PLA/乳酸,生物制造,生物制造:PLA/乳酸,第二梯队,4.4,6.0,17.0,75.4,75.4,14.16,1.07,0.21,-19.06,-28.19,0.22,11:00:54,20260702,61.48,17.25
688206.SH,概伦电子,1,1,1,EDA,工业软件,工业软件:EDA,第二梯队,1.4,8.0,19.0,75.4,75.4,42.1,-2.18,9.99,17.05,42.28,2.79,11:00:58,20260702,39.49,
300035.SZ,中科电气,1,1,1,负极材料,未来能源,未来能源:负极材料,第二梯队,6.6,4.2,16.0,74.7,74.7,14.35,1.27,-6.35,-15.45,-32.62,1.17,11:00:57,20260702,91.84,15.57
688271.SH,联影医疗,1,1,1,高端医疗影像,未来健康,未来健康:高端医疗影像,第二梯队,3.0,9.8,17.0,74.2,74.2,105.13,1.2,2.34,-9.13,-9.44,4.85,11:00:59,20260702,82.53,46.56
300296.SZ,利亚德,1,1,1,MicroLED,未来显示,未来显示:MicroLED,第二梯队,0.0,8.1,16.0,74.1,74.1,5.57,3.15,-5.92,-18.67,-25.52,3.79,11:00:57,20260702,85.14,30.3
300034.SZ,钢研高纳,1,1,1,高温合金,未来材料,未来材料:高温合金,第二梯队,0.0,8.4,18.0,73.4,73.4,17.92,6.04,-2.87,-6.11,-5.43,2.61,11:00:57,20260702,67.09,29.83
600416.SH,湘电股份,1,1,1,电磁/特种装备,核聚变能,核聚变能:电磁/特种装备,第二梯队,0.0,4.3,22.0,73.3,73.3,9.94,1.74,-4.31,-11.18,-21.65,1.38,11:00:59,20260702,59.6,7.97
300101.SZ,振芯科技,1,1,1,北斗/卫星,未来空间/商业航天,未来空间/商业航天:北斗/卫星,第二梯队,0.0,8.0,19.0,73.0,73.0,16.4,-0.79,6.71,-1.9,-16.68,1.26,11:00:57,20260702,36.55,54.03
000050.SZ,深天马A,1,1,1,中小尺寸显示,未来显示,未来显示:中小尺寸显示,第二梯队,0.0,4.4,16.0,72.4,72.4,9.22,-5.05,-6.45,21.38,23.07,4.88,11:00:57,20260702,98.91,16.18
688083.SH,中望软件,1,1,1,CAD,工业软件,工业软件:CAD,第二梯队,0.0,8.0,19.0,72.0,72.0,63.13,-0.8,9.08,15.81,32.61,2.0,11:00:58,20260702,92.47,98.96
300003.SZ,乐普医疗,1,1,1,神经介入/医疗器械,脑机接口,脑机接口:神经介入/医疗器械,第二梯队,1.7,9.5,20.0,71.2,71.2,12.39,-0.88,4.08,0.89,-24.97,3.01,11:00:57,20260702,50.2,69.89
300421.SZ,力星股份,1,1,1,滚动体/陶瓷球,具身智能,具身智能:滚动体/陶瓷球,第二梯队,0.0,4.1,20.0,71.1,71.1,20.52,5.23,4.56,-10.59,-16.24,2.67,11:00:57,20260702,85.09,15.74
688066.SH,航天宏图,1,1,1,卫星应用,未来空间/商业航天,未来空间/商业航天:卫星应用,第二梯队,0.0,5.0,19.0,71.0,71.0,11.65,-1.52,17.95,-17.1,-38.03,0.28,11:01:00,20260702,57.75,15.29
000777.SZ,中核科技,1,1,1,核电阀门,核聚变能,核聚变能:核电阀门,第二梯队,0.0,2.8,22.0,70.8,70.8,19.06,1.17,10.82,8.28,-13.62,2.31,11:01:00,20260702,57.31,25.55
300900.SZ,广联航空,1,1,1,航空结构件,低空经济,低空经济:航空结构件,第二梯队,0.0,6.7,17.0,70.7,70.7,41.35,8.3,14.97,8.77,-5.02,10.33,11:00:57,20260702,58.44,19.13
601611.SH,中国核建,1,1,1,核工程建设,核聚变能,核聚变能:核工程建设,第二梯队,0.0,0.5,22.0,70.5,70.5,10.81,1.03,2.59,-7.36,-24.33,1.72,11:00:59,20260702,88.81,11.38
688777.SH,中控技术,1,1,1,工业自动化,智能制造,智能制造:工业自动化,第二梯队,0.0,8.5,16.0,70.5,70.5,105.5,2.43,-13.95,11.53,59.0,14.19,11:00:57,20260702,26.22,32.12
600875.SH,东方电气,1,1,1,电解槽/氢能装备,氢能,氢能:电解槽/氢能装备,第二梯队,3.3,4.7,16.0,70.0,70.0,29.02,3.98,-7.37,-16.46,-25.19,10.34,11:00:58,20260702,33.81,20.69
002733.SZ,雄韬股份,1,1,1,燃料电池,氢能,氢能:燃料电池,第二梯队,2.7,5.1,16.0,68.8,68.8,27.04,2.46,-23.97,-11.14,7.67,2.72,11:00:57,20260702,57.5,14.41
600118.SH,中国卫星,1,1,1,卫星制造,未来空间/商业航天,未来空间/商业航天:卫星制造,第二梯队,0.0,3.5,19.0,68.5,68.5,85.31,4.67,15.28,-0.1,4.1,38.15,11:00:59,20260702,99.08,8.23
002594.SZ,比亚迪,1,1,1,电池/储能,未来能源,未来能源:电池/储能,第二梯队,0.3,3.3,16.0,67.7,67.7,86.45,3.45,1.67,-11.86,-17.79,36.79,11:00:57,20260702,80.68,20.49
300238.SZ,冠昊生物,1,1,1,再生医学/神经修复,脑机接口,脑机接口:再生医学/神经修复,第二梯队,1.9,9.8,20.0,66.7,66.7,11.97,-0.58,4.15,4.24,-21.92,0.54,11:00:57,20260702,25.24,54.54
688111.SH,金山办公,1,1,1,基础软件,工业软件,工业软件:基础软件,观察池,14.4,12.0,17.0,65.8,65.8,211.25,-1.93,1.67,-13.53,-6.85,8.55,11:00:58,20260702,61.15,80.96
688538.SH,和辉光电,1,1,1,OLED,未来显示,未来显示:OLED,第二梯队,0.0,0.0,16.0,65.6,65.6,2.48,-3.13,6.67,6.67,12.28,2.91,11:00:57,20260702,97.88,-19.0
688599.SH,天合光能,1,1,1,钙钛矿/光伏,未来能源,未来能源:钙钛矿/光伏,第二梯队,1.7,0.0,16.0,64.7,64.7,13.91,-2.8,1.71,-1.17,-10.51,3.05,11:00:57,20260702,67.4,-1.42
688339.SH,亿华通,1,1,1,燃料电池,氢能,氢能:燃料电池,第二梯队,5.0,0.0,16.0,64.0,64.0,19.12,0.21,0.37,-11.67,-22.47,0.35,11:00:47,20260702,47.17,-19.82
300015.SZ,爱尔眼科,1,1,1,医疗服务,未来健康,未来健康:医疗服务,观察池,1.7,12.0,17.0,63.9,63.9,8.42,-0.47,2.17,-3.86,-12.24,4.02,11:00:57,20260702,37.5,55.01
600860.SH,京城股份,1,1,1,储氢瓶,氢能,氢能:储氢瓶,观察池,0.0,3.4,16.0,62.8,62.8,8.49,0.24,2.92,-7.83,-24.31,0.23,11:01:00,20260702,76.37,10.07
300224.SZ,正海磁材,1,1,1,稀土永磁,未来材料,未来材料:稀土永磁,观察池,1.8,4.1,18.0,61.9,61.9,14.1,2.1,-1.22,12.64,-1.78,3.55,11:00:57,20260702,99.94,13.03
002130.SZ,沃尔核材,1,1,1,核级材料/超导线材线索,核聚变能,核聚变能:核级材料/超导线材线索,观察池,5.7,10.6,20.0,61.5,61.5,18.11,2.84,-8.09,-18.62,-24.03,3.32,11:00:57,20260702,33.74,41.94
688313.SH,仕佳光子,1,1,1,光芯片,第六代移动通信,第六代移动通信:光芯片,观察池,10.2,12.0,19.0,60.2,60.2,165.43,2.81,-19.52,-4.71,73.39,14.66,11:00:58,20260702,40.16,
300381.SZ,溢多利,1,1,1,酶制剂,生物制造,生物制造:酶制剂,观察池,1.7,8.6,17.0,58.4,58.4,5.79,-0.69,1.39,-8.04,-10.99,0.26,11:00:57,20260702,82.28,44.02
600873.SH,梅花生物,1,1,1,发酵工程,生物制造,生物制造:发酵工程,观察池,0.0,3.1,17.0,57.7,57.7,7.82,-1.26,5.04,-14.01,-30.04,0.84,11:01:00,20260702,58.66,20.83
688639.SH,华恒生物,1,1,1,合成生物/氨基酸,生物制造,生物制造:合成生物/氨基酸,观察池,0.0,6.8,17.0,51.8,51.8,16.65,-1.77,-0.99,-22.14,-40.84,0.61,11:00:57,20260702,71.95,25.98
300627.SZ,华测导航,1,1,1,高精度定位,低空经济,低空经济:高精度定位,观察池,3.5,10.9,15.0,50.2,50.2,28.28,1.65,-3.5,-4.82,-15.52,1.35,11:00:57,20260702,54.46,62.4
600143.SH,金发科技,1,1,1,生物基材料,生物制造,生物制造:生物基材料,暂不优先,5.6,1.9,17.0,48.5,48.5,16.53,6.92,-4.33,-6.13,-4.86,12.41,11:00:59,20260702,54.71,24.43
688188.SH,柏楚电子,1,1,1,激光切割控制,智能制造,智能制造:激光切割控制,暂不优先,7.1,12.0,10.0,43.1,43.1,108.48,0.58,-27.74,-29.81,-18.02,2.15,11:00:59,20260702,58.89,81.55
600105.SH,永鼎股份,1,1,1,量子通信/光通信线索,量子科技,量子科技:量子通信/光通信线索,暂不优先,7.0,10.5,15.0,40.5,40.5,57.44,2.19,-22.96,8.26,85.57,30.17,11:00:59,20260702,36.36,12.43
300285.SZ,国瓷材料,1,1,1,先进陶瓷,未来材料,未来材料:先进陶瓷,暂不优先,5.6,10.0,12.0,38.6,38.6,95.57,3.0,-5.7,53.45,207.86,51.09,11:00:57,20260702,22.51,31.67
300378.SZ,鼎捷软件,1,1,1,ERP/MES,工业软件,工业软件:ERP/MES,暂不优先,0.7,8.0,13.0,33.7,33.7,36.52,2.3,-3.95,-5.98,-7.15,2.4,11:00:57,20260702,47.69,51.24
688228.SH,开普云,1,1,1,政企软件,工业软件,工业软件:政企软件,暂不优先,0.0,8.0,13.0,32.0,32.0,78.0,-1.4,-2.13,-11.11,-22.21,0.61,11:00:58,20260702,43.94,26.15
688387.SH,信科移动,1,1,1,显示非核心观察,未来显示,未来显示:显示非核心观察,暂不优先,0.0,5.5,10.0,29.5,29.5,20.88,9.43,5.24,17.06,32.04,13.21,11:00:57,20260702,36.05,9.82
688122.SH,西部超导,1,1,1,高温合金/超导,未来材料,未来材料:高温合金/超导,暂不优先,0.0,7.0,12.0,26.0,26.0,58.29,1.73,3.17,-10.33,-17.67,5.08,11:00:59,20260702,10.94,23.64
