trade_date,title,report_type,author,name,ts_code,inst_csname,ind_name,url,code6
20260526,国信证券_2026年一季度业绩快速增长，人形机器人优势持续巩固_20260526.pdf,个股研报,"吴双,杜松阳",绿的谐波,688017.SH,国信证券,自动化设备,https://pdf.dfcfw.com/pdf/H3_AP202605261822876254_1.pdf?1779807069000.pdf,688017
20260429,国元证券_2025年年报及2026年一季报点评：战略卡位具身智能，营收净利表现亮眼_20260429.pdf,个股研报,"龚斯闻,楼珈利",绿的谐波,688017.SH,国元证券,自动化设备,https://pdf.dfcfw.com/pdf/H3_AP202604291821759233_1.pdf?1777488172000.pdf,688017
20260423,群益证券_机器人需求回升，公司25Q4-26Q1净利润大幅增长_20260423.pdf,个股研报,赵旭东,绿的谐波,688017.SH,群益证券,自动化设备,https://pdf.dfcfw.com/pdf/H3_AP202604231821497943_1.pdf?1776963600000.pdf,688017
20260423,国金证券_人形机器人收入占比龙头，26Q1业绩超预期_20260423.pdf,个股研报,"陈传红,冉婷",绿的谐波,688017.SH,国金证券,自动化设备,https://pdf.dfcfw.com/pdf/H3_AP202604231821482992_1.pdf?1776935483000.pdf,688017
20260423,东吴证券_2025年报&2026一季报点评：Q1营收同比+43%，具身智能+工业机器人双轮驱动_20260423.pdf,个股研报,"周尔双,钱尧天,陶泽",绿的谐波,688017.SH,东吴证券,自动化设备,https://pdf.dfcfw.com/pdf/H3_AP202604231821491305_1.pdf?1776957811000.pdf,688017
20260130,群益证券_2025年利润翻倍增长，维持“买进”评级_20260130.pdf,个股研报,赵旭东,绿的谐波,688017.SH,群益证券,通用设备,https://pdf.dfcfw.com/pdf/H3_AP202601301818582090_1.pdf?1769789558000.pdf,688017
20260129,国金证券_谐波减速器全球龙头，拓展丝杠等新赛道_20260129.pdf,个股研报,"陈传红,冉婷",绿的谐波,688017.SH,国金证券,通用设备,https://pdf.dfcfw.com/pdf/H3_AP202601291818526425_1.pdf?1769674033000.pdf,688017
20251107,国元证券_2025年三季报点评：业绩增长显著，业务持续拓展_2025-11-07.pdf,个股研报,"龚斯闻,楼珈利",绿的谐波,688017.SH,国元证券,通用设备,https://pdf.dfcfw.com/pdf/H3_AP202511071776922593_1.pdf?1762538184000.pdf,688017
20251102,东吴证券_2025年三季报点评：业绩持续高增，持续加码人形机器人领域_2025-11-02.pdf,个股研报,"周尔双,钱尧天,陶泽",绿的谐波,688017.SH,东吴证券,通用设备,https://pdf.dfcfw.com/pdf/H3_AP202511021773654298_1.pdf?1762083860000.pdf,688017
20251031,群益证券_3Q公司收入快速增长，利润增速超预期_2025-10-31.pdf,个股研报,赵旭东,绿的谐波,688017.SH,群益证券,通用设备,https://pdf.dfcfw.com/pdf/H3_AP202510311772467250_1.pdf?1761918357000.pdf,688017
20250822,国元证券_2025年半年报点评：营收利润同步增长，各项业务稳步推进_2025-08-22.pdf,个股研报,"龚斯闻,楼珈利",绿的谐波,688017.SH,国元证券,通用设备,https://pdf.dfcfw.com/pdf/H3_AP202508221732112681_1.pdf?1755849988000.pdf,688017
20250819,山西证券_Q2业绩翻倍增长，持续布局机器人研发_2025-08-19.pdf,个股研报,"姚健,徐风",绿的谐波,688017.SH,山西证券,通用设备,https://pdf.dfcfw.com/pdf/H3_AP202508191730509122_1.pdf?1755626438000.pdf,688017
20250818,东吴证券_2025半年报点评：业绩超市场预期，人形机器人产品逐步放量_2025-08-18.pdf,个股研报,"周尔双,钱尧天,陶泽",绿的谐波,688017.SH,东吴证券,通用设备,https://pdf.dfcfw.com/pdf/H3_AP202508181729943693_1.pdf?1755547963000.pdf,688017
20250818,群益证券_2Q收入及利润超预期，公司加码具身智能领域_2025-08-18.pdf,个股研报,赵旭东,绿的谐波,688017.SH,群益证券,通用设备,https://pdf.dfcfw.com/pdf/H3_AP202508181729854538_1.pdf?1755535725000.pdf,688017
20250523,国元证券_2024年报及2025年一季报点评：营收增长稳健，深化机器人布局_2025-05-23.pdf,个股研报,"龚斯闻,楼珈利",绿的谐波,688017.SH,国元证券,通用设备,https://pdf.dfcfw.com/pdf/H3_AP202505231677725186_1.pdf?1748012248000.pdf,688017
20250515,山西证券_25Q1业绩修复，关注公司产品和高端场景拓展_2025-05-15.pdf,个股研报,"姚健,徐风",绿的谐波,688017.SH,山西证券,通用设备,https://pdf.dfcfw.com/pdf/H3_AP202505151673270411_1.pdf?1747323036000.pdf,688017
20250513,国信证券_2025年一季度业绩微增，巩固人形机器人技术产能和优势_2025-05-13.pdf,个股研报,"吴双,杜松阳",绿的谐波,688017.SH,国信证券,通用设备,https://pdf.dfcfw.com/pdf/H3_AP202505131672043737_1.pdf?1747143510000.pdf,688017
20250430,群益证券_2025Q1收入快速增长，看好公司人形机器人产业布局_2025-04-30.pdf,个股研报,赵旭东,绿的谐波,688017.SH,群益证券,通用设备,https://pdf.dfcfw.com/pdf/H3_AP202504301665050675_1.pdf?1750759246000.pdf,688017
20250430,东吴证券_2024年报&2025年一季报点评：25Q1业绩重回增长区间，产能建设进展顺利_2025-04-30.pdf,个股研报,"周尔双,钱尧天",绿的谐波,688017.SH,东吴证券,通用设备,https://pdf.dfcfw.com/pdf/H3_AP202504301665112608_1.pdf?1746035779000.pdf,688017
20250101,国信证券_第三季度营收同比增长26%，人形机器人打开长期空间_2025-01-01.pdf,个股研报,"吴双,杜松阳",绿的谐波,688017.SH,国信证券,通用设备,https://pdf.dfcfw.com/pdf/H3_AP202501011641502351_1.pdf?1735749974000.pdf,688017
20241204,群益证券_下游工业机器人产量回升，看好公司人形机器人布局_2024-12-04.pdf,个股研报,赵旭东,绿的谐波,688017.SH,群益证券,通用设备,https://pdf.dfcfw.com/pdf/H3_AP202412041641177378_1.pdf?1733329770000.pdf,688017
20241031,国元证券_2024年三季报点评：营收增长稳健，人形机器人未来可期_2024-10-31.pdf,个股研报,"龚斯闻,楼珈利",绿的谐波,688017.SH,国元证券,通用设备,https://pdf.dfcfw.com/pdf/H3_AP202410311640634998_1.pdf?1730384414000.pdf,688017
20241031,东吴证券_2024年三季报点评：Q3业绩恢复正增长，人形机器人打开成长空间_2024-10-31.pdf,个股研报,周尔双,绿的谐波,688017.SH,东吴证券,通用设备,https://pdf.dfcfw.com/pdf/H3_AP202410311640628671_1.pdf?1730362878000.pdf,688017
20240923,华安证券_新产品+新场景，引领机电一体化行业发展_2024-09-23.pdf,个股研报,张帆,绿的谐波,688017.SH,华安证券,通用设备,https://pdf.dfcfw.com/pdf/H3_AP202409231639976379_1.pdf?1732108308000.pdf,688017
20240906,国元证券_2024年中报点评：营收基本持平，未来发展可期_2024-09-06.pdf,个股研报,"龚斯闻,楼珈利",绿的谐波,688017.SH,国元证券,通用设备,https://pdf.dfcfw.com/pdf/H3_AP202409061639768211_1.pdf?1725623838000.pdf,688017
20240831,东吴证券_2024年半年报点评：营收基本持平，人形机器人发展前景广阔_2024-08-31.pdf,个股研报,周尔双,绿的谐波,688017.SH,东吴证券,通用设备,https://pdf.dfcfw.com/pdf/H3_AP202408311639674095_1.pdf?1725116934000.pdf,688017
20240505,东吴证券_2023年报&2024年一季报点评：业绩短期承压，机电一体化业务前景广阔_2024-05-05.pdf,个股研报,"周尔双,罗悦",绿的谐波,688017.SH,东吴证券,通用设备,https://pdf.dfcfw.com/pdf/H3_AP202405041632433291_1.pdf?1714900861000.pdf,688017
20240401,国元证券_公司首次覆盖报告：谐波减速器领军企业，有望迎来星辰大海_2024-04-01.pdf,个股研报,龚斯闻,绿的谐波,688017.SH,国元证券,通用设备,https://pdf.dfcfw.com/pdf/H3_AP202404011629192919_1.pdf?1711962957000.pdf,688017
20260529,华鑫证券_公司动态研究报告：PCB主轴龙头业绩爆发，机器人与商业航天打开新空间_20260529.pdf,个股研报,尤少炜,昊志机电,300503.SZ,华鑫证券,通用设备,https://pdf.dfcfw.com/pdf/H3_AP202605291822986063_1.pdf?1780041601000.pdf,300503
20260420,东吴证券_2025年报点评：业绩稳健增长，持续深化机器人和全球化布局_20260420.pdf,个股研报,"周尔双,钱尧天,陶泽",中大力德,002896.SZ,东吴证券,通用设备,https://pdf.dfcfw.com/pdf/H3_AP202604201821350210_1.pdf?1776717239000.pdf,002896
20250827,东吴证券_2025年半年报点评：业绩稳健增长，看好机器人精密减速机业务成长性_2025-08-27.pdf,个股研报,"周尔双,钱尧天,陶泽",中大力德,002896.SZ,东吴证券,通用设备,https://pdf.dfcfw.com/pdf/H3_AP202508271735042592_1.pdf?1756260638000.pdf,002896
20250422,华龙证券_2024年年报业绩点评报告：减速器领域积淀深厚，有望受益于人形机器人规模量产_2025-04-22.pdf,个股研报,邢甜,中大力德,002896.SZ,华龙证券,通用设备,https://pdf.dfcfw.com/pdf/H3_AP202504221660523910_1.pdf?1745341474000.pdf,002896
20250305,东吴证券_精密减速器头部企业，有望充分受益于人形机器人产业化进程_2025-03-05.pdf,个股研报,周尔双,中大力德,002896.SZ,东吴证券,通用设备,https://pdf.dfcfw.com/pdf/H3_AP202503051644082285_1.pdf?1741203169000.pdf,002896
20240827,西南证券_2024年中报点评：Q2毛利率同比提升明显，归母净利润大幅增长_2024-08-27.pdf,个股研报,"邰桂龙,周鑫雨",中大力德,002896.SZ,西南证券,通用设备,https://pdf.dfcfw.com/pdf/H3_AP202408271639475092_1.pdf?1724767324000.pdf,002896
20240421,西南证券_2023年年报点评：2023年业绩逆势增长，期待RV和谐波减速器放量_2024-04-21.pdf,个股研报,"邰桂龙,周鑫雨",中大力德,002896.SZ,西南证券,通用设备,https://pdf.dfcfw.com/pdf/H3_AP202404211630920977_1.pdf?1713722585000.pdf,002896
20240419,开源证券_公司信息更新报告：业绩逆势增长，产品结构化升级_2024-04-19.pdf,个股研报,"孟鹏飞,熊亚威",中大力德,002896.SZ,开源证券,通用设备,https://pdf.dfcfw.com/pdf/H3_AP202404191630655851_1.pdf?1713541195000.pdf,002896
20240401,华鑫证券_公司动态研究报告：减速器、电机、驱动一体化，机器人业务打开增长空间_2024-04-01.pdf,个股研报,"傅鸿浩,臧天律",中大力德,002896.SZ,华鑫证券,通用设备,https://pdf.dfcfw.com/pdf/H3_AP202403311629188715_1.pdf?1711957116000.pdf,002896
20260506,国信证券_2025年净利润同比增长23%，出海与平台化进展提速_20260506.pdf,个股研报,"唐旭霞,孙树林",双环传动,002472.SZ,国信证券,汽车零部件,https://pdf.dfcfw.com/pdf/H3_AP202605061821982298_1.pdf?1778064349000.pdf,002472
20260506,国元证券_双环传动2025年年报与2026年一季报点评报告：稳增长跑赢行业，新方向持续开拓_20260506.pdf,个股研报,刘乐,双环传动,002472.SZ,国元证券,汽车零部件,https://pdf.dfcfw.com/pdf/H3_AP202605061821983610_1.pdf?1778074550000.pdf,002472
20260425,东吴证券_2025年年报&2026年一季报点评：业绩稳健增长，新能源齿轮&海外业务表现亮眼_20260425.pdf,个股研报,"黄细里,郭雨蒙",双环传动,002472.SZ,东吴证券,汽车零部件,https://pdf.dfcfw.com/pdf/H3_AP202604251821576998_1.pdf?1777108683000.pdf,002472
20251111,国信证券_盈利能力稳健，三季度净利润同比增长21%_2025-11-11.pdf,个股研报,"唐旭霞,孙树林",双环传动,002472.SZ,国信证券,汽车零部件,https://pdf.dfcfw.com/pdf/H3_AP202511111779285599_1.pdf?1762873243000.pdf,002472
20251030,东吴证券_2025年三季报点评：2025Q3业绩符合预期，电驱齿轮龙头持续成长_2025-10-30.pdf,个股研报,"黄细里,刘力宇",双环传动,002472.SZ,东吴证券,汽车零部件,https://pdf.dfcfw.com/pdf/H3_AP202510301771554917_1.pdf?1761792801000.pdf,002472
20251029,民生证券_系列点评十四：25Q3业绩表现亮眼 机器人减速器星辰大海_2025-10-29.pdf,个股研报,"崔琰,马天韵",双环传动,002472.SZ,民生证券,汽车零部件,https://pdf.dfcfw.com/pdf/H3_AP202510291771281037_1.pdf?1761754377000.pdf,002472
20250908,国信证券_降本增效迭代产品放量，二季度净利润同比增长20%_2025-09-08.pdf,个股研报,"唐旭霞,孙树林",双环传动,002472.SZ,国信证券,汽车零部件,https://pdf.dfcfw.com/pdf/H3_AP202509081740347975_1.pdf?1757347023000.pdf,002472
20250831,国元证券_2025年度半年报点评：主营业务持续成长，新兴业态空间在望_2025-08-31.pdf,个股研报,刘乐,双环传动,002472.SZ,国元证券,汽车零部件,https://pdf.dfcfw.com/pdf/H3_AP202508311737235958_1.pdf?1756645384000.pdf,002472
20250828,东吴证券_2025年半年报点评：2025Q2业绩符合预期，电驱齿轮龙头强者恒强_2025-08-28.pdf,个股研报,"黄细里,刘力宇",双环传动,002472.SZ,东吴证券,汽车零部件,https://pdf.dfcfw.com/pdf/H3_AP202508281735755110_1.pdf?1756363551000.pdf,002472
20250828,民生证券_系列点评十三：25Q2业绩表现亮眼 机器人减速器星辰大海_2025-08-28.pdf,个股研报,"崔琰,马天韵",双环传动,002472.SZ,民生证券,汽车零部件,https://pdf.dfcfw.com/pdf/H3_AP202508281736035568_1.pdf?1756402621000.pdf,002472
20250711,民生证券_系列点评十二：发布员工持股计划 明确业绩增长目标_2025-07-11.pdf,个股研报,"崔琰,马天韵",双环传动,002472.SZ,民生证券,汽车零部件,https://pdf.dfcfw.com/pdf/H3_AP202507111706961025_1.pdf?1752248795000.pdf,002472
20250515,国信证券_新能源和智能执行机构业务放量，一季度净利润同比增长25%_2025-05-15.pdf,个股研报,"唐旭霞,孙树林",双环传动,002472.SZ,国信证券,汽车零部件,https://pdf.dfcfw.com/pdf/H3_AP202505151673397847_1.pdf?1747345045000.pdf,002472
20250509,国元证券_公司点评报告：新能源齿轮维持高增，智能执行机构进入兑现期_2025-05-09.pdf,个股研报,"刘乐,陈烨尧",双环传动,002472.SZ,国元证券,汽车零部件,https://pdf.dfcfw.com/pdf/H3_AP202505091670095357_1.pdf?1746818494000.pdf,002472
20250505,东吴证券_2024年年报及2025年一季报点评：公司业绩符合预期，电驱齿轮龙头强者恒强_2025-05-05.pdf,个股研报,"黄细里,刘力宇",双环传动,002472.SZ,东吴证券,汽车零部件,https://pdf.dfcfw.com/pdf/H3_AP202505041667316173_1.pdf?1746450847000.pdf,002472
20250502,国金证券_业绩符合预期，盈利能力大幅提升_2025-05-02.pdf,个股研报,"秦亚男,满在朋",双环传动,002472.SZ,国金证券,汽车零部件,https://pdf.dfcfw.com/pdf/H3_AP202505011665782549_1.pdf?1746179958000.pdf,002472
20250428,海通国际_主营业务收入稳健增长，毛利率超预期_2025-04-28.pdf,个股研报,王坤阳,双环传动,002472.SZ,海通国际,汽车零部件,https://pdf.dfcfw.com/pdf/H3_AP202504281663682985_1.pdf?1745832580000.pdf,002472
20250428,民生证券_系列点评十一：业绩符合预期 机器人+智能执行机构驱动成长_2025-04-28.pdf,个股研报,"崔琰,马天韵",双环传动,002472.SZ,民生证券,汽车零部件,https://pdf.dfcfw.com/pdf/H3_AP202504281664063990_1.pdf?1745881938000.pdf,002472
20250427,民生证券_系列点评十：业绩稳健向上 机器人减速器加速成长_2025-04-27.pdf,个股研报,"崔琰,马天韵",双环传动,002472.SZ,民生证券,汽车零部件,https://pdf.dfcfw.com/pdf/H3_AP202504271663324926_1.pdf?1745771697000.pdf,002472
20250122,国元证券_2024年度业绩预告点评：电动智能进化，持续耸立潮头_2025-01-22.pdf,个股研报,刘乐,双环传动,002472.SZ,国元证券,汽车零部件,https://pdf.dfcfw.com/pdf/H3_AP202501221642428007_1.pdf?1737533592000.pdf,002472
20250121,国金证券_业绩符合预期，新能源车齿轮保持高增_2025-01-21.pdf,个股研报,"秦亚男,满在朋",双环传动,002472.SZ,国金证券,汽车零部件,https://pdf.dfcfw.com/pdf/H3_AP202501211642393778_1.pdf?1737453095000.pdf,002472
20250121,民生证券_系列点评九：业绩稳健向上 新能源+智能执行机构加速成长_2025-01-21.pdf,个股研报,崔琰,双环传动,002472.SZ,民生证券,汽车零部件,https://pdf.dfcfw.com/pdf/H3_AP202501211642400010_1.pdf?1737470162000.pdf,002472
20241101,国元证券_2024年三季度报告点评：盈利能力持续攀升，全球业务稳步打开_2024-11-01.pdf,个股研报,刘乐,双环传动,002472.SZ,国元证券,汽车零部件,https://pdf.dfcfw.com/pdf/H3_AP202411011640672263_1.pdf?1730482454000.pdf,002472
20241101,海通国际_新能源齿轮业务持续发力，毛利率继续提升_2024-11-01.pdf,个股研报,王坤阳,双环传动,002472.SZ,海通国际,汽车零部件,https://pdf.dfcfw.com/pdf/H3_AP202411011640657625_1.pdf?1730467510000.pdf,002472
20241101,东吴证券_2024年三季报点评：2024Q3业绩符合预期，电驱齿轮龙头强者恒强_2024-11-01.pdf,个股研报,"黄细里,刘力宇",双环传动,002472.SZ,东吴证券,汽车零部件,https://pdf.dfcfw.com/pdf/H3_AP202411011640680663_1.pdf?1730505063000.pdf,002472
20241101,国信证券_产品结构优化，毛利率同环比提升_2024-11-01.pdf,个股研报,"唐旭霞,孙树林",双环传动,002472.SZ,国信证券,汽车零部件,https://pdf.dfcfw.com/pdf/H3_AP202411011640662482_1.pdf?1730474637000.pdf,002472
20241030,民生证券_系列点评八：24Q3，业绩符合预期 毛利率环比提升_2024-10-30.pdf,个股研报,崔琰,双环传动,002472.SZ,民生证券,汽车零部件,https://pdf.dfcfw.com/pdf/H3_AP202410301640605125_1.pdf?1730312020000.pdf,002472
20240929,民生证券_系列点评七：业绩符合预期 新能源+智能执行机构加速成长_2024-09-29.pdf,个股研报,崔琰,双环传动,002472.SZ,民生证券,汽车零部件,https://pdf.dfcfw.com/pdf/H3_AP202409291640095146_1.pdf?1727642068000.pdf,002472
20240904,海通国际_新能源车齿轮和智能执行机构引领增长，盈利能力持续上行_2024-09-04.pdf,个股研报,王坤阳,双环传动,002472.SZ,海通国际,汽车零部件,https://pdf.dfcfw.com/pdf/H3_AP202409041639724395_1.pdf?1725438180000.pdf,002472
20240902,国信证券_降本增效叠加新品放量，净利润持续攀升_2024-09-02.pdf,个股研报,"唐旭霞,孙树林",双环传动,002472.SZ,国信证券,汽车零部件,https://pdf.dfcfw.com/pdf/H3_AP202409021639699417_1.pdf?1725360582000.pdf,002472
20240830,民生证券_系列点评六：业绩持续向好 智能执行机构+机器人加速成长_2024-08-30.pdf,个股研报,崔琰,双环传动,002472.SZ,民生证券,汽车零部件,https://pdf.dfcfw.com/pdf/H3_AP202408301639616766_1.pdf?1725031744000.pdf,002472
20240830,东吴证券_2024年半年度报告点评：2024Q2业绩表现亮眼，长期成长空间广阔_2024-08-30.pdf,个股研报,"黄细里,刘力宇",双环传动,002472.SZ,东吴证券,汽车零部件,https://pdf.dfcfw.com/pdf/H3_AP202408301639593755_1.pdf?1725005237000.pdf,002472
20240710,国元证券_2024年中期业绩预告点评：车业务持续向上，智能驱动机构发力_2024-07-10.pdf,个股研报,刘乐,双环传动,002472.SZ,国元证券,汽车零部件,https://pdf.dfcfw.com/pdf/H3_AP202407101637741860_1.pdf?1720597874000.pdf,002472
20240709,东吴证券_2024年半年度业绩预告点评：2024Q2业绩符合预期，公司长期成长空间广阔_2024-07-09.pdf,个股研报,"黄细里,刘力宇",双环传动,002472.SZ,东吴证券,汽车零部件,https://pdf.dfcfw.com/pdf/H3_AP202407091637712123_1.pdf?1720535295000.pdf,002472
20240709,民生证券_系列点评五：业绩符合预期 全球化+机器人加速成长_2024-07-09.pdf,个股研报,崔琰,双环传动,002472.SZ,民生证券,汽车零部件,https://pdf.dfcfw.com/pdf/H3_AP202407091637708348_1.pdf?1720523495000.pdf,002472
20240506,国信证券_品类拓展及全球化战略推进，一季度净利率同环比提升_2024-05-06.pdf,个股研报,唐旭霞,双环传动,002472.SZ,国信证券,汽车零部件,https://pdf.dfcfw.com/pdf/H3_AP202405061632468997_1.pdf?1715001513000.pdf,002472
20240430,民生证券_系列点评四：业绩符合预期 全球化+机器人加速成长_2024-04-30.pdf,个股研报,崔琰,双环传动,002472.SZ,民生证券,汽车零部件,https://pdf.dfcfw.com/pdf/H3_AP202404301631798602_1.pdf?1714472908000.pdf,002472
20240424,华龙证券_点评报告：2023年业绩同比+40.3%，布局机器人打开成长空间_2024-04-24.pdf,个股研报,"杨阳,李浩洋",双环传动,002472.SZ,华龙证券,汽车零部件,https://pdf.dfcfw.com/pdf/H3_AP202404241631110330_1.pdf?1713947653000.pdf,002472
20240418,国信证券_2023年净利润同比增长40%，品类拓展及全球化布局持续推进_2024-04-18.pdf,个股研报,唐旭霞,双环传动,002472.SZ,国信证券,汽车零部件,https://pdf.dfcfw.com/pdf/H3_AP202404181630498994_1.pdf?1713436605000.pdf,002472
20240415,国元证券_2023年报点评：基础稳固持续成长，盈利提升业绩稳健_2024-04-15.pdf,个股研报,杨为敩,双环传动,002472.SZ,国元证券,汽车零部件,https://pdf.dfcfw.com/pdf/H3_AP202404151630219820_1.pdf?1713266312000.pdf,002472
20240414,东吴证券_2023年年度报告点评：2023Q4业绩符合预期，公司长期成长空间广阔_2024-04-14.pdf,个股研报,"黄细里,刘力宇",双环传动,002472.SZ,东吴证券,汽车零部件,https://pdf.dfcfw.com/pdf/H3_AP202404141630209048_1.pdf?1713112182000.pdf,002472
20240412,民生证券_系列点评三：盈利提升明显 全球化+机器人加速成长_2024-04-12.pdf,个股研报,崔琰,双环传动,002472.SZ,民生证券,汽车零部件,https://pdf.dfcfw.com/pdf/H3_AP202404121630174959_1.pdf?1712919453000.pdf,002472
20240412,国金证券_盈利能力持续提升，看好减速机增长新曲线_2024-04-12.pdf,个股研报,"秦亚男,满在朋",双环传动,002472.SZ,国金证券,汽车零部件,https://pdf.dfcfw.com/pdf/H3_AP202404121630173956_1.pdf?1712915257000.pdf,002472
20240307,东吴证券_2023年业绩快报及2024年一季度业绩预告点评：业绩符合预期，成长空间广阔_2024-03-07.pdf,个股研报,"黄细里,刘力宇",双环传动,002472.SZ,东吴证券,汽车零部件,https://pdf.dfcfw.com/pdf/H3_AP202403061625778788_1.pdf?1709795416000.pdf,002472
20240305,海通国际_公司研究报告：首次覆盖：精密传动平台型公司，新能源齿轮、减速器等持续发力_2024-03-05.pdf,个股研报,"Kunyang Wang,Yuewei Zhao",双环传动,002472.SZ,海通国际,汽车零部件,https://pdf.dfcfw.com/pdf/H3_AP202403051625455125_1.pdf?1709632586000.pdf,002472
20240304,民生证券_系列点评二：24Q1业绩略超预期 环动科技拟分拆上市_2024-03-04.pdf,个股研报,崔琰,双环传动,002472.SZ,民生证券,汽车零部件,https://pdf.dfcfw.com/pdf/H3_AP202403041625416008_1.pdf?1709623052000.pdf,002472
20240304,国元证券_2024年一季度业绩预告点评：低风险海外发力，开新篇成长持续_2024-03-04.pdf,个股研报,杨为敩,双环传动,002472.SZ,国元证券,汽车零部件,https://pdf.dfcfw.com/pdf/H3_AP202403041625216065_1.pdf?1709541897000.pdf,002472
20240111,国元证券_2023年度业绩预告点评：扩双翼业绩高增长，拓新篇再续成长性_2024-01-11.pdf,个股研报,杨为敩,双环传动,002472.SZ,国元证券,汽车零部件,https://pdf.dfcfw.com/pdf/H3_AP202401111617232532_1.pdf?1704963204000.pdf,002472
20240109,民生证券_系列点评一：业绩符合预期，2024全面发力机器人+出海_2024-01-09.pdf,个股研报,崔琰,双环传动,002472.SZ,民生证券,汽车零部件,https://pdf.dfcfw.com/pdf/H3_AP202401091616875631_1.pdf?1704822786000.pdf,002472
20240109,国金证券_业绩符合预期，看好减速机增长新曲线_2024-01-09.pdf,个股研报,"秦亚男,满在朋",双环传动,002472.SZ,国金证券,汽车零部件,https://pdf.dfcfw.com/pdf/H3_AP202401091616864013_1.pdf?1704794288000.pdf,002472
20260502,东吴证券_2026年一季报点评：业绩符合市场预期，仿生机器人等新兴产业蓄势待发_20260502.pdf,个股研报,"曾朵红,许钧赫",三花智控,002050.SZ,东吴证券,家电零部件Ⅱ,https://pdf.dfcfw.com/pdf/H3_AP202605021821930412_1.pdf?1777685397000.pdf,002050
20260408,国信证券_2025年净利润较快增长，拓展机器人、服务器液冷等新领域_20260408.pdf,个股研报,"唐旭霞,唐英韬",三花智控,002050.SZ,国信证券,家电零部件Ⅱ,https://pdf.dfcfw.com/pdf/H3_AP202604081821065626_1.pdf?1775668816000.pdf,002050
20260325,国金证券_业绩符合预期，盈利能力持续提升_20260325.pdf,个股研报,"陈传红,冉婷",三花智控,002050.SZ,国金证券,家电零部件Ⅱ,https://pdf.dfcfw.com/pdf/H3_AP202603251820735106_1.pdf?1774426064000.pdf,002050
20260325,太平洋_三花智控：2025Q4毛利率显著提升，积极布局机器人、储能等新兴业务_20260325.pdf,个股研报,"孟昕,赵梦菲",三花智控,002050.SZ,太平洋,家电零部件Ⅱ,https://pdf.dfcfw.com/pdf/H3_AP202603251820740149_1.pdf?1774452015000.pdf,002050
20260324,东吴证券_2025年年报点评：汽零&家电提质增效稳步增长，仿生机器人等新兴产业蓄势待发_20260324.pdf,个股研报,"曾朵红,阮巧燕,许钧赫",三花智控,002050.SZ,东吴证券,家电零部件Ⅱ,https://pdf.dfcfw.com/pdf/H3_AP202603241820730801_1.pdf?1774395209000.pdf,002050
20251223,爱建证券_首次覆盖报告：全球热管理平台龙头，机器人业务拓成长边界_2025-12-23.pdf,个股研报,王凯,三花智控,002050.SZ,爱建证券,家电行业,https://pdf.dfcfw.com/pdf/H3_AP202512231806512639_1.pdf?1766505835000.pdf,002050
20251223,东吴证券_2025年业绩预告点评：业绩略超市场预期，机器人量产在即_2025-12-23.pdf,个股研报,"曾朵红,许钧赫",三花智控,002050.SZ,东吴证券,家电行业,https://pdf.dfcfw.com/pdf/H3_AP202512231806365531_1.pdf?1766487276000.pdf,002050
20251119,华安证券_Q3业绩符合预期，机器人执行器业务进展迅速_2025-11-19.pdf,个股研报,"张志邦,邓欣,刘千琳",三花智控,002050.SZ,华安证券,家电行业,https://pdf.dfcfw.com/pdf/H3_AP202511191784392482_1.pdf?1763578101000.pdf,002050
20251109,中国银河_业绩增长靓丽，盈利能力超预期改善_2025-11-09.pdf,个股研报,"何伟,石金漫,杨策,曾韬,刘立思,陆思源",三花智控,002050.SZ,中国银河,家电行业,https://pdf.dfcfw.com/pdf/H3_AP202511091778169781_1.pdf?1762716399000.pdf,002050
20251107,国信证券_2025年三季度净利润高增长，降本增效成果显著_2025-11-07.pdf,个股研报,"唐旭霞,唐英韬",三花智控,002050.SZ,国信证券,家电行业,https://pdf.dfcfw.com/pdf/H3_AP202511071776998736_1.pdf?1762549093000.pdf,002050
20251105,太平洋_三花智控：2025Q3业绩高增，机器人业务积极布局_2025-11-05.pdf,个股研报,"孟昕,赵梦菲,金桐羽",三花智控,002050.SZ,太平洋,家电行业,https://pdf.dfcfw.com/pdf/H3_AP202511051775515481_1.pdf?1762343051000.pdf,002050
20251102,东吴证券_2025年三季报点评：业绩略超市场预期，机器人稳步推进_2025-11-02.pdf,个股研报,"曾朵红,阮巧燕,谢哲栋,许钧赫",三花智控,002050.SZ,东吴证券,家电行业,https://pdf.dfcfw.com/pdf/H3_AP202511021773875495_1.pdf?1762114288000.pdf,002050
20251102,国元证券_2025年三季度报告点评：业绩符合预期，多线业务健康发展_2025-11-02.pdf,个股研报,"刘乐,陈烨尧",三花智控,002050.SZ,国元证券,家电行业,https://pdf.dfcfw.com/pdf/H3_AP202511021773918877_1.pdf?1762120145000.pdf,002050
20250904,国信证券_2025年上半年净利润较快提升，机器人零部件持续改进_2025-09-04.pdf,个股研报,"唐旭霞,唐英韬",三花智控,002050.SZ,国信证券,家电行业,https://pdf.dfcfw.com/pdf/H3_AP202509041738723984_1.pdf?1756978181000.pdf,002050
20250902,华龙证券_2025年半年报点评报告：业绩稳健增长，仿生机器人拓展新增长曲线_2025-09-02.pdf,个股研报,彭棋,三花智控,002050.SZ,华龙证券,家电行业,https://pdf.dfcfw.com/pdf/H3_AP202509021737926439_1.pdf?1756801743000.pdf,002050
20250902,太平洋_三花智控：2025Q2业绩高增符合预期，战略业务拓展可期_2025-09-02.pdf,个股研报,"孟昕,赵梦菲,金桐羽",三花智控,002050.SZ,太平洋,家电行业,https://pdf.dfcfw.com/pdf/H3_AP202509021737934488_1.pdf?1756802351000.pdf,002050
20250901,中国银河_主业竞争优势显著，新业务是市场热点_2025-09-01.pdf,个股研报,"何伟,石金漫,杨策,曾韬,刘立思,陆思源",三花智控,002050.SZ,中国银河,家电行业,https://pdf.dfcfw.com/pdf/H3_AP202509011737672682_1.pdf?1756743434000.pdf,002050
20250831,东吴证券_2025年半年报点评：传统制冷需求高景气，人形方案定型&量产在即_2025-08-31.pdf,个股研报,"曾朵红,阮巧燕,谢哲栋,许钧赫",三花智控,002050.SZ,东吴证券,家电行业,https://pdf.dfcfw.com/pdf/H3_AP202508311737297118_1.pdf?1756660090000.pdf,002050
20250831,国金证券_业绩符合预期，机器人打开新增长极_2025-08-31.pdf,个股研报,"陈传红,冉婷",三花智控,002050.SZ,国金证券,家电行业,https://pdf.dfcfw.com/pdf/H3_AP202508311737338613_1.pdf?1756669516000.pdf,002050
20250831,民生证券_2025年半年报点评：业绩符合预期，仿生机器人拓展新增长曲线_2025-08-31.pdf,个股研报,"邓永康,席子屹,李孝鹏",三花智控,002050.SZ,民生证券,家电行业,https://pdf.dfcfw.com/pdf/H3_AP202508311737214422_1.pdf?1756652380000.pdf,002050
20250831,华安证券_三花智控25Q2业绩点评：主业共振盈利向上_2025-08-31.pdf,个股研报,"邓欣,张志邦,成浅之,刘千琳",三花智控,002050.SZ,华安证券,家电行业,https://pdf.dfcfw.com/pdf/H3_AP202508311737174232_1.pdf?1756633892000.pdf,002050
20250725,中国银河_逆卡诺循环产业链龙头，机器人业务再续成长曲线_2025-07-25.pdf,个股研报,"何伟,石金漫,杨策,刘立思,陆思源,秦智坤",三花智控,002050.SZ,中国银河,家电行业,https://pdf.dfcfw.com/pdf/H3_AP202507251715327316_1.pdf?1753452132000.pdf,002050
20250627,山西证券_业绩预告靓丽，港股IPO顺利发行_2025-06-27.pdf,个股研报,陈玉卢,三花智控,002050.SZ,山西证券,家电行业,https://pdf.dfcfw.com/pdf/H3_AP202506271698467796_1.pdf?1751024258000.pdf,002050
20250627,华鑫证券_公司事件点评报告：主业筑牢基本盘，业绩增长稳健_2025-06-27.pdf,个股研报,尤少炜,三花智控,002050.SZ,华鑫证券,家电行业,https://pdf.dfcfw.com/pdf/H3_AP202506271698575929_1.pdf?1751038675000.pdf,002050
20250626,建银国际证券_大市场下的小规模发行_2025-06-26.pdf,个股研报,"龙兆丰,曲克",三花智控,002050.SZ,建银国际证券,家电行业,https://pdf.dfcfw.com/pdf/H3_AP202506261698135953_1.pdf?1751007556000.pdf,002050
20250625,东吴证券_25年半年报预告点评：Q2业绩预告超预期，人形静待量产节奏提速_2025-06-25.pdf,个股研报,"曾朵红,阮巧燕,谢哲栋,许钧赫",三花智控,002050.SZ,东吴证券,家电行业,https://pdf.dfcfw.com/pdf/H3_AP202506251697210384_1.pdf?1750844252000.pdf,002050
20250624,海通国际_制冷汽零持续扩展，机器人领域蓄势待发_2025-06-24.pdf,个股研报,朱默辰,三花智控,002050.SZ,海通国际,家电行业,https://pdf.dfcfw.com/pdf/H3_AP202506241696673396_1.pdf?1750769730000.pdf,002050
20250502,国金证券_业绩超预期，机器人布局稳步推进_2025-05-02.pdf,个股研报,"陈传红,冉婷",三花智控,002050.SZ,国金证券,家电行业,https://pdf.dfcfw.com/pdf/H3_AP202505021666135529_1.pdf?1746193741000.pdf,002050
20250430,东吴证券_2025年一季报点评：家电增长超预期，人形机器人星辰大海_2025-04-30.pdf,个股研报,"曾朵红,阮巧燕,谢哲栋,许钧赫",三花智控,002050.SZ,东吴证券,家电行业,https://pdf.dfcfw.com/pdf/H3_AP202504301664959256_1.pdf?1746016820000.pdf,002050
20250430,国元证券_公司点评报告：第三曲线业务可期，积极实施回购彰显信心_2025-04-30.pdf,个股研报,"刘乐,陈烨尧",三花智控,002050.SZ,国元证券,家电行业,https://pdf.dfcfw.com/pdf/H3_AP202504301665125285_1.pdf?1746037228000.pdf,002050
20250402,华安证券_业绩符合预期，机器人业务前景广阔_2025-04-02.pdf,个股研报,"张志邦,邓欣,刘千琳,成浅之",三花智控,002050.SZ,华安证券,家电行业,https://pdf.dfcfw.com/pdf/H3_AP202504021650306334_1.pdf?1743605816000.pdf,002050
20250401,国信证券_2024年净利润小幅提升，机器人零部件性能持续优化_2025-04-01.pdf,个股研报,"唐旭霞,唐英韬",三花智控,002050.SZ,国信证券,家电行业,https://pdf.dfcfw.com/pdf/H3_AP202504011649841102_1.pdf?1743545221000.pdf,002050
20250401,华龙证券_2024年年报点评报告：双主业稳健增长，战略布局新兴业务_2025-04-01.pdf,个股研报,彭棋,三花智控,002050.SZ,华龙证券,家电行业,https://pdf.dfcfw.com/pdf/H3_AP202504011649863749_1.pdf?1743514165000.pdf,002050
20250329,民生证券_2024年年报点评：业绩超预期，储能及机器人业务打开成长天花板_2025-03-29.pdf,个股研报,"邓永康,李孝鹏,席子屹,赵丹",三花智控,002050.SZ,民生证券,家电行业,https://pdf.dfcfw.com/pdf/H3_AP202503291649115246_1.pdf?1743286659000.pdf,002050
20250328,太平洋_三花智控：2024Q4业绩端表现稳健，汽零业务保持双位数增长_2025-03-28.pdf,个股研报,"孟昕,赵梦菲,金桐羽",三花智控,002050.SZ,太平洋,家电行业,https://pdf.dfcfw.com/pdf/H3_AP202503281648506289_1.pdf?1743149399000.pdf,002050
20250328,国金证券_业绩符合预期，关注机器人创新周期_2025-03-28.pdf,个股研报,"陈传红,冉婷",三花智控,002050.SZ,国金证券,家电行业,https://pdf.dfcfw.com/pdf/H3_AP202503281648561257_1.pdf?1743158596000.pdf,002050
20250327,东吴证券_2024年年报点评：24Q4营收超预期，人形机器人量产可期_2025-03-27.pdf,个股研报,"曾朵红,阮巧燕,谢哲栋,许钧赫",三花智控,002050.SZ,东吴证券,家电行业,https://pdf.dfcfw.com/pdf/H3_AP202503271648166924_1.pdf?1743084743000.pdf,002050
20250224,东吴证券_人形元年，三花聚顶，万象可期【勘误版】_2025-02-24.pdf,个股研报,"曾朵红,阮巧燕,谢哲栋,许钧赫",三花智控,002050.SZ,东吴证券,家电行业,https://pdf.dfcfw.com/pdf/H3_AP202502241643442546_1.pdf?1740422399000.pdf,002050
20241102,东吴证券_2024年三季报点评：汽零增速延续承压，机器人定点在即_2024-11-02.pdf,个股研报,"曾朵红,谢哲栋,许钧赫",三花智控,002050.SZ,东吴证券,家电行业,https://pdf.dfcfw.com/pdf/H3_AP202411021640682029_1.pdf?1730512286000.pdf,002050
20241101,国信证券_三季度净利润同比提升，关注机器人业务进展_2024-11-01.pdf,个股研报,"唐旭霞,唐英韬",三花智控,002050.SZ,国信证券,家电行业,https://pdf.dfcfw.com/pdf/H3_AP202411011640662236_1.pdf?1730474296000.pdf,002050
20241031,华安证券_三花智控2024Q3业绩点评：冷配修复汽零稳健_2024-10-31.pdf,个股研报,"邓欣,张志邦,成浅之,刘千琳",三花智控,002050.SZ,华安证券,家电行业,https://pdf.dfcfw.com/pdf/H3_AP202410311640633448_1.pdf?1730375383000.pdf,002050
20240903,华安证券_Q2业绩符合预期，毛利率稳中有升_2024-09-03.pdf,个股研报,"张志邦,邓欣,刘千琳",三花智控,002050.SZ,华安证券,家电行业,https://pdf.dfcfw.com/pdf/H3_AP202409031639706076_1.pdf?1725355854000.pdf,002050
20240902,国信证券_毛利率提升，关注机器人新增长点_2024-09-02.pdf,个股研报,"唐旭霞,唐英韬",三花智控,002050.SZ,国信证券,家电行业,https://pdf.dfcfw.com/pdf/H3_AP202409021639685174_1.pdf?1725290330000.pdf,002050
20240830,东吴证券_2024年半年报点评：汽零制冷稳健，人形进入定点冲刺阶段_2024-08-30.pdf,个股研报,"曾朵红,谢哲栋,许钧赫",三花智控,002050.SZ,东吴证券,家电行业,https://pdf.dfcfw.com/pdf/H3_AP202408301639632758_1.pdf?1725041420000.pdf,002050
20240830,民生证券_2024年半年报点评：盈利能力强韧，储能及机器人业务打开成长空间_2024-08-30.pdf,个股研报,"邓永康,李孝鹏,席子屹,赵丹,王一如,朱碧野,李佳",三花智控,002050.SZ,民生证券,家电行业,https://pdf.dfcfw.com/pdf/H3_AP202408301639645731_1.pdf?1725049670000.pdf,002050
20240712,国元证券_公司点评报告：两大业务同向增长，战新业务持续突破_2024-07-12.pdf,个股研报,刘乐,三花智控,002050.SZ,国元证券,家电行业,https://pdf.dfcfw.com/pdf/H3_AP202407121637822373_1.pdf?1720782136000.pdf,002050
20240703,国金证券_Q2业绩预告净利润率超预期_2024-07-03.pdf,个股研报,"陈传红,苏晨",三花智控,002050.SZ,国金证券,家电行业,https://pdf.dfcfw.com/pdf/H3_AP202407031637493708_1.pdf?1719993950000.pdf,002050
20240702,东吴证券_2024年半年报预告点评：业绩符合市场预期，人形机器人定点在即_2024-07-02.pdf,个股研报,"曾朵红,谢哲栋,许钧赫",三花智控,002050.SZ,东吴证券,家电行业,https://pdf.dfcfw.com/pdf/H3_AP202407011637439799_1.pdf?1719902178000.pdf,002050
20240506,太平洋_三花智控：2024Q1扣非净利双位数增长，2023年汽零业务高增_2024-05-06.pdf,个股研报,"孟昕,赵梦菲,金桐羽",三花智控,002050.SZ,太平洋,家电行业,https://pdf.dfcfw.com/pdf/H3_AP202405061632470236_1.pdf?1714989972000.pdf,002050
20240506,华安证券_Q1业绩短暂承压，机器人业务前景广阔_2024-05-06.pdf,个股研报,"张志邦,邓欣,刘千琳",三花智控,002050.SZ,华安证券,家电行业,https://pdf.dfcfw.com/pdf/H3_AP202405061632480774_1.pdf?1715015920000.pdf,002050
20240506,国信证券_年报及一季报点评：2023年毛利率提升，关注机器人新增长点_2024-05-06.pdf,个股研报,唐旭霞,三花智控,002050.SZ,国信证券,家电行业,https://pdf.dfcfw.com/pdf/H3_AP202405061632468975_1.pdf?1715001621000.pdf,002050
20240505,国金证券_业绩短暂承压，机器人打开成长空间_2024-05-05.pdf,个股研报,"陈传红,苏晨",三花智控,002050.SZ,国金证券,家电行业,https://pdf.dfcfw.com/pdf/H3_AP202405051632444718_1.pdf?1714903608000.pdf,002050
20240505,东吴证券_2023年年报及2024一季报点评：汽零业务盈利高增，机器人增量可期_2024-05-05.pdf,个股研报,"曾朵红,谢哲栋",三花智控,002050.SZ,东吴证券,家电行业,https://pdf.dfcfw.com/pdf/H3_AP202405041632434635_1.pdf?1714901540000.pdf,002050
20240430,民生证券_2023年年报及2024年一季报点评：汽车零部件业务高增，储能+机器人增量可期_2024-04-30.pdf,个股研报,"邓永康,李孝鹏,王一如,李佳,朱碧野,席子屹,赵丹,黎静",三花智控,002050.SZ,民生证券,家电行业,https://pdf.dfcfw.com/pdf/H3_AP202404301632080958_1.pdf?1714506122000.pdf,002050
20240111,华安证券_热管理龙头，机器人未来可期_2024-01-11.pdf,个股研报,万鹏程,三花智控,002050.SZ,华安证券,家电行业,https://pdf.dfcfw.com/pdf/H3_AP202401111617254565_1.pdf?1704987748000.pdf,002050
