code,name,node_id,node_name,product,candidate_reason,tier,total_score,moat_score,evidence_score,stage_score,growth_score,profit_score,support_score,market_score,evidence_hits,stage_hits,negative_hits,latest_trade_date,close,chg20,pe_ttm,pb,revenue_yoy,netprofit_yoy,gross_margin,roe,forecast,business_item,business_sales_pct,business_gross_margin,latest_evidence
688017.SH,绿的谐波,EI-L5-HARMONIC,谐波减速器,谐波减速器及金属部件,减速器纯度高,第一梯队,111.6,22,20.0,20,19.7,10.9,12,7,89,29,0,20260702,413.05,31.18,553.7334,21.2183,42.9556,61.1688,33.618,0.9185,预增 105~131%,谐波减速器及金属部件,83.48958981215277,36.7690095825685,董秘你好，我是公司数百万资金重仓、长期坚定持股的核心个人股东，与机构同步布局，深度看好人形机器人减速器赛道的爆发性成长，长期坚定陪伴公司发展。公司在海外高端智能制造、人形机器人领域的布局，是否会成为未来第二增长曲线，打开中长期成长天花板？ | 尊敬的投资者您好，在具身智能机器人领域，公司紧跟行业从实验室研发向规模化落地的关键转折趋势，积极推进相关产品的研发与商业化进程。目前，部分头部厂商已进入小批量试生产阶段，我们的相关产品凭借过硬的品质获得了下游海内外企业的认可，相关收入实现大幅增长，为公司开辟了新的增长空间。感
300503.SZ,昊志机电,EI-L4-JOINT,关节模组/执行器,谐波减速器、关节模组、无框电机、六维力传感器,核心部件覆盖广,第一梯队,111.0,21,20.0,20,20.0,15.0,7,8,129,129,3,20260702,94.88,26.54,150.2777,19.8435,72.8763,483.5371,42.1482,6.3692,预增 54~99%,转台、直线电机、减速器等功能部件,13.787881045604196,35.92734541650283,贵司在机器人领域是否有订单。贵司是不是有产品应用于pcb设备，目前产能订单如何。是否还需要扩大生产线 | 尊敬的投资者，您好。\n（1）在机器人领域，公司已攻克谐波减速器、关节模组、无框力矩电机、六维力传感器等系列核心功能部件技术，实现了智能机器人核心功能部件的全国产化替代。同时，公司的机器人领域业务已形成“N+1+3”的布局，其中“N”是指减速器、低压驱动、力矩传感器、无框力矩电机、编码器等机器人核心零部件，“1”是指以协作机器人为载体，“3”是指生活美容、工厂上下料、新能源汽车充电三大业务场景。\n在客户合作方
002979.SZ,雷赛智能,EI-L5-DRIVE,驱动器/控制器/编码器,运动控制、伺服、步进驱动,控制器,第一梯队,106.8,18,20.0,20,14.8,14.0,10,10,22,20,3,20260702,63.23,20.44,82.6756,10.6657,34.5483,29.2028,38.9442,3.964,预增 55~65%,伺服系统类,49.1817582511243,28.08866186434495,公司有产品供货宇树机器人吗 | 您好，由于涉及公司与部分客户签署了保密协议的要求，公司无法回复具体客户或者供应商问题，相关产品的供应情况请咨询终端品牌或参考公开信息，敬请谅解，谢谢您的关注！
603270.SH,金帝股份,EI-L5-BEARING,机器人轴承/交叉滚子轴承,轴承保持架、精密零部件,轴承保持架,第一梯队,104.7,19,20.0,20,13.4,11.3,10,11,38,38,2,20260702,34.88,26.74,50.8319,3.3265,38.1555,8.1861,28.3384,1.8362,略增 28~45%,轴承保持架,41.27823374367349,37.48863913963121,公司有无机械电控一体化送经卷取组件等产品，与哪些纺织厂商合作？ | 尊敬的投资者：您好！公司以精密冲压技术为核心，持续拓展产品应用边界，形成轴承保持架、精密零部件、新能源电驱动定转子总成多元产品生态，持续拓展至低空飞行、数控机床、具身智能等高端应用场景，同时加速全球化布局，实现市场覆盖与客户结构优化，形成 “海内外联动、多区域互补”的生产布局网络。感谢您的关注！谢谢
000551.SZ,创元科技,EI-L5-BEARING,机器人轴承/交叉滚子轴承,苏轴股份精密轴承/滚针轴承,轴承,第一梯队,102.0,19,20.0,20,11.3,13.7,7,11,45,41,1,20260702,19.76,28.98,28.1971,3.1455,3.258,56.2888,28.6443,4.1744,预增 40~70%,精密轴承,17.18682558460098,36.25049311121879,请问贵公司和特斯拉在机器人方面有合作吗？还和那些机器人公司有合作？ | 尊敬的投资者，您好！感谢您对公司的关心和建议。公司控股子公司苏州轴承生产的各类轴承系列产品广泛应用于汽车转向系统、主动安全系统、传动系统、扭矩管理系统、新能源电驱系统、智能座椅系统、变速箱、发动机和空调压缩机等重要总成，同时还应用于工业自动化、高端装备、工程机械、减速机、液压传动系统、电动工具、纺机、农林机械、航空航天、国防工业等领域。 \n苏州轴承未来将加大新能源汽车和国防、航空航天、机器人、工业自动化以及高端装备等领域的客户开发和产品的研发
002472.SZ,双环传动,EI-L5-RV,RV/行星/摆线减速器,齿轮、减速器、机器人关节减速器,齿轮减速,第一梯队,100.6,20,20.0,20,5.6,12.0,12,11,13,13,0,20260702,42.74,6.21,28.6144,3.5253,1.488,2.9288,27.548,2.7958,略增 24~27%,乘用车齿轮,65.89559273464842,26.372143947818415,尊敬的董秘您好！\n想向您咨询两个问题：\n \n1. 公司向宇树科技供应的齿轮减速器相关产品出货量是否位居行业第一？双方在机器人关节减速器领域的供货份额及合作地位如何？\n​\n2. 公司直接及间接持有宇树科技的股份比例分别为多少？对应的持股主体与持股路径请简要介绍。\n \n感谢您的解答！ | 尊敬的投资者，您好，公司产品、业务拓展、对外股权投资等情况可参考公司在指定的信息披露媒体上发布的公告。感谢您的关注！
603728.SH,鸣志电器,EI-L5-FRAMELESS,无框力矩电机/空心杯电机,空心杯电机、控制电机,灵巧手电机,第一梯队,99.4,21,16.2,20,12.7,10.5,12,7,9,9,0,20260702,63.37,1.75,391.7682,8.9269,17.6532,92.1905,37.0232,0.4644,,控制电机及其驱动系统产品,83.02124516226871,36.76924067416836,您好，目前公司的空心杯电机的线圈绕制是采用哪种方式？灵巧手这方面是否为特斯拉的供应商？ | 尊敬的投资者您好，关于公司产品工艺和业务情况，请以公司官网信息和公告为准，感谢您的关注！
002747.SZ,埃斯顿,EI-L3-BODY,本体结构与整机集成,工业机器人、本体、控制,整机/控制,第一梯队,96.8,12,20.0,20,15.0,10.8,12,7,54,19,6,20260702,40.7,40.15,302.5789,12.1655,-2.2164,674.6406,30.3939,3.7636,扭亏 104~106%,工业机器人及智能制造系统,81.7679815250178,29.231644274850694,2026年国内出货量多少？国外出货量多少？在国外有投资建厂吗 | 您好，感谢您对公司的关注！根据MIR睿工业公布的数据，2025年公司工业机器人在中国出货量首次超越外资品牌，位列中国市场第一。公司通过在波兰的海外生产制造基地，建立全球化的产能布局和供应链体系，实现资源的最优配置与协同创新，加速高价值产品出海。
300718.SZ,长盛轴承,EI-L5-BEARING,机器人轴承/交叉滚子轴承,自润滑轴承、机器人轴承,轴承候选,第一梯队,96.6,19,20.0,20,11.2,13.4,10,3,73,15,4,20260702,64.36,-11.76,73.5771,10.6647,23.4093,15.0944,33.9036,3.4444,预增 116~165%,金属塑料聚合物自润滑卷制轴承,36.54049291547633,47.54286386602236,尊敬的董秘您好、贵公司生产的免维护自润滑轴承是否能满足在真空的近地太空轨道使用？是否能抗住太空的极端冷热？谢谢 | 感谢您的关注。公司主营业务为自润滑轴承及高性能聚合物的研发、生产及销售，主要产品为自润滑轴承、高性能改性工程塑料及氟塑料制品。公司始终致力于高性能摩擦学与聚合物材料的技术积累与应用探索，将结合市场变化与行业趋势，稳步推进相关技术在各类场景中的应用，具体业务进展，敬请关注公司公告。
603662.SH,柯力传感,EI-L5-FORCE,六维力/力矩/触觉传感器,力传感器、称重传感,力传感,第一梯队,96.6,22,20.0,20,3.1,11.5,10,10,309,74,4,20260702,73.82,18.74,67.7443,7.4312,13.3436,-45.6484,46.346,1.4843,预增 58~92%,力学传感器及仪表系列,39.77313565489084,43.285360898610186,贵公司2025年年报中所称“报告期内，机器人力学传感器销售量超过 1500 只，送样客户数超过 70 家，已进入小批量生产向批量化供应过渡的发展阶段。2026 年月出货量已突破千只”是否属实？为何股价不涨？2026年月出货量突破千只机器人传感器，金额大概是多少？贵公司目前为哪些中外头部机器人公司供货？ | 您好！感谢您对公司的关注。公司年报披露信息属实，相关数据真实准确。公司股价波动，受多重因素影响，请注意投资风险。机器人传感器具体收入情况及客户名称请以公司定期报告为准，谢谢。
300007.SZ,汉威科技,EI-L5-FORCE,六维力/力矩/触觉传感器,传感器、气体/柔性传感,传感器候选,第一梯队,95.4,22,20.0,20,9.6,10.8,7,6,68,68,2,20260702,39.56,-4.12,77.7443,4.3843,-15.6089,46.0823,34.0615,0.8408,预增 63~128%,传感器,16.218259735620396,31.751021033818915,汉威科技的董秘您好，我从去年开始持股，目前，贵公司股价今年累计跌幅近30%，请问公司常规经营是否正常，其次，去年脑机接口是否有突破？机器人电子皮肤是否有量产订单落地？对于股价的近半年的下跌，公司有没有维护股价，维护公司市值的举措？ | 尊敬的投资者，您好！目前公司经营情况一切正常，公司将持续做好经营管理工作，努力提升公司的业绩和内在价值。脑机接口方面，公司近年来对无创柔性脑机接口材料的研发及用于复杂脑信息协同监测、可植入柔性神经电极材料及阵列化柔性电极等关键技术有所突破，但前述技术储备尚处于早期阶段，商业落地尚具有
688322.SH,奥比中光,EI-L5-VISION,3D视觉/深度相机/IMU,3D视觉、深度相机,视觉传感,第一梯队,94.0,17,20.0,20,9.0,11.0,10,7,102,52,0,20260702,130.01,15.81,397.2483,17.8553,6.1917,27.4791,48.5843,1.0382,扭亏 296~296%,3D视觉传感器,30.926035536818702,54.425796540469186,董秘您好，近期世界模型发展加速，请问公司在3D视觉领域的布局及生态卡位，将如何赋能这一进程？ | 您好！世界模型的核心在于让AI智能体具备对物理世界动态规律的持续理解与预测能力，这要求感知层能够输出高精度、高帧率、语义丰富的三维环境信息，而非局限于传统的二维图像数据。相较于2D视觉，3D视觉感知可直接捕获空间几何关系、物体位姿及表面形态，为世界模型提供符合物理规律的真实空间信息，是构建物理AI认知底座的关键环节。公司长期深耕3D视觉感知领域，依托“芯片+算法+光机”全栈自研能力，构建了覆盖结构光、iToF、dToF
688160.SH,步科股份,EI-L5-DRIVE,驱动器/控制器/编码器,控制系统、机器人关节电机,控制器/电机,第一梯队,91.0,18,8.4,20,15.6,11.0,10,8,8,3,0,20260702,134.0,25.88,163.6873,9.3052,43.2192,19.6973,32.8639,1.0204,预增 39~64%,控制系统,28.187170589851736,41.33210631759995,据权威媒体6月5日报道。中国目前已经量产可变磁通电机。并广泛适用于新能源汽车、机器人、低空飞行器。可变磁通电机属于重大技术突破性产品。请问贵公司是否掌握了可变磁通电机相关技术？或者能否突破专利壁垒跟进量产这一最先进产品？ | 您好，感谢您对步科股份的关注。公司已成立技术研究院，针对机器人关节对电机轻量化、大力矩的核心需求，开展了轴向磁通电机等新技术的预研和长期跟踪，并已推出样品，进入客户试用阶段，研发过程中已识别相关技术的未来应用前景及当前性能短板，整体上正持续加强技术布局与迭代，后续将根据客户需求和供应链成熟度适
300124.SZ,汇川技术,EI-L5-DRIVE,驱动器/控制器/编码器,伺服、控制器、工业机器人控制,控制龙头,第一梯队,89.8,18,20.0,20,5.3,12.5,10,4,51,35,2,20260702,68.4,-9.83,39.0666,5.0904,12.9798,-23.3874,29.0771,2.8255,略增 16~26%,通用自动化行业,25.373199986254647,40.27303095308224,请问公司在机器人行业布局了哪些方向？ | 您好！基于对人形机器人产业链的深入洞察、分析与预研工作，依托公司在运动控制、伺服驱动、直线导轨和丝杠等关键领域的技术积累，公司有条不紊地进行人形机器人领域的研发和探索工作。目前，公司已经储备了部分人形机器人相关的核心零部件产品，包括七自由度仿生臂、行星旋转执行器、直线执行器、无框力矩电机、低压直流驱动器和行星滚柱丝杠等。此外，公司将基于制造业场景，从客户实际场景需求出发，为客户提供场景化的产品和解决方案。在人形机器人领域，公司将持续依托工业场景的优势以及严格的工业品开发流程
002708.SZ,光洋股份,EI-L5-BEARING,机器人轴承/交叉滚子轴承,轴承、齿轮、丝杠、PCB/FPC,关节模组齿轮量产定点交付,第一梯队,89.5,19,20.0,20,10.6,6.9,10,3,213,45,15,20260702,12.97,-7.88,67.7593,4.1215,15.1209,25.9988,15.2346,1.8307,预增 67~116%,轴承产品,57.50395515106811,24.016040124408484,北京市金杜律师事务所上海分所关于常州光洋轴承股份有限公司2026年第一次临时股东会之法律意见书
688320.SH,禾川科技,EI-L5-DRIVE,驱动器/控制器/编码器,伺服系统、控制器,控制器,第一梯队,89.4,18,20.0,20,3.7,7.8,10,10,12,12,0,20260702,41.31,9.9,,5.141,18.7042,79.1024,23.3512,-0.4639,续亏 15~33%,伺服系统,73.18435346378043,24.903727256193893,公司成立禾川人形机器人公司已经有一年多的时间，为何始终未能见到该公司有突破性的进展？为何始终无法取得主流人形机器人公司的批量订单？请问董秘，目前公司人形机器人的开发进展如何？给知名的主流机器人公司送样的结果如何？ | 投资者您好！感谢您对公司的关注。公司自布局人形机器人领域以来，推出了多款核心零部件产品，其中包括旋转关节模组、线性执行器、空心杯电机、无框力矩电机、灵巧手等，目前已有订单，但规模不大；公司积极推动与市场主流人形机器人公司的合作。人形机器人作为未来战略新兴产业，尚未迎来行业奇点，但公司始终保持对人形机器
300660.SZ,江苏雷利,EI-L5-FRAMELESS,无框力矩电机/空心杯电机,空心杯电机、步进电机、微电机,电机,第一梯队,89.2,21,20.0,20,5.0,10.1,10,3,46,43,1,20260702,29.11,-9.0,62.4242,4.726,15.0124,-29.7909,24.8631,1.853,略增 20~35%,步进电机,28.606313692838604,29.93694238275465,网上说贵公司子公司鼎智科技间接参股灵心巧手7.52%，并派驻董事，提供空心杯电机等。请问此消息属实吗？如果属实，贵公司也算是间接参股灵心巧手？ | 您好，据了解鼎智科技未参股灵心巧手，也未派驻董事，关于鼎智科技的相关情况请您通过北交所的相关投资者关系通道进行咨询，感谢关注！
688698.SH,伟创电气,EI-L5-DRIVE,驱动器/控制器/编码器,伺服、控制、机器人驱动,驱动控制,第一梯队,86.8,18,20.0,20,2.7,12.0,10,4,28,28,1,20260702,55.3,-14.32,46.5189,4.9439,20.9837,-14.7402,35.599,2.0368,,伺服系统及运动控制器,29.6238437378122,31.467733432158024,你好，目前机器人业务营业收入占比是多少？是否有Tesla链的订单？ | 尊敬的投资者，您好！具体经营数据，敬请关注公司披露的定期报告。谢谢！
301596.SZ,瑞迪智驱,EI-L4-REDUCER,减速器模组,精密传动、减速机、制动器,传动候选,第一梯队,86.3,20,20.0,20,6.5,10.8,5,4,83,83,3,20260702,53.31,-27.58,56.644,6.4357,14.454,-13.8604,25.4497,2.2914,略增 1~12%,谐波减速机,8.441657052390173,38.91505747521901,请问贵公司今年新开发的机器人客户有哪些？ | 尊敬的投资者，您好！公司持续推进机器人及高端装备领域市场拓展，坚持大客户战略，有序开展客户开发、产品验证和项目导入，相关产品已应用于工业机器人、协作机器人、人形机器人核心部件等领域。此外，公司积极参加AUTOMATE 2026等国际专业展会，持续拓展全球机器人产业链合作机会。相关信息请以公司依法披露的信息为准。未来市场拓展及应用规模受行业发展、客户需求及技术迭代等因素影响，存在一定不确定性，敬请投资者理性投资，注意投资风险。感谢您的关注！
002046.SZ,国机精工,EI-L5-BEARING,机器人轴承/交叉滚子轴承,高端轴承、精密轴承,高端轴承候选,第一梯队,85.9,19,20.0,20,0.0,9.9,10,7,119,43,7,20260702,72.4,27.06,238.4829,8.9001,-8.6964,-110.2629,29.7943,-0.208,首亏 -114~-109%,特种及精密轴承,43.998418565195344,27.073991651676355,董秘你好  现有的航天轴承产量假如市场规模扩大  需求翻一番的情况下    公司需要多长时间能满足需求 | 您好，在新建厂房的情况下，从施工开始到产能投放，一般需要1到2年的时间，感谢您的关注。
000837.SZ,秦川机床,EI-L5-SCREW,滚柱丝杠/滚珠丝杠,机床、滚珠丝杠、机器人减速器,丝杠/机床,第一梯队,85.1,22,20.0,20,0.0,6.1,10,7,90,38,4,20260702,11.92,4.29,245.5164,2.4761,9.6416,-11.7126,16.893,0.4949,预减 -83~-76%,机床类,50.47765016672997,19.976675484342337,请问贵公司当前订单是否具备可持续性，高端高毛利五轴、减速器设备、人形机器人等的研发和销售有没有规划，现金流压力何时能得以缓解，核心部件研发有无进展 | 公司始终聚焦主业发展，全面推进“品质提升年”各项工作，持续加大研发创新投入，关注高端精密机床、关键核心零部件等产品的技术攻关与量产，不断提升产品质量与服务水平，积极拓展市场空间，目前，公司在手订单健康可持续，截至2026年一季度末公司营业收入实现增长；同时，公司持续加强“两金”管控，现金流状况持续优化，2025年经营活动产生的现金流量净额3.17亿元，较上年同期增长
002050.SZ,三花智控,EI-L3-ENERGY,能源与热管理,热管理、机器人机电执行器布局,热管理/执行器,第一梯队,84.7,11,20.0,20,5.5,12.1,12,4,147,93,5,20260702,44.92,-0.35,46.249,5.7933,1.3574,2.6793,27.7967,2.8819,略增 25~50%,制冷空调电器零部件,59.92808212364636,28.768728835607977,美芝芜湖工厂下半年投产，2027年美的自产电子膨胀阀达1800万套，自给率上升到50%左右！ \n预计对公司影响多大，公司制冷配件对美的销量占比如何，公司如何应对？  | 公司深耕热管理零部件领域近四十载，空调电子膨胀阀、四通换向阀、截止阀、电磁阀、微通道换热器、车用电子膨胀阀、新能源汽车热管理集成组件、Omega 泵等多款产品全球市占率领先。公司以深厚的技术壁垒和规模化制造为基石，凭借全球化布局、极致的成本优势、可靠的交付品质，以及稳固的客户生态与卓越的管理团队，收获全球客户广泛认可，具备显著先发优势。公司将持续
003021.SZ,兆威机电,EI-L4-HAND,灵巧手/末端执行器,微型传动系统、灵巧手传动,灵巧手微传动,第一梯队,83.0,19,20.0,20,0.0,11.0,12,1,32,32,11,20260702,91.64,-5.14,101.9381,4.7746,-2.7354,-25.1475,31.2986,0.9503,,微型传动系统,60.09757881921027,28.665067686051387,董秘您好！在人形机器人大厂强化灵巧手自研适配的当下，贵公司是否有计划发挥资本纽带的作用，通过参股人形机器人整机厂，或者引进人形机器人大厂参股贵公司灵巧手项目，从而强化与人形机器人产业链的深度渗透呢？， | 尊敬的投资者，您好！公司密切关注产业链上下游优质标的及行业内的投资机会，综合考虑，谨慎决策，赋能公司发展。未来如有相关投资计划，公司也将严格按照相关法规及时履行信息披露义务。感谢您的关注！
300421.SZ,力星股份,EI-L5-ROLLING,滚动体/钢球/陶瓷球/G5级,钢球、滚子、陶瓷球/G5级滚动体,滚动体漏项补充,第二梯队,78.3,20,20.0,20,0.0,5.3,10,3,139,76,1,20260702,19.5,-10.59,96.9461,4.4364,5.503,-58.8154,14.2336,0.5473,,钢球,85.08743058197743,15.739344591340783,请问5月20日贵公司官方公众号发布信息，双方就欧洲和北美汽车项目深度战略合作、陶瓷球项目的持续推进及全球化业务支撑展开深入交流，在现有业务合作基础上进一步巩固全球供应链协同，加速陶瓷球产品的联合开发与应用落地。为何后来删除消息？作为二级市场投资者，非常关注。谢谢 | 尊敬的投资者您好，感谢您对公司动态的持续关注与监督，公司公众号内容的调整属于内部正常审核调整。再次感谢您的理解与支持！
601689.SH,拓普集团,EI-L5-STRUCTURE,轻量化结构件/机身/总成,机器人执行器、轻量化、汽车零部件,执行器/结构件,第二梯队,74.4,14,20.0,20,2.7,8.7,5,4,50,47,1,20260702,56.75,-9.39,35.6629,4.0109,14.9212,-2.4171,19.2562,2.2668,略减 -13~-3%,机器人执行器,0.04594491630448967,28.24999998914737,董秘你好，我是公司百万级长期重仓股东。公司海外生产基地布局，是否已提前为远期机器人等智能硬件业务的海外落地，做产能、供应链的配套预留？ | 公司全球化产能布局稳步推进，波兰工厂现有产线正常运营，二期正在筹划扩建，进一步承接欧洲本土订单；泰国一期工厂按计划建设推进，将于2026年投产并逐步爬坡放量。海外基地整体遵循先投产、再爬坡、后稳步贡献产能的节奏，各基地建设进度、产能释放规划及具体经营财务数据，请大家详细参阅公司2025年年度报告。
301368.SZ,丰立智能,EI-L5-RV,RV/行星/摆线减速器,精密齿轮、减速器,齿轮减速,第二梯队,73.8,20,20.0,20,0.0,3.8,7,3,41,41,4,20260702,43.81,-2.69,,5.582,9.1706,-91.0739,11.2673,0.0278,首亏 -261~-207%,齿轮,42.71467124945191,23.46086544962355,贵司的东南亚工厂何时投产？？该布局是不是为了规避贸易壁垒供货海外重要客户？ | 尊敬的投资者您好:公司为应对国际贸易形势及满足市场需求，坚持贯彻“拓展东南亚市场、深耕国内市场”“传统电动工具和高端制造领域双核心”战略，助力新质生产力发展，实现公司生产经营的高质量发展。越南工厂主要生产产品包括高精密小模数齿轮、精密机械件以及气动工具等，将与创科实业（2024年电动工具市占率全球第一）等客户在境外市场进一步加深业务合作。目前已通过客户验厂，产品已通过客户验证并实现生产交货。马来工厂主要生产产品包括燃油车行星架相关组件等
002965.SZ,祥鑫科技,EI-L5-STRUCTURE,轻量化结构件/机身/总成,精密冲压、结构件,结构件,第二梯队,73.5,14,20.0,20,0.0,2.5,10,7,68,66,8,20260702,51.18,44.17,261.1094,3.2025,17.1533,-119.8668,7.4666,-0.4014,预减 -53~-44%,新能源汽车冲压模具和金属结构件,58.0458700470748,9.348477304871636,特斯拉机器人即将在7月份量产，请问公司除了灵巧手外，还有哪些机械部件供应给特斯拉 | 尊敬的投资者，您好！公司间接为T客户的汽车业务（如座椅结构件等）及新兴业务领域提供结构件产品。关于具体产品应用于何种终端型号，由于公司与客户签有严格的保密协议，涉及客户的商业机密，出于审慎原则，不便对具体应用细节进行评论，敬请谅解。公司始终致力于紧跟下游顶尖客户的发展步伐，积极布局前沿领域。感谢您的关注！
002527.SZ,新时达,EI-L5-DRIVE,驱动器/控制器/编码器,机器人与运动控制,控制器,第二梯队,72.8,18,20.0,20,7.8,3.0,4,0,152,68,4,20260702,13.12,-10.5,1419.8572,6.9939,10.1294,7.6145,18.1344,-0.6019,扭亏 102~103%,机器人与运动控制类产品,24.032283500285523,11.559175990366981,请问公司的晶圆半导体机器人，能否取代日本的晶圆半导体机器人？ | 您好，公司半导体机器人能够覆盖热处理、清洗、刻蚀、薄膜、黄光、减薄、键合等前/后道半导体工艺制程，实现了设备的国产化替代，目前公司半导体机器人业务占公司业务比重较小，敬请广大投资者注意投资风险，谢谢您！
603667.SH,五洲新春,EI-L5-BEARING,机器人轴承/交叉滚子轴承,轴承、丝杠、机器人轴承,轴承/丝杠,观察池,61.8,19,7.2,15,0.0,7.6,10,3,4,4,1,20260702,70.18,-0.13,318.8141,8.9622,-18.8288,-18.6204,19.7572,1.029,,轴承产品,54.659520330703124,18.730385698862676,作为长期持股股东，对公司进行的减持行为以及定增表示理解并祝愿顺利。想请问一下，公司与新剑最新的合作有什么可以告知股东的吗？是否有产品通过测试并准备量产？与新剑的合作，是否使得公司进入了北美以及国内各大机器人的供应链之中？提供的产品，主要运用在什么场景？祝商祺 ！ | 尊敬的投资者，您好！感谢您对公司的关注，相关信息以公司公告为准！
002896.SZ,中大力德,EI-L4-JOINT,关节模组/执行器,精密减速器、减速电机、智能执行单元,执行器节点修正,暂不优先,41.9,18,1.8,0,0.0,9.1,10,3,1,1,0,20260702,77.84,-1.34,271.3745,12.6968,5.1164,-36.4187,24.407,0.9193,,智能执行单元,37.628730356399565,25.08310975399232,公司生产的供应人形机器人的减速器有没有使用软磁材料 | 尊敬的投资者您好！目前公司减速器所用的材料包括20CrMnTi、40Cr、40CrNiMoA合金钢等。
