ts_code,trade_date,open,high,low,close,pre_close,change,pct_chg,vol,amount
002896.SZ,20260702,76.05,81.68,75.5,77.84,76.36,1.48,1.9382,166829.35,1314745.93971
002896.SZ,20260701,76.08,78.29,75.69,76.36,76.38,-0.02,-0.0262,128405.46,986278.52818
002896.SZ,20260630,74.19,76.96,72.21,76.38,71.76,4.62,6.4381,143040.56,1070087.06204
002896.SZ,20260629,70.1,72.5,67.83,71.76,70.3,1.46,2.0768,113131.12,790883.08749
002896.SZ,20260626,72.71,73.3,70.3,70.3,73.04,-2.74,-3.7514,93608.01,669060.49065
002896.SZ,20260625,76.0,77.09,72.74,73.04,76.87,-3.83,-4.9824,147216.11,1096233.76378
002896.SZ,20260624,79.05,80.35,76.47,76.87,79.29,-2.42,-3.0521,113252.41,878504.94791
002896.SZ,20260623,78.5,81.54,76.0,79.29,79.67,-0.38,-0.477,137480.77,1088425.93311
002896.SZ,20260622,81.13,82.38,78.0,79.67,82.3,-2.63,-3.1956,151718.48,1209204.77611
002896.SZ,20260618,79.72,83.35,79.72,82.3,79.69,2.61,3.2752,176612.57,1446591.06766
002896.SZ,20260617,79.2,80.39,78.0,79.69,80.51,-0.82,-1.0185,111890.87,887157.89097
002896.SZ,20260616,79.74,81.81,79.06,80.51,80.41,0.1,0.1244,142055.48,1143201.62525
002896.SZ,20260615,78.28,80.76,77.89,80.41,78.28,2.13,2.721,144503.49,1151943.82531
002896.SZ,20260612,82.5,83.33,78.0,78.28,81.56,-3.28,-4.0216,200259.64,1608056.13192
002896.SZ,20260611,86.77,87.0,81.56,81.56,90.62,-9.06,-9.9978,200269.25,1658345.6409
002896.SZ,20260610,88.8,93.84,88.03,90.62,90.69,-0.07,-0.0772,247030.9,2240875.04331
002896.SZ,20260609,90.0,91.44,87.71,90.69,95.2,-4.51,-4.7374,305126.23,2724862.58746
002896.SZ,20260608,88.0,95.4,87.58,95.2,86.77,8.43,9.7153,429542.3,3897644.175
002896.SZ,20260605,78.0,86.77,74.41,86.77,78.88,7.89,10.0025,287153.43,2351434.358
002896.SZ,20260604,77.99,81.99,76.95,78.88,78.9,-0.02,-0.0253,171498.32,1372340.124
002896.SZ,20260603,81.7,83.88,78.3,78.9,81.7,-2.8,-3.4272,266155.11,2165710.327
002896.SZ,20260602,80.11,81.7,79.16,81.7,74.27,7.43,10.004,166998.07,1357183.054
002896.SZ,20260601,74.18,76.99,73.6,74.27,75.82,-1.55,-2.0443,114462.32,859731.901
002896.SZ,20260529,81.42,81.45,75.0,75.82,82.24,-6.42,-7.8064,170926.91,1322066.048
002896.SZ,20260528,85.25,86.4,79.8,82.24,86.11,-3.87,-4.4943,195455.32,1606919.344
002896.SZ,20260527,87.01,92.2,84.86,86.11,89.68,-3.57,-3.9808,275713.11,2426409.553
002896.SZ,20260526,86.0,89.68,86.0,89.68,81.53,8.15,9.9963,304345.19,2692918.157
002896.SZ,20260525,80.68,82.72,80.0,81.53,80.36,1.17,1.4559,117409.09,956700.445
002896.SZ,20260522,80.0,81.05,77.86,80.36,79.93,0.43,0.538,108733.4,869090.656
002896.SZ,20260521,77.01,82.87,77.01,79.93,76.73,3.2,4.1705,188264.11,1510425.919
002896.SZ,20260520,78.61,78.99,76.46,76.73,79.65,-2.92,-3.666,94802.04,731758.63
002896.SZ,20260519,81.5,81.98,79.1,79.65,80.78,-1.13,-1.3989,96141.6,769590.763
002896.SZ,20260518,79.24,81.61,78.6,80.78,80.6,0.18,0.2233,139780.44,1121995.64
002896.SZ,20260515,77.48,82.6,76.2,80.6,77.56,3.04,3.9195,181722.63,1451446.939
002896.SZ,20260514,78.4,81.14,76.1,77.56,78.63,-1.07,-1.3608,132954.65,1045008.012
002896.SZ,20260513,78.0,78.77,76.38,78.63,80.4,-1.77,-2.2015,142361.0,1107685.162
002896.SZ,20260512,77.86,83.12,77.86,80.4,75.56,4.84,6.4055,225002.05,1825222.747
002896.SZ,20260511,75.2,76.15,74.1,75.56,76.0,-0.44,-0.5789,94230.78,708305.913
002896.SZ,20260508,71.08,80.47,70.77,76.0,73.2,2.8,3.8251,169284.72,1284800.505
002896.SZ,20260507,71.25,73.48,70.7,73.2,70.9,2.3,3.244,73615.96,535624.905
002896.SZ,20260506,70.3,71.5,70.2,70.9,70.28,0.62,0.8822,45458.33,322525.037
002896.SZ,20260430,68.19,70.74,68.13,70.28,68.31,1.97,2.8839,50304.61,352028.185
002896.SZ,20260429,67.5,68.81,67.41,68.31,68.12,0.19,0.2789,29126.95,198921.722
002896.SZ,20260428,70.0,70.3,68.0,68.12,71.36,-3.24,-4.5404,58409.81,401705.506
002896.SZ,20260427,71.05,71.86,70.37,71.36,71.29,0.07,0.0982,31120.32,221875.712
002896.SZ,20260424,70.88,71.49,70.88,71.29,71.1,0.19,0.2672,25413.29,181002.554
002896.SZ,20260423,72.27,72.49,70.77,71.1,72.27,-1.17,-1.6189,46811.69,333389.099
002896.SZ,20260422,72.5,72.89,71.97,72.27,72.6,-0.33,-0.4545,38286.4,276824.835
002896.SZ,20260421,72.6,73.45,71.8,72.6,72.88,-0.28,-0.3842,43299.29,313537.587
002896.SZ,20260420,74.0,74.0,72.25,72.88,74.59,-1.71,-2.2925,70344.2,512832.492
002896.SZ,20260417,74.0,74.69,72.83,74.59,73.83,0.76,1.0294,48546.84,358556.689
002896.SZ,20260416,74.0,74.9,73.01,73.83,73.96,-0.13,-0.1758,49091.56,361183.554
002896.SZ,20260415,75.58,75.68,73.62,73.96,75.1,-1.14,-1.518,39578.63,295109.877
002896.SZ,20260414,74.84,75.53,74.21,75.1,74.14,0.96,1.2948,46351.47,346743.169
002896.SZ,20260413,73.37,75.3,73.08,74.14,73.89,0.25,0.3383,44327.7,328689.568
002896.SZ,20260410,73.6,75.75,73.15,73.89,72.0,1.89,2.625,74109.57,552589.669
002896.SZ,20260409,73.01,73.18,71.74,72.0,74.24,-2.24,-3.0172,43982.45,317701.387
002896.SZ,20260408,72.35,74.38,72.13,74.24,70.86,3.38,4.77,64936.16,475382.78
002896.SZ,20260407,71.09,71.66,70.3,70.86,71.06,-0.2,-0.2815,27796.43,197214.33
002896.SZ,20260403,72.33,72.87,70.85,71.06,72.45,-1.39,-1.9186,33040.95,235877.165
002896.SZ,20260402,74.6,74.85,72.2,72.45,75.5,-3.05,-4.0397,51303.99,376563.96
002896.SZ,20260401,76.15,76.45,74.89,75.5,74.95,0.55,0.7338,51996.93,392770.773
002896.SZ,20260331,75.52,77.4,73.77,74.95,75.52,-0.57,-0.7548,73347.43,553273.541
002896.SZ,20260330,75.5,76.86,74.8,75.52,77.1,-1.58,-2.0493,56615.41,427163.471
002896.SZ,20260327,75.0,77.8,74.95,77.1,78.29,-1.19,-1.52,77902.34,598626.804
002896.SZ,20260326,73.93,81.5,73.93,78.29,74.44,3.85,5.172,130930.87,1020482.616
002896.SZ,20260325,73.01,75.4,72.68,74.44,74.44,0.0,0.0,83190.17,617607.497
002896.SZ,20260324,79.96,79.96,72.38,74.44,77.0,-2.56,-3.3247,145961.07,1098417.931
002896.SZ,20260323,74.02,77.0,74.02,77.0,70.0,7.0,10.0,126224.53,967470.984
002896.SZ,20260320,72.9,72.9,70.0,70.0,72.2,-2.2,-3.0471,35036.71,250114.852
002896.SZ,20260319,73.72,74.1,72.0,72.2,74.87,-2.67,-3.5662,32665.7,237991.143
002896.SZ,20260318,74.99,75.44,73.68,74.87,74.6,0.27,0.3619,24087.84,179100.542
002896.SZ,20260317,76.88,77.08,74.55,74.6,76.32,-1.72,-2.2537,24265.86,183283.25
002896.SZ,20260316,76.9,76.9,75.05,76.32,76.91,-0.59,-0.7671,23832.16,180882.369
002896.SZ,20260313,78.0,78.4,76.68,76.91,78.7,-1.79,-2.2745,26715.34,206500.548
002896.SZ,20260312,80.07,81.5,78.44,78.7,80.5,-1.8,-2.236,37309.99,297146.005
002896.SZ,20260311,78.78,81.19,78.78,80.5,78.75,1.75,2.2222,66962.3,538447.26
002896.SZ,20260310,76.69,79.6,76.65,78.75,75.68,3.07,4.0566,55869.33,437052.936
002896.SZ,20260309,76.0,76.19,73.4,75.68,77.68,-2.0,-2.5747,43089.56,322697.241
002896.SZ,20260306,77.11,77.85,77.01,77.68,77.55,0.13,0.1676,21083.44,163616.56
002896.SZ,20260305,78.69,78.88,77.23,77.55,77.16,0.39,0.5054,28854.0,225022.453
002896.SZ,20260304,76.0,78.5,75.75,77.16,77.77,-0.61,-0.7844,35732.93,276694.167
002896.SZ,20260303,80.2,80.7,77.68,77.77,80.41,-2.64,-3.2832,59597.24,471459.995
002896.SZ,20260302,80.17,81.58,80.17,80.41,83.76,-3.35,-3.9995,60592.53,488817.428
002896.SZ,20260227,84.85,85.0,83.59,83.76,83.65,0.11,0.1315,48532.23,408055.766
002896.SZ,20260226,85.0,85.0,83.25,83.65,85.18,-1.53,-1.7962,54726.06,458185.646
002896.SZ,20260225,86.29,86.29,84.55,85.18,87.16,-1.98,-2.2717,69527.5,591900.652
002896.SZ,20260224,90.78,91.0,86.01,87.16,86.19,0.97,1.1254,129377.1,1133211.137
002896.SZ,20260213,82.54,87.53,82.1,86.19,82.53,3.66,4.4348,105389.0,897959.34
002896.SZ,20260212,81.74,82.79,81.52,82.53,81.73,0.8,0.9788,32340.86,266467.398
002896.SZ,20260211,82.0,82.7,81.72,81.73,82.8,-1.07,-1.2923,29515.9,242048.686
002896.SZ,20260210,81.18,83.27,81.18,82.8,81.1,1.7,2.0962,61072.08,504681.582
002896.SZ,20260209,81.46,81.64,80.5,81.1,80.64,0.46,0.5704,32276.17,261369.513
002896.SZ,20260206,79.57,81.5,78.68,80.64,80.04,0.6,0.7496,41843.15,337185.427
002896.SZ,20260205,80.5,81.1,80.0,80.04,81.47,-1.43,-1.7552,27210.9,218412.158
002896.SZ,20260204,81.0,81.55,80.21,81.47,81.35,0.12,0.1475,36541.86,294955.617
002896.SZ,20260203,80.5,81.39,80.07,81.35,80.48,0.87,1.081,36315.58,293737.495
002896.SZ,20260202,81.04,82.8,80.42,80.48,81.63,-1.15,-1.4088,43717.51,355584.27
002896.SZ,20260130,80.11,82.48,79.66,81.63,80.5,1.13,1.4037,52691.75,428298.48
002896.SZ,20260129,81.72,82.3,80.29,80.5,81.71,-1.21,-1.4808,47058.96,382149.659
002896.SZ,20260128,82.5,82.6,81.25,81.71,82.99,-1.28,-1.5424,45221.59,369619.273
002896.SZ,20260127,83.38,83.65,80.56,82.99,83.35,-0.36,-0.4319,67774.89,556009.146
002896.SZ,20260126,89.02,89.64,83.2,83.35,88.16,-4.81,-5.456,116653.08,991928.413
002896.SZ,20260123,87.29,91.33,87.29,88.16,86.94,1.22,1.4033,102329.15,908910.264
002896.SZ,20260122,88.57,89.49,86.7,86.94,88.14,-1.2,-1.3615,63886.94,559429.605
002896.SZ,20260121,86.7,89.19,86.5,88.14,87.79,0.35,0.3987,69283.04,610888.807
002896.SZ,20260120,89.44,91.0,87.35,87.79,89.86,-2.07,-2.3036,72923.5,646994.825
002896.SZ,20260119,90.69,91.78,89.12,89.86,89.33,0.53,0.5933,109926.68,995371.446
002896.SZ,20260116,86.66,90.3,86.66,89.33,86.7,2.63,3.0334,113313.53,1007818.225
002896.SZ,20260115,87.0,87.85,85.66,86.7,87.35,-0.65,-0.7441,58006.49,501937.721
002896.SZ,20260114,87.0,89.59,86.54,87.35,87.26,0.09,0.1031,106295.28,938182.981
002896.SZ,20260113,90.0,91.4,86.98,87.26,89.99,-2.73,-3.0337,113882.3,1014311.865
002896.SZ,20260112,89.05,90.49,88.2,89.99,89.04,0.95,1.0669,112227.49,1004445.007
002896.SZ,20260109,88.02,90.72,87.88,89.04,89.0,0.04,0.0449,112010.35,1003266.873
002896.SZ,20260108,87.69,89.99,86.95,89.0,87.98,1.02,1.1594,94505.52,835340.201
002896.SZ,20260107,87.83,89.3,86.78,87.98,88.22,-0.24,-0.272,77359.3,679711.24
002896.SZ,20260106,88.88,89.39,87.7,88.22,88.48,-0.26,-0.2939,85581.57,756838.502
002896.SZ,20260105,88.08,89.14,86.78,88.48,89.36,-0.88,-0.9848,96580.44,851944.422
002896.SZ,20251231,92.0,92.0,89.0,89.36,92.15,-2.79,-3.0277,143464.22,1290040.291
002896.SZ,20251230,85.0,92.2,84.5,92.15,85.54,6.61,7.7274,219932.94,1977846.034
002896.SZ,20251229,85.96,86.78,84.2,85.54,84.96,0.58,0.6827,88375.96,758945.465
002896.SZ,20251226,85.5,86.29,83.66,84.96,85.48,-0.52,-0.6083,78106.97,663723.106
002896.SZ,20251225,82.95,86.49,82.95,85.48,82.49,2.99,3.6247,112889.85,958558.008
002896.SZ,20251224,81.92,82.75,81.61,82.49,81.95,0.54,0.6589,33403.34,275060.993
002896.SZ,20251223,83.0,83.42,81.7,81.95,84.0,-2.05,-2.4405,65586.79,540366.794
002896.SZ,20251222,82.1,85.53,81.64,84.0,79.6,4.4,5.5276,124906.09,1047204.168
002896.SZ,20251219,79.5,80.3,79.01,79.6,78.57,1.03,1.3109,33738.77,268639.076
002896.SZ,20251218,79.5,80.88,78.53,78.57,80.11,-1.54,-1.9224,39894.35,316813.132
002896.SZ,20251217,78.91,80.5,78.26,80.11,78.92,1.19,1.5079,46862.61,372388.51
002896.SZ,20251216,81.73,81.73,78.76,78.92,81.77,-2.85,-3.4854,49736.79,396120.225
002896.SZ,20251215,82.51,83.88,81.72,81.77,83.38,-1.61,-1.9309,46909.68,386442.788
002896.SZ,20251212,82.0,83.38,81.0,83.38,82.09,1.29,1.5714,69130.93,567200.564
002896.SZ,20251211,84.5,84.6,81.98,82.09,84.79,-2.7,-3.1843,55258.71,458144.157
002896.SZ,20251210,84.15,84.8,83.2,84.79,84.45,0.34,0.4026,42748.0,358846.361
002896.SZ,20251209,85.01,86.76,84.4,84.45,85.8,-1.35,-1.5734,51948.14,443645.74
002896.SZ,20251208,84.52,86.35,84.28,85.8,84.73,1.07,1.2628,76460.72,653541.866
002896.SZ,20251205,82.27,84.84,81.4,84.73,83.46,1.27,1.5217,83416.16,698143.507
002896.SZ,20251204,83.0,84.5,82.02,83.46,81.41,2.05,2.5181,85792.55,715279.758
002896.SZ,20251203,83.27,84.05,81.3,81.41,83.3,-1.89,-2.2689,42326.14,347451.05
002896.SZ,20251202,84.6,85.2,82.8,83.3,85.29,-1.99,-2.3332,48662.12,406984.511
002896.SZ,20251201,84.42,85.58,84.0,85.29,84.45,0.84,0.9947,55086.33,468218.174
002896.SZ,20251128,83.01,84.59,82.13,84.45,83.47,0.98,1.1741,59196.38,495662.51
002896.SZ,20251127,82.88,84.88,82.88,83.47,83.48,-0.01,-0.012,47285.42,396067.827
002896.SZ,20251126,82.88,84.9,81.8,83.48,83.35,0.13,0.156,56298.52,470914.003
002896.SZ,20251125,83.53,84.6,82.82,83.35,83.48,-0.13,-0.1557,61666.26,516254.913
002896.SZ,20251124,85.05,85.8,81.4,83.48,86.74,-3.26,-3.7584,92467.78,767384.435
002896.SZ,20251121,83.5,88.88,83.03,86.74,84.5,2.24,2.6509,121579.64,1049804.481
002896.SZ,20251120,84.28,85.0,83.01,84.5,84.27,0.23,0.2729,46112.96,388618.434
002896.SZ,20251119,84.84,86.5,84.03,84.27,84.13,0.14,0.1664,63344.88,540012.143
002896.SZ,20251118,82.3,85.77,81.85,84.13,83.15,0.98,1.1786,63443.0,531506.621
002896.SZ,20251117,81.0,84.54,81.0,83.15,80.43,2.72,3.3818,75835.52,630451.437
002896.SZ,20251114,82.0,82.03,80.4,80.43,82.65,-2.22,-2.686,45640.03,370436.577
002896.SZ,20251113,81.89,83.45,81.21,82.65,81.89,0.76,0.9281,39001.95,320945.582
002896.SZ,20251112,82.8,83.47,81.72,81.89,82.8,-0.91,-1.099,40433.52,333056.247
002896.SZ,20251111,85.42,86.14,82.03,82.8,85.42,-2.62,-3.0672,58800.82,493320.532
002896.SZ,20251110,86.71,87.1,85.2,85.42,86.84,-1.42,-1.6352,41663.95,356738.334
002896.SZ,20251107,89.39,89.39,86.8,86.84,88.85,-2.01,-2.2622,53529.48,467739.833
002896.SZ,20251106,86.52,89.49,86.28,88.85,86.27,2.58,2.9906,64489.46,567963.318
002896.SZ,20251105,86.14,87.2,85.03,86.27,87.58,-1.31,-1.4958,48729.09,419088.083
002896.SZ,20251104,90.0,90.0,87.5,87.58,90.64,-3.06,-3.376,68994.6,608136.857
002896.SZ,20251103,91.02,94.0,90.1,90.64,90.29,0.35,0.3876,97032.53,892696.516
002896.SZ,20251031,88.61,91.32,88.33,90.29,89.09,1.2,1.347,77217.74,698719.042
002896.SZ,20251030,92.0,92.0,88.8,89.09,91.11,-2.02,-2.2171,72705.46,655170.245
002896.SZ,20251029,90.0,91.25,89.61,91.11,90.32,0.79,0.8747,70621.48,638355.284
002896.SZ,20251028,90.01,91.55,89.22,90.32,90.24,0.08,0.0887,89696.86,810260.101
002896.SZ,20251027,88.07,90.69,88.07,90.24,89.55,0.69,0.7705,90723.02,815080.224
002896.SZ,20251024,88.13,90.15,87.9,89.55,87.58,1.97,2.2494,74655.07,666836.115
002896.SZ,20251023,88.0,88.0,86.22,87.58,89.0,-1.42,-1.5955,56691.85,492579.707
002896.SZ,20251022,89.35,90.57,88.22,89.0,89.08,-0.08,-0.0898,62065.2,555234.451
002896.SZ,20251021,88.02,89.23,86.6,89.08,88.7,0.38,0.4284,73279.5,646175.904
002896.SZ,20251020,88.85,90.8,88.02,88.7,87.51,1.19,1.3598,79304.29,707716.814
002896.SZ,20251017,88.89,90.5,87.5,87.51,88.88,-1.37,-1.5414,67020.68,595705.379
002896.SZ,20251016,90.76,90.89,88.59,88.88,92.51,-3.63,-3.9239,84528.89,757293.944
002896.SZ,20251015,87.23,93.82,86.01,92.51,87.2,5.31,6.0894,131431.14,1188289.009
002896.SZ,20251014,90.88,91.95,87.1,87.2,89.87,-2.67,-2.971,85908.56,767617.009
002896.SZ,20251013,86.7,90.5,86.7,89.87,93.5,-3.63,-3.8824,91459.68,812811.737
002896.SZ,20251010,96.69,97.79,93.0,93.5,96.5,-3.0,-3.1088,101335.62,966127.11
002896.SZ,20251009,96.01,97.32,91.97,96.5,96.53,-0.03,-0.0311,100326.04,961869.548
002896.SZ,20250930,95.9,97.6,95.0,96.53,95.0,1.53,1.6105,112577.84,1084889.21
002896.SZ,20250929,93.69,95.44,93.31,95.0,93.72,1.28,1.3658,82438.2,779538.869
002896.SZ,20250926,96.07,96.97,93.7,93.72,97.19,-3.47,-3.5703,97847.76,929963.818
002896.SZ,20250925,97.99,99.24,96.9,97.19,97.98,-0.79,-0.8063,112404.56,1100503.974
002896.SZ,20250924,95.5,98.5,94.17,97.98,96.43,1.55,1.6074,116513.38,1130983.457
002896.SZ,20250923,98.3,99.46,93.65,96.43,97.91,-1.48,-1.5116,139405.98,1343498.567
002896.SZ,20250922,97.14,98.8,97.14,97.91,97.13,0.78,0.803,121785.51,1192055.885
002896.SZ,20250919,100.0,101.94,96.64,97.13,102.8,-5.67,-5.5156,209777.27,2063037.122
002896.SZ,20250918,105.61,109.35,100.19,102.8,105.47,-2.67,-2.5315,342780.82,3611773.708
002896.SZ,20250917,107.18,108.68,103.73,105.47,105.6,-0.13,-0.1231,299283.48,3177713.8
002896.SZ,20250916,103.69,107.89,101.45,105.6,103.02,2.58,2.5044,422642.73,4428822.33
002896.SZ,20250915,93.65,103.02,93.01,103.02,93.65,9.37,10.0053,216515.41,2177137.094
002896.SZ,20250912,94.0,95.88,92.94,93.65,93.6,0.05,0.0534,146998.89,1390633.973
002896.SZ,20250911,90.5,94.23,90.1,93.6,91.05,2.55,2.8007,144720.87,1342297.932
002896.SZ,20250910,91.49,93.0,90.07,91.05,91.65,-0.6,-0.6547,94016.49,859110.469
002896.SZ,20250909,93.45,93.89,91.3,91.65,94.66,-3.01,-3.1798,121248.31,1118278.249
002896.SZ,20250908,90.06,96.27,90.01,94.66,90.67,3.99,4.4006,182584.31,1720540.66
002896.SZ,20250905,86.45,91.1,85.68,90.67,86.55,4.12,4.7603,147418.17,1314798.367
002896.SZ,20250904,92.27,92.88,85.0,86.55,92.91,-6.36,-6.8453,180787.41,1611700.425
002896.SZ,20250903,99.0,99.65,92.54,92.91,97.95,-5.04,-5.1455,216813.49,2081304.828
002896.SZ,20250902,91.97,100.0,87.78,97.95,91.85,6.1,6.6413,340512.13,3211208.892
002896.SZ,20250901,92.67,93.58,91.0,91.85,92.77,-0.92,-0.9917,103259.24,947711.403
002896.SZ,20250829,91.99,94.76,91.25,92.77,92.23,0.54,0.5855,134197.9,1245060.158
002896.SZ,20250828,93.12,93.3,89.05,92.23,93.99,-1.76,-1.8725,206554.13,1874365.821
002896.SZ,20250827,95.74,97.89,93.93,93.99,95.74,-1.75,-1.8279,160974.24,1545731.149
002896.SZ,20250826,98.35,98.68,95.56,95.74,98.85,-3.11,-3.1462,158091.81,1530396.177
002896.SZ,20250825,97.5,100.9,97.32,98.85,96.66,2.19,2.2657,191320.62,1895924.618
002896.SZ,20250822,93.38,97.45,93.28,96.66,93.43,3.23,3.4571,177790.12,1705268.578
002896.SZ,20250821,97.6,98.61,93.4,93.43,99.02,-5.59,-5.6453,215807.58,2064072.31
002896.SZ,20250820,97.79,103.0,96.7,99.02,98.63,0.39,0.3954,208100.13,2083427.399
002896.SZ,20250819,99.6,104.0,97.8,98.63,101.66,-3.03,-2.9805,246866.86,2458438.054
002896.SZ,20250818,101.76,104.28,97.51,101.66,99.59,2.07,2.0785,265981.02,2664486.494
002896.SZ,20250815,98.92,101.51,98.01,99.59,99.58,0.01,0.01,220489.16,2199581.898
002896.SZ,20250814,102.36,106.66,96.28,99.58,102.4,-2.82,-2.7539,325750.07,3267017.532
002896.SZ,20250813,96.0,106.0,94.5,102.4,96.66,5.74,5.9383,349131.03,3483442.593
002896.SZ,20250812,96.01,99.66,93.68,96.66,97.07,-0.41,-0.4224,264391.03,2532365.592
002896.SZ,20250811,95.5,98.86,95.41,97.07,96.02,1.05,1.0935,268961.55,2604795.343
002896.SZ,20250808,99.01,99.05,95.39,96.02,102.97,-6.95,-6.7495,332400.73,3222783.091
002896.SZ,20250807,99.0,103.22,97.8,102.97,94.38,8.59,9.1015,416322.6,4185668.763
002896.SZ,20250806,86.68,94.38,85.3,94.38,85.8,8.58,10.0,278705.92,2523544.727
002896.SZ,20250805,84.5,88.0,83.5,85.8,82.49,3.31,4.0126,314674.72,2692164.477
002896.SZ,20250804,78.86,82.5,78.6,82.49,78.4,4.09,5.2168,229258.14,1857983.101
002896.SZ,20250801,78.98,80.53,77.55,78.4,79.77,-1.37,-1.7174,143244.22,1127063.189
002896.SZ,20250731,78.53,81.9,78.11,79.77,79.53,0.24,0.3018,197068.02,1587211.133
002896.SZ,20250730,85.27,86.0,79.0,79.53,87.7,-8.17,-9.3158,328595.95,2690547.797
002896.SZ,20250729,83.5,89.96,82.8,87.7,84.45,3.25,3.8484,332656.38,2894210.972
002896.SZ,20250728,83.62,86.0,82.8,84.45,82.61,1.84,2.2273,231535.04,1951886.944
002896.SZ,20250725,83.56,85.26,82.01,82.61,83.67,-1.06,-1.2669,215655.79,1796043.618
002896.SZ,20250724,84.12,85.98,83.0,83.67,84.41,-0.74,-0.8767,244963.58,2057025.567
002896.SZ,20250723,84.4,88.98,83.8,84.41,88.35,-3.94,-4.4595,320199.82,2735222.249
002896.SZ,20250722,86.7,92.58,83.0,88.35,88.28,0.07,0.0793,410861.88,3629519.211
002896.SZ,20250721,84.0,88.28,83.0,88.28,80.25,8.03,10.0062,348692.26,3026014.187
002896.SZ,20250718,76.2,81.45,74.88,80.25,76.4,3.85,5.0393,370639.56,2905350.793
002896.SZ,20250717,70.91,77.99,69.41,76.4,70.9,5.5,7.7574,447878.88,3370406.36
002896.SZ,20250716,67.48,74.3,65.52,70.9,67.8,3.1,4.5723,378068.09,2624919.683
002896.SZ,20250715,70.0,70.97,67.2,67.8,67.58,0.22,0.3255,447355.73,3087539.076
002896.SZ,20250714,63.83,67.58,63.18,67.58,61.44,6.14,9.9935,280459.33,1840033.501
002896.SZ,20250711,55.49,61.44,55.01,61.44,55.85,5.59,10.009,301553.23,1793336.233
002896.SZ,20250710,56.23,56.95,55.64,55.85,58.17,-2.32,-3.9883,159352.28,894531.792
002896.SZ,20250709,58.81,60.81,58.0,58.17,55.28,2.89,5.2279,284110.85,1695918.579
002896.SZ,20250708,53.66,56.37,53.66,55.28,54.12,1.16,2.1434,80615.59,444022.171
002896.SZ,20250707,55.0,55.05,53.9,54.12,55.09,-0.97,-1.7608,48328.2,261777.627
002896.SZ,20250704,55.35,55.95,54.56,55.09,55.5,-0.41,-0.7387,52122.98,287411.455
002896.SZ,20250703,55.35,56.35,55.0,55.5,55.74,-0.24,-0.4306,52690.86,292542.429
002896.SZ,20250702,57.32,57.32,55.31,55.74,57.54,-1.8,-3.1283,71746.8,402023.107
002896.SZ,20250701,57.85,58.18,56.95,57.54,57.91,-0.37,-0.6389,60726.41,348491.818
002896.SZ,20250630,57.1,58.2,57.06,57.91,57.11,0.8,1.4008,72641.76,419699.882
002896.SZ,20250627,56.89,57.72,55.9,57.11,56.88,0.23,0.4044,83637.24,477076.332
002896.SZ,20250626,75.92,76.67,74.12,74.2,75.48,-1.28,-1.6958,84409.71,636978.548
002896.SZ,20250625,74.07,75.8,73.81,75.48,74.05,1.43,1.9311,112589.13,842862.047
002896.SZ,20250624,70.35,74.8,70.32,74.05,70.02,4.03,5.7555,125493.16,921102.398
002896.SZ,20250623,68.7,70.33,68.55,70.02,69.77,0.25,0.3583,44730.4,312501.906
002896.SZ,20250620,71.57,72.09,69.56,69.77,71.57,-1.8,-2.515,61383.2,431886.581
002896.SZ,20250619,71.98,74.37,71.5,71.57,71.98,-0.41,-0.5696,102488.64,747867.527
002896.SZ,20250618,71.52,72.23,70.89,71.98,71.53,0.45,0.6291,42925.0,307256.212
002896.SZ,20250617,72.5,72.91,71.36,71.53,72.37,-0.84,-1.1607,37155.8,267439.131
002896.SZ,20250616,71.9,72.77,71.9,72.37,71.9,0.47,0.6537,41532.69,300483.303
002896.SZ,20250613,73.7,73.9,71.6,71.9,74.29,-2.39,-3.2171,60971.69,441715.854
002896.SZ,20250612,74.47,75.42,74.0,74.29,74.86,-0.57,-0.7614,40454.0,301025.257
002896.SZ,20250611,74.0,75.8,73.68,74.86,74.23,0.63,0.8487,57306.09,427915.373
002896.SZ,20250610,74.98,75.55,72.41,74.23,75.12,-0.89,-1.1848,79057.24,584915.905
002896.SZ,20250609,75.1,76.6,74.84,75.12,75.02,0.1,0.1333,63046.25,477132.804
002896.SZ,20250606,76.0,76.05,74.8,75.02,76.22,-1.2,-1.5744,45051.85,338474.439
002896.SZ,20250605,75.02,77.2,74.5,76.22,75.36,0.86,1.1412,83514.35,633586.16
002896.SZ,20250604,74.38,75.89,74.38,75.36,74.37,0.99,1.3312,56724.99,426831.225
002896.SZ,20250603,73.3,75.02,73.3,74.37,74.29,0.08,0.1077,45658.42,340175.445
002896.SZ,20250530,76.0,76.16,73.8,74.29,75.96,-1.67,-2.1985,57338.11,427664.996
002896.SZ,20250529,75.9,76.96,75.59,75.96,75.9,0.06,0.0791,61733.39,469447.082
002896.SZ,20250528,77.11,77.88,75.56,75.9,76.63,-0.73,-0.9526,59894.61,457394.39
002896.SZ,20250527,78.88,79.15,76.47,76.63,79.19,-2.56,-3.2327,82450.24,635031.468
002896.SZ,20250526,80.0,80.0,78.24,79.19,80.3,-1.11,-1.3823,71980.45,568378.584
002896.SZ,20250523,81.5,82.58,80.03,80.3,82.4,-2.1,-2.5485,72587.52,590929.53
002896.SZ,20250522,82.33,84.55,81.93,82.4,82.32,0.08,0.0972,66215.31,550782.181
002896.SZ,20250521,83.1,83.79,81.5,82.32,83.35,-1.03,-1.2358,47022.76,387452.145
002896.SZ,20250520,82.91,84.36,82.18,83.35,82.9,0.45,0.5428,45202.7,376421.668
002896.SZ,20250519,84.0,84.05,81.14,82.9,84.45,-1.55,-1.8354,66984.45,552101.191
002896.SZ,20250516,84.12,86.72,84.11,84.45,85.11,-0.66,-0.7755,78381.86,671123.154
002896.SZ,20250515,88.0,88.16,85.08,85.11,88.28,-3.17,-3.5908,64757.32,555712.956
002896.SZ,20250514,89.01,89.73,88.08,88.28,89.73,-1.45,-1.616,67228.39,595586.657
002896.SZ,20250513,92.2,92.38,89.5,89.73,91.6,-1.87,-2.0415,78394.75,710452.445
002896.SZ,20250512,90.34,92.06,89.88,91.6,88.86,2.74,3.0835,93321.61,850357.131
002896.SZ,20250509,91.48,91.98,88.0,88.86,92.4,-3.54,-3.8312,91981.73,820867.836
002896.SZ,20250508,91.88,94.98,91.39,92.4,92.35,0.05,0.0541,93478.29,868513.957
002896.SZ,20250507,93.46,96.19,90.8,92.35,92.05,0.3,0.3259,133271.01,1237494.205
002896.SZ,20250506,91.1,92.9,89.61,92.05,91.1,0.95,1.0428,116997.0,1070186.561
002896.SZ,20250430,88.28,92.35,87.0,91.1,87.55,3.55,4.0548,134748.44,1213624.83
002896.SZ,20250429,85.77,88.01,85.11,87.55,85.77,1.78,2.0753,85772.59,746108.894
002896.SZ,20250428,88.05,89.3,85.69,85.77,89.12,-3.35,-3.759,84775.0,735462.011
002896.SZ,20250425,90.7,90.81,88.18,89.12,90.4,-1.28,-1.4159,86703.03,775923.02
002896.SZ,20250424,93.0,94.2,89.65,90.4,93.67,-3.27,-3.491,138257.18,1265483.964
002896.SZ,20250423,87.34,94.9,87.04,93.67,86.32,7.35,8.5148,183272.83,1677555.365
002896.SZ,20250422,89.91,90.07,86.3,86.32,88.0,-1.68,-1.9091,102867.0,899884.414
002896.SZ,20250421,82.0,88.19,82.0,88.0,84.77,3.23,3.8103,133751.19,1143030.674
002896.SZ,20250418,86.18,87.43,83.08,84.77,87.69,-2.92,-3.3299,106982.58,912507.036
002896.SZ,20250417,86.86,91.0,86.01,87.69,87.13,0.56,0.6427,143103.59,1266760.428
002896.SZ,20250416,84.43,89.9,84.2,87.13,85.35,1.78,2.0855,182398.47,1591920.418
002896.SZ,20250415,87.0,87.2,83.82,85.35,85.75,-0.4,-0.4665,109218.65,930006.43
002896.SZ,20250414,86.22,88.29,84.1,85.75,86.22,-0.47,-0.5451,160795.84,1386750.218
002896.SZ,20250411,78.0,87.51,78.0,86.22,79.55,6.67,8.3847,233157.65,1975291.576
002896.SZ,20250410,76.84,81.47,76.0,79.55,74.06,5.49,7.4129,199182.07,1576653.263
002896.SZ,20250409,67.0,74.06,62.55,74.06,67.33,6.73,9.9955,213029.59,1467997.306
002896.SZ,20250408,71.0,73.49,67.28,67.33,74.75,-7.42,-9.9264,151959.56,1046935.105
002896.SZ,20250407,74.75,77.8,74.75,74.75,83.05,-8.3,-9.994,31260.0,234797.574
002896.SZ,20250403,85.22,87.0,82.8,83.05,86.65,-3.6,-4.1546,93157.43,786699.043
002896.SZ,20250402,86.7,87.79,86.0,86.65,86.6,0.05,0.0577,74502.84,646583.656
002896.SZ,20250401,87.49,88.27,86.0,86.6,86.94,-0.34,-0.3911,89936.37,781862.848
002896.SZ,20250331,87.79,88.27,83.36,86.94,88.03,-1.09,-1.2382,136880.12,1167278.919
002896.SZ,20250328,91.01,92.08,87.88,88.03,92.35,-4.32,-4.6779,135163.56,1205666.352
002896.SZ,20250327,92.98,96.0,91.56,92.35,92.56,-0.21,-0.2269,131184.66,1228125.613
002896.SZ,20250326,92.05,96.5,92.01,92.56,94.3,-1.74,-1.8452,116846.54,1100747.241
002896.SZ,20250325,96.0,99.4,94.04,94.3,96.77,-2.47,-2.5524,112586.8,1088644.827
002896.SZ,20250324,98.01,99.66,94.0,96.77,100.47,-3.7,-3.6827,124157.29,1202282.097
002896.SZ,20250321,99.15,106.03,95.0,100.47,102.7,-2.23,-2.1714,211318.3,2107899.813
002896.SZ,20250320,106.0,110.48,102.58,102.7,108.15,-5.45,-5.0393,152072.04,1615538.923
002896.SZ,20250319,106.68,108.6,102.48,108.15,106.6,1.55,1.454,184237.0,1935292.9
002896.SZ,20250318,108.46,112.58,105.0,106.6,108.46,-1.86,-1.7149,235330.52,2563510.14
002896.SZ,20250317,96.8,108.46,94.0,108.46,98.6,9.86,10.0,257951.13,2644229.429
002896.SZ,20250314,96.01,104.02,95.1,98.6,98.69,-0.09,-0.0912,160784.92,1590962.66
002896.SZ,20250313,102.13,105.0,96.8,98.69,105.28,-6.59,-6.2595,158522.27,1606375.348
002896.SZ,20250312,98.97,108.25,97.7,105.28,99.0,6.28,6.3434,216432.46,2228225.856
002896.SZ,20250311,95.9,99.7,93.01,99.0,96.82,2.18,2.2516,165931.49,1598430.205
002896.SZ,20250310,96.98,99.95,95.0,96.82,93.7,3.12,3.3298,170135.2,1655972.855
002896.SZ,20250307,97.18,98.57,91.98,93.7,99.28,-5.58,-5.6205,186597.96,1782666.453
002896.SZ,20250306,99.0,102.0,96.88,99.28,99.6,-0.32,-0.3213,188396.55,1870844.357
002896.SZ,20250305,94.8,102.0,93.05,99.6,96.72,2.88,2.9777,202416.86,1975131.373
002896.SZ,20250304,89.95,102.49,89.93,96.72,94.18,2.54,2.697,234998.2,2273382.345
002896.SZ,20250303,94.18,104.46,94.18,94.18,104.64,-10.46,-9.9962,206190.96,1981558.892
002896.SZ,20250228,114.07,114.27,104.64,104.64,116.27,-11.63,-10.0026,102811.66,1094672.906
002896.SZ,20250227,103.0,116.27,102.6,116.27,105.7,10.57,10.0,263928.78,2911921.948
002896.SZ,20250226,94.8,105.7,94.0,105.7,96.09,9.61,10.001,281018.11,2885165.68
002896.SZ,20250225,84.02,96.68,84.02,96.09,87.89,8.2,9.3298,266525.82,2474892.874
002896.SZ,20250224,92.6,97.0,87.81,87.89,97.57,-9.68,-9.9211,273531.06,2502331.793
002896.SZ,20250221,89.6,97.57,86.66,97.57,88.7,8.87,10.0,248951.54,2309657.53
002896.SZ,20250220,83.06,88.7,79.01,88.7,80.64,8.06,9.995,209952.1,1764821.696
002896.SZ,20250219,72.0,80.64,72.0,80.64,73.31,7.33,9.9986,210323.3,1663614.678
002896.SZ,20250218,68.0,77.06,67.6,73.31,71.01,2.3,3.239,228884.91,1643543.486
002896.SZ,20250217,63.6,71.02,63.04,71.01,64.56,6.45,9.9907,229709.08,1557646.009
002896.SZ,20250214,62.77,66.1,62.77,64.56,64.22,0.34,0.5294,144341.56,934016.385
002896.SZ,20250213,67.0,68.63,63.23,64.22,66.5,-2.28,-3.4286,162141.66,1058573.243
002896.SZ,20250212,65.0,67.48,63.5,66.5,67.39,-0.89,-1.3207,168067.27,1100144.927
002896.SZ,20250211,62.5,68.33,62.01,67.39,63.02,4.37,6.9343,225720.86,1490132.038
002896.SZ,20250210,62.56,64.13,61.18,63.02,64.13,-1.11,-1.7309,160012.94,1000137.874
002896.SZ,20250207,62.0,65.15,61.61,64.13,64.84,-0.71,-1.095,242030.59,1534272.239
002896.SZ,20250206,57.0,65.23,56.96,64.84,59.3,5.54,9.3423,261143.94,1614199.195
002896.SZ,20250205,57.7,62.88,57.44,59.3,57.52,1.78,3.0946,286881.28,1709969.171
002896.SZ,20250127,57.65,59.6,55.6,57.52,54.21,3.31,6.1059,296740.94,1700096.476
002896.SZ,20250124,49.24,54.21,48.62,54.21,49.28,4.93,10.0041,202218.74,1027537.694
002896.SZ,20250123,45.2,49.28,44.5,49.28,44.8,4.48,10.0,290365.74,1406475.293
002896.SZ,20250122,43.63,46.56,43.01,44.8,44.07,0.73,1.6565,199017.18,891556.4
002896.SZ,20250121,43.45,44.68,43.02,44.07,43.31,0.76,1.7548,215951.57,951156.378
002896.SZ,20250120,44.0,44.43,42.4,43.31,43.64,-0.33,-0.7562,227037.28,982897.641
002896.SZ,20250117,42.65,45.55,42.65,43.64,41.41,2.23,5.3852,266638.77,1188172.894
002896.SZ,20250116,42.3,43.19,40.99,41.41,42.52,-1.11,-2.6105,175485.07,737195.471
002896.SZ,20250115,41.63,43.68,41.42,42.52,41.84,0.68,1.6252,189571.29,805144.091
002896.SZ,20250114,38.53,42.49,38.05,41.84,38.63,3.21,8.3096,219390.91,900061.679
002896.SZ,20250113,37.84,40.28,37.71,38.63,38.69,-0.06,-0.1551,170820.89,667857.612
002896.SZ,20250110,37.8,40.5,37.56,38.69,38.35,0.34,0.8866,188582.37,744386.79
002896.SZ,20250109,37.0,39.67,36.7,38.35,37.19,1.16,3.1191,169533.04,640246.172
