ts_code,ann_date,f_ann_date,end_date,report_type,comp_type,end_type,basic_eps,diluted_eps,total_revenue,revenue,int_income,prem_earned,comm_income,n_commis_income,n_oth_income,n_oth_b_income,prem_income,out_prem,une_prem_reser,reins_income,n_sec_tb_income,n_sec_uw_income,n_asset_mg_income,oth_b_income,fv_value_chg_gain,invest_income,ass_invest_income,forex_gain,total_cogs,oper_cost,int_exp,comm_exp,biz_tax_surchg,sell_exp,admin_exp,fin_exp,assets_impair_loss,prem_refund,compens_payout,reser_insur_liab,div_payt,reins_exp,oper_exp,compens_payout_refu,insur_reser_refu,reins_cost_refund,other_bus_cost,operate_profit,non_oper_income,non_oper_exp,nca_disploss,total_profit,income_tax,n_income,n_income_attr_p,minority_gain,oth_compr_income,t_compr_income,compr_inc_attr_p,compr_inc_attr_m_s,ebit,ebitda,insurance_exp,undist_profit,distable_profit,rd_exp,fin_exp_int_exp,fin_exp_int_inc,transfer_surplus_rese,transfer_housing_imprest,transfer_oth,adj_lossgain,withdra_legal_surplus,withdra_legal_pubfund,withdra_biz_devfund,withdra_rese_fund,withdra_oth_ersu,workers_welfare,distr_profit_shrhder,prfshare_payable_dvd,comshare_payable_dvd,capit_comstock_div,continued_net_profit,update_flag
002708.SZ,20260429,20260429,20260331,1,1,1,0.058,0.058,697494851.85,697494851.85,,,,,,,,,,,,,,,15774573.48,1757455.51,,,688391091.32,591234371.31,,,3665968.34,20954993.14,36353488.16,12268410.07,-3090940.44,,,,,,,,,,,29952404.72,-15875.92,89458.85,,29847069.95,560891.43,29286178.52,32056910.52,-2770732.0,-353676.69,28932501.83,31703233.83,-2770732.0,27820214.87,,,,,25888886.6,8564039.93,765020.85,,,,,,,,,,,,,,,29286178.52,1
002708.SZ,20260429,20260429,20251231,1,1,4,0.1826,0.1826,2716372918.5,2716372918.5,,,,,,,,,,,,,,,3555106.79,2397583.56,,,2650587290.36,2254622719.83,,,19583757.9,75577605.56,148955558.62,30510174.24,-17411333.45,,,,,,,,,,,87576230.12,866629.99,841862.25,,87600997.86,-471771.96,88072769.82,100978033.01,-12905263.19,-68298.63,88004471.19,100909734.38,-12905263.19,111926060.17,293359695.25,,,,105964159.47,34661585.57,3140625.46,,,,,,,,,,,,,,,88072769.82,1
002708.SZ,20251031,20251031,20250930,1,1,3,0.1143,0.1143,1889953475.01,1889953475.01,,,,,,,,,,,,,,,295000.0,2144466.36,,,1847180551.94,1571468654.74,,,13771451.99,53214298.81,102899675.76,20162719.7,-9520969.07,,,,,,,,,,,56653878.99,777975.88,552160.43,,56879694.44,2935110.89,53944583.55,63591694.48,-9647110.93,-58322.16,53886261.39,63533372.32,-9647110.93,83995155.01,,,,,80320264.79,24179094.2,2217042.21,,,,,,,,,,,,,,,53944583.55,1
002708.SZ,20250823,20250823,20250630,1,1,2,0.0951,0.0951,1260306209.12,1260306209.12,,,,,,,,,,,,,,,426900.15,1389721.4,,,1218780811.42,1038299242.63,,,8461195.64,33971078.65,65200701.81,11700482.62,-8197536.33,,,,,,,,,,,51217770.83,57678.03,153456.65,,51121992.21,4688925.67,46433066.54,52947342.42,-6514275.88,-18161.71,46414904.83,52929180.71,-6514275.88,61203996.23,151139239.87,,,,54714369.26,17749582.71,1399462.3,,,,,,,,,,,,,,,46433066.54,0
002708.SZ,20250426,20250426,20250331,1,1,1,0.0453,0.0453,605880250.56,605880250.56,,,,,,,,,,,,,,,1200304.11,-362958.39,,,586725639.24,503775697.2,,,4310974.43,21135032.78,24192580.11,6602413.43,-3272696.78,,,,,,,,,,,23642412.62,46136.51,90074.07,,23598475.06,849803.23,22748671.83,25442241.68,-2693569.85,-12990.14,22735681.69,25429251.54,-2693569.85,,,,,,27083652.34,7817939.86,680953.96,,,,,,,,,,,,,,,22748671.83,0
002708.SZ,20250426,20250426,20250331,1,1,1,0.0453,0.0453,605880250.56,605880250.56,,,,,,,,,,,,,,,1200304.11,-362958.39,,,586725639.24,503775697.2,,,4310974.43,21135032.78,24192580.11,6602413.43,-3272696.78,,,,,,,,,,,23642412.62,46136.51,90074.07,,23598475.06,849803.23,22748671.83,25442241.68,-2693569.85,-12990.14,22735681.69,25429251.54,-2693569.85,32630078.61,,,,,27083652.34,7817939.86,680953.96,,,,,,,,,,,,,,,22748671.83,1
002708.SZ,20250426,20250426,20241231,1,1,4,0.0908,0.0908,2309575739.47,2309575739.47,,,,,,,,,,,,,,,657290.96,6055692.56,,,2304732050.96,1972539501.02,,,15587541.61,54026910.7,125006841.35,23064054.77,-7464124.92,,,,,,,,,,,33693498.02,2390568.51,485432.34,,35598634.19,6765389.41,28833244.78,51011186.6,-22177941.82,167575.5,29000820.28,51178762.1,-22177941.82,51720994.43,256870802.66,,,,96975021.26,27609391.08,2778154.12,,,,,,,,,,,,,,,28833244.78,0
002708.SZ,20241031,20241031,20240930,1,1,3,0.0715,0.0715,1706307602.31,1706307602.31,,,,,,,,,,,,,,,1958177.51,3094817.02,,,1696218406.95,1458728107.43,,,11632223.09,39654403.8,85572499.44,16863552.6,-3290118.06,,,,,,,,,,,27316005.64,1848844.96,310746.81,,28854103.79,5521798.19,23332305.6,40182350.26,-16850044.66,-125619.55,23206686.05,40056730.71,-16850044.66,43090815.33,,,,,72830132.31,19686183.23,2166506.8,,,,,,,,,,,,,,,23332305.6,1
002708.SZ,20240829,20240829,20240630,1,1,2,0.0773,0.0773,1123789234.61,1123789234.61,,,,,,,,,,,,,,,1413445.81,2392269.04,,,1106249401.85,943450802.62,,,7280406.99,27788062.86,58315608.42,9972342.21,-3997326.79,,,,,,,,,,,31888953.55,600083.06,200313.93,,32288722.68,-2261566.46,34550289.14,43449502.42,-8899213.28,69359.54,34619648.68,43518861.96,-8899213.28,38428288.68,133428707.27,,,,48892625.27,11711439.7,1646521.52,,,,,,,,,,,,,,,34550289.14,1
002708.SZ,20240430,20240430,20240331,1,1,1,0.0424,0.0424,569816919.31,569816919.31,,,,,,,,,,,,,,,,1732266.1,,,555150534.54,477051255.2,,,3410496.09,12418324.19,28184473.63,4411163.81,-2762378.33,,,,,,,,,,,24196802.02,244712.21,88586.85,,24352927.38,4274654.68,20078272.7,23851731.15,-3773458.45,-5962.11,20072310.59,23845769.04,-3773458.45,29625459.22,,,,,24586991.7,11710572.33,1920895.67,,,,,,,,,,,,,,,20078272.7,1
002708.SZ,20240430,20240430,20231231,1,1,4,-0.2317,-0.2317,1823074911.24,1823074911.24,,,,,,,,,,,,,,,,-1558814.43,,,2013535573.2,1648112240.95,,,13548294.68,53905472.72,132157809.69,28511135.39,-36341649.37,,,,,,,,,,,-151922425.88,13616295.21,1849766.33,,-140155897.0,-1544094.01,-138611802.99,-116939927.58,-21671875.41,214214.37,-138397588.62,-116725713.21,-21671875.41,-145831417.49,47458047.95,,,,93956546.2,29846283.4,1197483.84,,,,,,,,,,,,,,,-138611802.99,0
300503.SZ,20260421,20260421,20260331,1,1,1,0.3,0.3,495900577.61,495900577.61,,,,,,,,,,,,,,,,-260162.94,,,395806670.68,286887509.26,,,4590439.01,27346786.14,34457028.22,10005384.37,-559024.67,,,,,,,,,,,107099450.44,267264.18,390068.07,,106976646.55,16538240.52,90438406.03,90933703.71,-495297.68,-3477707.95,86960698.08,87455995.76,-495297.68,117961866.79,,,,,31633971.69,8756658.45,47324.06,,,,,,,,,,,,,,,90438406.03,1
300503.SZ,20260421,20260421,20251231,1,1,4,0.39,0.39,1594735228.37,1594735228.37,,,,,,,,,,,,,,,,-1232503.76,,,1489439311.31,986986506.59,,,18162909.18,103794092.74,139450593.62,38795027.37,-63539703.64,,,,,,,,,,,139885073.38,11868954.04,1386814.28,,150367213.14,31252660.23,119114552.91,119252946.59,-138393.68,20064458.51,139179011.42,139317405.1,-138393.68,211798228.37,344012186.8,,,,127697667.61,37270017.79,204934.79,,,,,,,,,,,,,,,119114552.91,1
300503.SZ,20251030,20251030,20250930,1,1,3,0.4,0.4,1143200539.32,1143200539.32,,,,,,,,,,,,,,,,-602209.95,,,1042745438.57,714967678.3,,,12999172.59,75340553.52,98728756.36,29235642.62,-16078946.74,,,,,,,,,,,124327503.16,13610171.94,1549148.2,,136388526.9,14750257.72,121638269.18,121576716.93,61552.25,14434862.79,136073131.97,136011579.72,61552.25,170232528.24,,,,,86874757.67,28055678.48,171385.75,,,,,,,,,,,,,,,121638269.18,1
300503.SZ,20250729,20250729,20250630,1,1,2,0.21,0.21,703223171.69,703223171.69,,,,,,,,,,,,,,,,-501786.13,,,659304452.36,451204743.82,,,8810328.3,47726007.7,65094950.69,19753301.75,-8234051.33,,,,,,,,,,,59481682.91,12477628.49,1080006.83,,70879304.57,7807549.81,63071754.76,63382376.16,-310621.4,14958315.39,78030070.15,78340691.55,-310621.4,79819023.12,143900872.59,,,,52869340.81,18863698.66,131086.99,,,,,,,,,,,,,,,63071754.76,0
300503.SZ,20250422,20250422,20250331,1,1,1,0.05,0.05,286852896.77,286852896.77,,,,,,,,,,,,,,,,-271853.68,,,281980809.24,187431953.5,,,3754929.38,23068283.51,29652789.99,9896814.34,-412637.06,,,,,,,,,,,12844993.0,3065052.31,481300.6,,15428744.71,-109856.31,15538601.02,15583191.8,-44590.78,3680985.26,19219586.28,19264177.06,-44590.78,23420653.84,,,,,25366696.98,9375559.06,19955.75,,,,,,,,,,,,,,,15538601.02,1
300503.SZ,20250422,20250422,20241231,1,1,4,0.27,0.27,1306691990.42,1306691990.42,,,,,,,,,,,,,,,7123652.61,-745860.78,,,1264919211.7,855842679.87,,,14716285.3,92649134.86,121907610.47,45987095.65,-30751278.98,,,,,,,,,,,94085519.06,2329108.54,2193795.12,,94220832.48,11035746.49,83185085.99,82900404.06,284681.93,-8390478.31,74794607.68,74509925.75,284681.93,142558723.94,258726037.31,,,,102499905.61,46079136.23,191395.77,,,,,,,,,,,,,,,83185085.99,1
300503.SZ,20241029,20241029,20240930,1,1,3,0.26,0.26,967983827.43,967983827.43,,,,,,,,,,,,,,,891607.78,,,,916130458.17,627325339.67,,,10642009.93,68251148.17,90837496.05,29014965.39,-12945855.73,,,,,,,,,,,89533947.43,1553338.5,2085233.34,,89002052.59,7825509.52,81176543.07,80834159.52,342383.55,-1163516.57,80013026.5,79670642.95,342383.55,130646168.79,,,,,73025648.15,25618110.97,83924.74,,,,,,,,,,,,,,,81176543.07,1
300503.SZ,20240729,20240729,20240630,1,1,2,0.18,0.18,615705227.09,615705227.09,,,,,,,,,,,,,,,,,,,581366241.8,382137299.79,,,6561413.64,57355142.15,56795898.04,17723063.36,-10478494.88,,,,,,,,,,,63193593.53,755365.46,1171514.48,,62777444.51,7522074.16,55255370.35,54917914.03,337456.32,-6597157.89,48658212.46,48320756.14,337456.32,81089688.46,138992190.69,,,,46659518.66,16476689.42,63983.3,,,,,,,,,,,,,,,55255370.35,1
300503.SZ,20240429,20240429,20240331,1,1,1,0.05,0.05,258432671.85,258432671.85,,,,,,,,,,,,,,,,,,,258888723.99,169967163.46,,,2852194.75,27595124.59,27780058.03,7683733.28,-319492.92,,,,,,,,,,,13182447.59,562195.53,980951.28,,12763691.84,-1883600.77,14647292.61,14573795.12,73497.49,-6841912.92,7805379.69,5644102.54,2161277.15,21224680.29,,,,,21576144.36,7851242.26,42160.26,,,,,,,,,,,,,,,14647292.61,1
300503.SZ,20240429,20240429,20231231,1,1,4,-0.63,-0.63,1000279989.66,1000279989.66,,,,,,,,,,,,,,,14124544.61,,,,1262188470.0,675750827.18,,,12987863.98,104557220.34,127860740.81,41820861.87,-204168544.18,,,,,,,,,,,-216600449.58,7563479.04,2357036.22,,-211394006.76,-17943850.69,-193450156.07,-193969005.62,518849.55,7881581.81,-185568574.26,-186087423.81,518849.55,-30784095.43,82784171.19,,,,89510196.83,40026253.37,448441.64,,,,,,,,,,,,,,,-193450156.07,1
000551.SZ,20260429,20260429,20260331,1,1,1,0.2562,0.2562,1217936241.24,1217936241.24,,,,,,,,,,,,,,,9030.33,14898195.03,1336469.08,,1050403761.63,869066973.44,,,17832589.91,21638593.03,66301889.21,12692741.45,442526.64,,,,,,,,,,,187579709.5,54211.31,111945.12,,187521975.69,30842915.88,156679059.81,124186546.85,32492512.96,11634592.0,168313651.81,135858944.96,32454706.85,186768523.48,,,,,57040284.17,2622274.61,5305860.81,,,,,,,,,,,,,,,156679059.81,1
000551.SZ,20260408,20260408,20251231,1,1,4,0.6105,0.6096,4221051953.48,4221051953.48,,,,,,,,,,,,,,,707256.97,21273539.1,4625041.34,,3778327226.57,3102965933.13,,,35189875.07,80928672.47,301618195.68,-14671795.55,-23568143.42,,,,,,,,,,,494880441.33,528966.13,1617967.92,,493791439.54,63178982.14,430612457.4,294964961.72,135647495.68,20349099.51,450961556.91,315236431.34,135725125.57,461669799.42,576575983.91,,,,237105360.48,12451605.04,24179483.52,,,,,,,,,,,,,,,430612457.4,1
000551.SZ,20251030,20251030,20250930,1,1,3,0.4524,0.4518,3122913325.17,3122913325.17,,,,,,,,,,,,,,,328818.46,18288467.61,2633067.52,,2780446029.57,2317674881.31,,,25589196.84,56270172.5,219285961.8,-20626582.63,-1825061.71,,,,,,,,,,,380507889.81,196894.4,700661.66,,380004122.55,57487450.32,322516672.23,218505901.75,104010770.48,7549264.3,330065936.53,225964504.61,104101431.92,344119796.64,,,,,154181938.0,9501279.45,18618798.85,,,,,,,,,,,,,,,322516672.23,1
000551.SZ,20250819,20250819,20250630,1,1,2,0.401,0.4005,2079033805.56,2079033805.56,,,,,,,,,,,,,,,289165.41,16380456.86,1854851.29,,1833052785.81,1547227079.52,,,16732044.53,35055380.67,140717885.96,-21661625.24,-5157693.16,,,,,,,,,,,271374079.65,176510.08,465351.45,,271085238.28,36291200.39,234794037.89,161223169.24,73570868.65,70658053.94,305452091.83,231793907.21,73658184.62,232137966.84,288513601.11,,,,98900553.3,6341217.94,12129531.0,,,,,,,,,,,,,,,234794037.89,1
000551.SZ,20250429,20250429,20250331,1,1,1,0.198,0.1977,1179507860.35,1179507860.35,,,,,,,,,,,,,,,2.15,1100578.86,-29215.66,,1048716118.76,893657621.44,,,7966582.35,22392026.55,69612967.18,-8539138.4,-3117473.01,,,,,,,,,,,135348241.03,122111.19,70913.15,,135399439.07,20191536.89,115207902.18,79459638.66,35748263.52,-16478406.5,98729495.68,62948853.17,35780642.51,129029569.23,,,,,51081759.6,3251022.91,6003675.81,,,,,,,,,,,,,,,115207902.18,1
000551.SZ,20250429,20250429,20250331,1,1,1,0.198,0.1977,1179507860.35,1179507860.35,,,,,,,,,,,,,,,2.15,1100578.86,-29215.66,,1048716118.76,893657621.44,,,7966582.35,22392026.55,69612967.18,-8539138.4,-3117473.01,,,,,,,,,,,135348241.03,122111.19,70913.15,,135399439.07,20191536.89,115207902.18,79459638.66,35748263.52,-16478406.5,98729495.68,62948853.17,35780642.51,,,,,,51081759.6,3251022.91,6003675.81,,,,,,,,,,,,,,,115207902.18,0
000551.SZ,20250408,20250408,20241231,1,1,4,0.6249,0.6238,4192065291.1,4192065291.1,,,,,,,,,,,,,,,-226197.23,43742318.4,3401388.29,,3872379760.82,3193179204.81,,,36132060.09,81155798.75,273998011.09,-7100680.42,-62579037.23,,,,,,,,,,,418900870.12,5792306.72,2472780.64,,422220396.2,42154211.73,380066184.47,250629536.14,129436648.33,50165069.34,430231253.81,300823770.22,129407483.59,382212726.97,500185714.89,,,,215491009.72,18590674.16,22204207.02,,,,,,,,,,,,,,,380066184.47,1
000551.SZ,20241030,20241030,20240930,1,1,3,0.5278,0.5265,3356415470.26,3356415470.26,,,,,,,,,,,,,,,-76228.81,27789239.2,2299065.57,,3043868005.51,2576167479.35,,,26390071.13,58950093.73,203448496.54,-695428.58,-8529017.38,,,,,,,,,,,367086757.39,2749929.45,1222737.75,,368613949.09,42668185.18,325945763.91,211635059.64,114310704.27,-3290045.22,322655718.69,208344618.47,114311100.22,346242510.53,,,,,161046940.64,14634328.14,16220108.38,,,,,,,,,,,,,,,325945763.91,1
000551.SZ,20240820,20240820,20240630,1,1,2,0.3618,0.361,2259663160.29,2259663160.29,,,,,,,,,,,,,,,-154706.93,23985261.26,1510788.96,,2060393401.54,1752287432.44,,,16973333.78,36461285.28,130258062.08,-1072887.53,-4798372.27,,,,,,,,,,,242934071.88,2421397.29,1008376.84,,244347092.33,26228792.63,218118299.7,145055770.59,73062529.11,-28981353.54,189136946.16,116092311.95,73044634.21,217739737.49,276667192.99,,,,112941216.56,10304699.15,9949622.48,,,,,,,,,,,,,,,218118299.7,1
000551.SZ,20240430,20240430,20240331,1,1,1,0.156,0.1556,1175188185.26,1175188185.26,,,,,,,,,,,,,,,21.44,1109810.16,1213160.24,,1077491885.04,918923375.06,,,8222395.8,20380441.18,61648722.73,2035900.55,-2087833.0,,,,,,,,,,,110662893.18,19939.52,201706.15,,110481126.55,14426542.1,96054584.45,62491517.24,33563067.21,-410377.52,95644206.93,62088914.89,33555292.04,,,,,,61577132.14,5113464.93,3853624.7,,,,,,,,,,,,,,,96054584.45,0
000551.SZ,20240430,20240430,20240331,1,1,1,0.156,0.1556,1175188185.26,1175188185.26,,,,,,,,,,,,,,,21.44,1109810.16,1213160.24,,1077491885.04,918923375.06,,,8222395.8,20380441.18,61648722.73,2035900.55,-2087833.0,,,,,,,,,,,110662893.18,19939.52,201706.15,,110481126.55,14426542.1,96054584.45,62491517.24,33563067.21,-410377.52,95644206.93,62088914.89,33555292.04,113431712.24,,,,,61577132.14,5113464.93,3853624.7,,,,,,,,,,,,,,,96054584.45,1
000551.SZ,20240409,20240409,20231231,1,1,4,0.3844,0.3833,4323163307.84,4323163307.84,,,,,,,,,,,,,,,-187982.74,30151347.49,4103784.55,,4105278804.32,3392523350.94,,,35031508.44,80991098.01,298424327.86,-9285126.55,-34494565.64,,,,,,,,,,,295226296.45,2450044.78,1448636.31,,296227704.92,26024264.05,270203440.87,155295546.99,114907893.88,-94359215.43,175844225.44,60907664.58,114936560.86,272461859.31,388471293.07,,,,237359526.77,22217698.7,22396576.31,,,,,,,,,,,,,,,270203440.87,1
688017.SH,20260423,20260423,20260331,1,1,1,0.178,0.178,140134456.3,140134456.3,,,,,,,,,,,,,,,5525748.32,6977508.41,-240028.67,,124222622.58,93024040.93,,,419585.14,3357326.3,6206404.93,971761.62,-6280407.85,,,,,,,,,,,36387481.04,23.23,32257.64,,36355246.63,3366195.9,32989050.73,32634147.52,354903.21,-643036.2,32346014.53,31991111.32,354903.21,,,,,,13872934.75,3012.51,616646.52,,,,,,,,,,,,,,,32989050.73,0
688017.SH,20260423,20260423,20260331,1,1,1,0.178,0.178,140134456.3,140134456.3,,,,,,,,,,,,,,,5525748.32,6977508.41,-240028.67,,124222622.58,93024040.93,,,419585.14,3357326.3,6206404.93,971761.62,-6280407.85,,,,,,,,,,,36387481.04,23.23,32257.64,,36355246.63,3366195.9,32989050.73,32634147.52,354903.21,-643036.2,32346014.53,31991111.32,354903.21,31136393.79,,,,,13872934.75,3012.51,616646.52,,,,,,,,,,,,,,,32989050.73,1
688017.SH,20260423,20260423,20251231,1,1,4,0.6924,0.6923,570714025.26,570714025.26,,,,,,,,,,,,,,,15929278.39,36078775.49,-824859.26,,489314991.47,360091140.11,,,3161765.64,13239427.34,26415382.2,1726826.77,-29826656.8,,,,,,,,,,,145484287.79,110755.14,1291362.77,,144303680.16,18444710.01,125858970.15,124366913.57,1492056.58,188470.05,126047440.2,124555383.62,1492056.58,94866449.42,154708502.32,,,,53907488.94,3969917.27,2916319.24,,,,,,,,,,,,,,,125858970.15,0
688017.SH,20251031,20251031,20250930,1,1,3,0.5112,0.5111,406652949.93,406652949.93,,,,,,,,,,,,,,,12003609.8,24704336.39,-288497.29,,347302306.14,257826646.97,,,2356928.42,7550086.07,20460905.81,1877343.54,-14655967.93,,,,,,,,,,,106100199.52,78996.3,44706.14,,106134489.68,11200602.47,94933887.21,93667349.33,1266537.88,610513.24,95544400.45,94277862.57,1266537.88,85582608.39,,,,,39800066.27,3924829.53,2279224.32,,,,,,,,,,,,,,,94933887.21,1
688017.SH,20250816,20250816,20250630,1,1,2,0.2916,0.2915,251411920.69,251411920.69,,,,,,,,,,,,,,,9280689.95,15333191.26,-150112.93,,220647784.6,163999341.29,,,1697483.45,4933267.82,13420689.03,479831.71,-11588205.07,,,,,,,,,,,61214166.59,74183.39,15067.72,,61273282.26,6187261.83,55086020.43,53416376.35,1669644.08,824290.31,55910310.74,54240666.66,1669644.08,37080117.09,66308810.17,,,,23034440.65,3485692.68,1789301.64,,,,,,,,,,,,,,,55086020.43,1
688017.SH,20250430,20250430,20250331,1,1,1,0.1135,0.1135,98026541.57,98026541.57,,,,,,,,,,,,,,,5604523.27,5338370.29,-98749.37,,88458730.81,64636574.02,,,790495.12,2387430.77,6192214.77,306740.98,-2108153.33,,,,,,,,,,,23181997.97,11.01,508988.66,,22673020.32,1611843.53,21061176.79,20248432.23,812744.56,4179.4,21065356.19,20252611.63,812744.56,14653998.72,,,,,11784952.17,1928429.16,1415337.71,,,,,,,,,,,,,,,21061176.79,1
688017.SH,20250430,20250430,20241231,1,1,4,0.3321,0.3318,387411303.84,387411303.84,,,,,,,,,,,,,,,3880185.3,27658383.83,-110680.2,,369230560.84,241976868.35,,,3906002.39,12949452.12,21975728.08,-281673.63,-34256098.46,,,,,,,,,,,60835668.45,609.93,72209.92,,60764068.46,4955333.81,55808734.65,56168149.88,-359415.23,-60023.46,55748711.19,56108126.42,-359415.23,28959873.92,84963116.18,,,,49591168.3,12137118.86,12843575.68,,,,,,,,,,,,,,,55808734.65,1
688017.SH,20241030,20241030,20240930,1,1,3,0.3488,0.3486,275955021.41,275955021.41,,,,,,,,,,,,,,,2523993.89,20048391.08,-78880.0,,241214142.12,166870363.54,,,2854144.9,9674048.4,14428106.02,-913081.7,-10332069.94,,,,,,,,,,,66088777.68,153.96,11885.09,,66077046.55,6168512.38,59908534.17,58832909.64,1075624.53,35530.15,59944064.32,58868439.79,1075624.53,52879829.18,,,,,35844483.0,10859151.32,12559779.3,,,,,,,,,,,,,,,59908534.17,1
688017.SH,20240831,20240831,20240630,1,1,2,0.2171,0.217,172407176.66,172407176.66,,,,,,,,,,,,,,,1396713.34,10841280.81,-59364.34,,150943419.66,102776221.28,,,1954755.51,6264857.33,10100554.22,-2451677.05,-6190349.7,,,,,,,,,,,40904835.47,0.61,2426.98,,40902409.1,3524251.78,37378157.32,36618495.08,759662.24,-56071.36,37322085.96,36562423.72,759662.24,26159612.5,53138565.22,,,,24923122.88,8316128.9,10905490.47,,,,,,,,,,,,,,,37378157.32,1
688017.SH,20240430,20240430,20240331,1,1,1,0.1193,0.1192,81927118.72,81927118.72,,,,,,,,,,,,,,,834412.51,4833135.79,-29960.28,,70054167.32,47064668.46,,,722155.45,2279459.15,5021318.31,-1945331.86,-3395996.98,,,,,,,,,,,23114304.7,,,,23114304.7,2360528.83,20753775.87,20115815.39,637960.48,-56628.16,20697147.71,20059187.23,637960.48,18899468.41,,,,,12864448.47,4405165.59,6579351.71,,,,,,,,,,,,,,,20753775.87,1
688017.SH,20240430,20240430,20240331,1,1,1,0.1193,0.1192,81927118.72,81927118.72,,,,,,,,,,,,,,,834412.51,4833135.79,-29960.28,,70054167.32,47064668.46,,,722155.45,2279459.15,5021318.31,-1945331.86,-3395996.98,,,,,,,,,,,23114304.7,,,,23114304.7,2360528.83,20753775.87,20115815.39,637960.48,-56628.16,20697147.71,20059187.23,637960.48,,,,,,12864448.47,4405165.59,6579351.71,,,,,,,,,,,,,,,20753775.87,0
688017.SH,20240430,20240430,20231231,1,1,4,0.4992,0.4989,356165776.9,356165776.9,,,,,,,,,,,,,,,1182478.5,11613673.19,-1815737.5,,291049784.13,209654337.35,,,3453800.63,10894426.81,22024456.52,-23120331.45,-17883208.58,,,,,,,,,,,91583504.31,8990.01,21097.66,,91571396.66,6739185.62,84832211.04,84155317.77,676893.27,,84832211.04,84155317.77,676893.27,55667021.17,103152155.0,,,,48408881.26,10252354.5,32122034.27,,,,,,,,,,,,,,,84832211.04,1
688162.SH,20260429,20260429,20260331,1,1,1,0.15,0.15,1000269364.11,1000269364.11,,,,,,,,,,,,,,,1895570.75,11719478.66,10837588.97,,1001873019.97,835799278.0,,,2780708.03,20850290.9,48417312.94,5227964.01,-5537988.87,,,,,,,,,,,23490289.13,908648.29,1807686.86,,22591250.56,1852898.71,20738351.85,20746684.18,-8332.33,3069113.06,23807464.91,23815797.24,-8332.33,20630910.53,,,,,69762991.01,2240662.3,1636086.67,,,,,,,,,,,,,,,20738351.85,1
688162.SH,20260422,20260422,20251231,1,1,4,0.59,0.59,4335202621.92,4335202621.92,,,,,,,,,,,,,,,3171344.57,49537419.71,41879825.27,,4343956944.75,3686656277.02,,,14336811.57,76138973.97,204436986.03,9575343.14,-87877647.15,,,,,,,,,,,108885436.44,4096404.05,1883467.24,,111098373.25,30872427.09,80225946.16,80959996.36,-734050.2,-36112913.76,44113032.4,44847082.6,-734050.2,106061610.5,214603344.57,,,,259912525.0,10037275.92,18687184.9,,,,,,,,,,,,,,,80225946.16,1
688162.SH,20251029,20251029,20250930,1,1,3,0.38,,2963760469.18,2963760469.18,,,,,,,,,,,,,,,3178270.04,38868527.16,34829909.57,,2986285851.72,2492485255.41,,,11042083.32,54837761.44,148670737.3,2830055.22,-73280893.75,,,,,,,,,,,63366874.82,3148520.78,708100.44,,65807295.16,14316731.54,51490563.62,52075217.97,-584654.35,1123863.69,52614427.31,53199081.66,-584654.35,97881103.43,,,,,201325851.75,7320009.08,15795711.85,,,,,,,,,,,,,,,51490563.62,1
688162.SH,20251029,20251029,20250930,1,1,3,0.38,,2963760469.18,2963760469.18,,,,,,,,,,,,,,,3178270.04,38868527.16,34829909.57,,2986285851.72,2492485255.41,,,11042083.32,54837761.44,148670737.3,2830055.22,-73280893.75,,,,,,,,,,,63366874.82,3148520.78,708100.44,,65807295.16,14316731.54,51490563.62,52075217.97,-584654.35,1123863.69,52614427.31,53199081.66,-584654.35,,,,,,201325851.75,7320009.08,15795711.85,,,,,,,,,,,,,,,51490563.62,0
688162.SH,20250826,20250826,20250630,1,1,2,0.29,,1898705743.09,1898705743.09,,,,,,,,,,,,,,,1239923.67,23943565.25,20743342.16,,1906687352.06,1603999918.01,,,7837050.44,33412341.36,97881342.19,-2998284.86,-41084154.07,,,,,,,,,,,45600699.6,2296393.06,18717.57,,47878375.09,8679872.87,39198502.22,39792209.15,-593706.93,2007003.0,41205505.22,41799212.15,-593706.93,17103212.73,74162983.05,,,,135512296.38,5335889.08,8652941.63,,,,,,,,,,,,,,,39198502.22,1
688162.SH,20250425,20250425,20250331,1,1,1,0.19,,959587559.29,959587559.29,,,,,,,,,,,,,,,-5128.86,13117002.71,12148172.22,,954432646.79,813693396.37,,,2869660.87,16630073.51,43960284.85,-1227453.01,-5659277.94,,,,,,,,,,,33244740.27,374784.63,732468.75,,32887056.15,6736710.9,26150345.25,26484699.3,-334354.05,1415844.07,27566189.32,27900543.37,-334354.05,24564691.35,,,,,60411553.82,2649102.06,2909626.19,,,,,,,,,,,,,,,26150345.25,1
688162.SH,20250425,20250425,20241231,1,1,4,0.16,0.16,3523285791.68,3523285791.68,,,,,,,,,,,,,,,1945366.0,45418571.54,44516356.28,,3599815490.92,3011306961.36,,,14332283.03,52217783.7,180733225.71,-6627091.33,-93220469.71,,,,,,,,,,,43339134.66,4216377.7,1673281.12,,45882231.24,24353692.44,21528538.8,21318024.29,210514.51,6779357.64,28307896.44,28097381.93,210514.51,-14155410.64,85350656.24,,,,220168155.34,9779179.81,11283786.05,,,,,,,,,,,,,,,21528538.8,1
688162.SH,20241026,20241026,20240930,1,1,3,-0.15,,2335272742.25,2335272742.25,,,,,,,,,,,,,,,2167832.9,41989426.78,42135868.91,,2437069578.13,1986336128.71,,,9134553.28,43643865.39,127778290.61,-3532298.61,-98771631.67,,,,,,,,,,,-11307164.07,3616877.67,318290.66,,-8008577.06,11693358.15,-19701935.21,-20037893.37,335958.16,4297289.07,-15404646.14,-15740604.3,335958.16,39899614.83,,,,,164099116.68,8078175.72,6838531.33,,,,,,,,,,,,,,,-19701935.21,1
688162.SH,20240831,20240831,20240630,1,1,2,0.17,,1506969745.49,1506969745.49,,,,,,,,,,,,,,,1558302.66,26099944.41,27706312.8,,1528032934.39,1273894653.61,,,5910610.91,27146858.58,79852403.81,382614.03,-28173574.74,,,,,,,,,,,40013406.22,3488500.38,300793.73,,43201112.87,19766352.32,23434760.55,23478922.3,-44161.75,1442987.14,24877747.69,24921909.44,-44161.75,8901262.28,53771598.18,,,,110649261.17,5597282.18,5109174.73,,,,,,,,,,,,,,,23434760.55,1
688162.SH,20240426,20240426,20240331,1,1,1,0.19,,847687359.91,847687359.91,,,,,,,,,,,,,,,-27043.08,12150641.28,12962419.21,,857156827.31,727226401.98,,,2865380.35,16320582.88,37986265.97,-1176653.11,-1825728.79,,,,,,,,,,,19161978.59,2819900.38,65853.18,,21916025.79,-3366392.42,25282418.21,25639066.78,-356648.57,8141099.68,33423517.89,33780166.46,-356648.57,7626750.18,,,,,62490820.94,2163952.8,2103006.92,,,,,,,,,,,,,,,25282418.21,1
688162.SH,20240426,20240426,20231231,1,1,4,-1.49,-1.48,3690904893.95,3690904893.95,,,,,,,,,,,,,,,-59681.28,32137802.75,27772982.09,,4049453977.26,3246880615.1,,,19829652.68,85972886.66,159885821.9,-9143331.35,-213160928.4,,,,,,,,,,,-242215511.15,3200823.58,2920822.22,,-241935509.79,-37779058.41,-204156451.38,-204171857.48,15406.1,3942044.15,-200214407.23,-200229813.33,15406.1,-277243375.17,-205830822.33,,,,309670060.24,6284600.11,12540454.79,,,,,,,,,,,,,,,-204156451.38,1
603270.SH,20260429,20260429,20260331,1,1,1,0.19,0.19,526926504.16,526926504.16,,,,,,,,,,,,,,,-68911.89,46566.02,,,489661579.88,377603902.79,,,4377518.18,7095613.86,52180173.65,13212891.28,-10210118.34,,,,,,,,,,,43432044.33,7221.17,20783.42,,43418482.08,2450578.41,40967903.67,41840261.74,-872358.07,-4785464.66,36182439.01,37054797.08,-872358.07,66835989.91,,,,,29982292.97,9836644.12,249607.15,,,,,,,,,,,,,,,40967903.67,1
603270.SH,20260331,20260331,20251231,1,1,4,0.67,0.67,2020467181.83,2020467181.83,,,,,,,,,,,,,,,-59486.08,633748.53,,,1898448863.58,1494443425.44,,,14806395.12,35047207.36,170216157.74,10525544.93,-19474984.52,,,,,,,,,,,152156296.51,71994.31,845397.27,,151382893.55,6472133.08,144910760.47,147181326.83,-2270566.36,12135795.65,157046556.12,159317122.48,-2270566.36,156384021.25,314113675.51,,,,130581001.31,16161348.59,1713736.32,,,,,,,,,,,,,,,144910760.47,1
603270.SH,20251030,20251030,20250930,1,1,3,0.5,0.5,1371682513.8,1371682513.8,,,,,,,,,,,,,,,-74363.48,583272.55,,,1281948088.59,997207468.12,,,10368186.99,23533895.4,114808189.75,7811795.59,-16272679.11,,,,,,,,,,,114054195.63,3765.9,844847.47,,113213114.06,6980626.62,106232487.44,108542763.3,-2310275.86,5765924.17,111998411.61,114308687.47,-2310275.86,132038928.13,,,,,97446768.09,13779518.32,1532757.69,,,,,,,,,,,,,,,106232487.44,1
603270.SH,20250829,20250829,20250630,1,1,2,0.35,0.35,834697398.19,834697398.19,,,,,,,,,,,,,,,-674562.24,807678.95,,,768773672.77,593795158.98,,,6474382.27,13943315.43,68891418.31,1355820.19,-12494943.83,,,,,,,,,,,78155773.82,1761.36,608.07,,78156927.11,3776159.43,74380767.68,75932608.11,-1551840.43,5725691.59,80106459.27,81658299.7,-1551840.43,79311944.4,148699567.51,,,,65808266.84,7791710.22,1295057.36,,,,,,,,,,,,,,,74380767.68,1
603270.SH,20250429,20250429,20250331,1,1,1,0.18,0.18,381400948.77,381400948.77,,,,,,,,,,,,,,,457883.0,655577.01,,,345604215.5,265350268.76,,,2969470.0,6794061.07,33420632.46,-69769.44,-5916113.04,,,,,,,,,,,40651574.1,1600.04,13.88,,40653160.26,2616070.93,38037089.33,38674356.76,-637267.43,-740455.36,37296633.97,37933901.4,-637267.43,,,,,,29699198.05,3390155.19,670198.43,,,,,,,,,,,,,,,38037089.33,0
603270.SH,20250429,20250429,20250331,1,1,1,0.18,0.18,381400948.77,381400948.77,,,,,,,,,,,,,,,457883.0,655577.01,,,345604215.5,265350268.76,,,2969470.0,6794061.07,33420632.46,-69769.44,-5916113.04,,,,,,,,,,,40651574.1,1600.04,13.88,,40653160.26,2616070.93,38037089.33,38674356.76,-637267.43,-740455.36,37296633.97,37933901.4,-637267.43,45384457.69,,,,,29699198.05,3390155.19,670198.43,,,,,,,,,,,,,,,38037089.33,1
603270.SH,20250429,20250429,20241231,1,1,4,0.45,0.45,1355341653.41,1355341653.41,,,,,,,,,,,,,,,1492025.65,4022576.51,,,1272756615.67,967205425.32,,,11322470.62,30115358.27,125820318.54,6736003.67,-15253137.56,,,,,,,,,,,106510267.89,5230.59,36872.82,,106478625.66,9559607.67,96919017.99,99542611.31,-2623593.32,-4516199.07,92402818.92,95026412.24,-2623593.32,107739633.31,217448546.66,,,,100214171.49,6635276.92,5192158.21,,,,,,,,,,,,,,,96919017.99,1
603270.SH,20241030,20241030,20240930,1,1,3,0.38,0.38,923167318.65,923167318.65,,,,,,,,,,,,,,,215141.07,4850576.61,,,861756792.36,654544202.12,,,8465305.01,17084131.62,82416437.18,4295552.45,-10595042.0,,,,,,,,,,,81265747.89,5232.53,36544.95,,81234435.47,-884930.13,82119365.6,83456145.01,-1336779.41,-3813274.82,78306090.78,79642870.19,-1336779.41,90893729.53,,,,,75001303.72,5720062.55,4132983.41,,,,,,,,,,,,,,,82119365.6,1
603270.SH,20240831,20240831,20240630,1,1,2,0.26,0.26,593785311.75,593785311.75,,,,,,,,,,,,,,,1152096.74,1963661.72,,,551444561.84,412234566.4,,,5376727.11,11295642.0,54436209.32,2750334.85,-8317414.66,,,,,,,,,,,56498177.02,5233.98,36232.24,,56467178.76,12716.91,56454461.85,57154049.86,-699588.01,-2115010.37,54339451.48,55039039.49,-699588.01,55904542.8,107653682.39,,,,50763017.53,3597285.13,3012729.92,,,,,,,,,,,,,,,56454461.85,1
603270.SH,20240430,20240430,20240331,1,1,1,0.13,0.13,272791397.35,272791397.35,,,,,,,,,,,,,,,1405608.79,253806.65,,,250036136.87,180921716.22,,,2427339.15,4975889.22,26098685.06,2009488.93,-6734859.67,,,,,,,,,,,28570134.34,7.14,32431.19,,28537710.29,286246.77,28251463.52,28721610.43,-470146.91,-14593.11,28236870.41,28707017.32,-470146.91,,,,,,24352004.25,1979550.29,1529330.73,,,,,,,,,,,,,,,28251463.52,0
603270.SH,20240430,20240430,20240331,1,1,1,0.13,0.13,272791397.35,272791397.35,,,,,,,,,,,,,,,1405608.79,253806.65,,,250036136.87,180921716.22,,,2427339.15,4975889.22,26098685.06,2009488.93,-6734859.67,,,,,,,,,,,28570134.34,7.14,32431.19,,28537710.29,286246.77,28251463.52,28721610.43,-470146.91,-14593.11,28236870.41,28707017.32,-470146.91,35655067.5,,,,,24352004.25,1979550.29,1529330.73,,,,,,,,,,,,,,,28251463.52,1
603270.SH,20240403,20240403,20231231,1,1,4,0.74,0.74,1136424735.64,1136424735.64,,,,,,,,,,,,,,,-257943.03,-1404343.43,,,1013309156.08,759894295.68,,,10909570.15,22343198.77,111689087.66,6117802.68,-11476932.82,,,,,,,,,,,153496319.68,297290.0,143778.77,,153649830.91,16924408.44,136725422.47,132452288.1,4273134.37,-115811.7,136609610.77,132336476.4,4273134.37,161648861.99,252599678.8,,,,88345097.7,14683972.66,4301628.79,,,,,,,,,,,,,,,136725422.47,1
603270.SH,20240430,20240430,20230331,1,1,1,0.21,0.21,240011545.72,240011545.72,,,,,,,,,,,,,,,,7779.98,,,206616389.5,146211994.38,,,2969432.41,3841940.37,26502024.34,3485532.93,-8362944.37,,,,,,,,,,,39022868.09,284090.0,47604.7,,39259353.39,3916948.57,35342404.82,34666509.94,675894.88,90834.28,35433239.1,34757344.22,675894.88,,,,,,,,,,,,,,,,,,,,,,,,0
300660.SZ,20260429,20260429,20260331,1,1,1,0.147,0.147,1044192137.76,1044192137.76,,,,,,,,,,,,,,,2602531.77,4022146.09,1172836.45,,984473426.37,784574044.17,,,6798259.54,29624358.62,88394899.35,23411491.89,-5325561.59,,,,,,,,,,,79978729.82,314508.24,763451.52,,79529786.54,6926104.04,72603682.5,65713680.84,6890001.66,-303677.69,72300004.81,66026617.93,6273386.88,101998191.07,,,,,51255208.12,1204267.71,5700423.84,,,,,,,,,,,,,,,72603682.5,1
300660.SZ,20260429,20260429,20251231,1,1,4,0.6686,0.6686,4179723199.81,4179723199.81,,,,,,,,,,,,,,,17328014.56,18069687.07,6661906.27,,3874731008.64,3124547815.94,,,26720575.5,122428104.49,344886718.12,-3729505.57,-44774741.02,,,,,,,,,,,372297616.25,496359.34,2740509.83,,370053465.76,53787476.3,316265989.46,298948162.5,17317826.96,-2050714.46,314215275.0,297064929.54,17150345.46,349031372.96,531643363.51,,,,198147067.87,23195786.29,27586019.67,,,,,,,,,,,,,,,316265989.46,1
300660.SZ,20251030,20251030,20250930,1,1,3,0.5921,0.5921,3007608768.9,3007608768.9,,,,,,,,,,,,,,,14914379.56,13365934.39,5879721.73,,2728659511.39,2218773937.91,,,18926801.42,81473695.06,272563541.37,-21132882.33,-19645223.89,,,,,,,,,,,327673312.88,588358.67,2491325.92,,325770345.63,46159667.64,279610677.99,264765296.98,14845381.01,1519507.66,281130185.65,266404845.11,14725340.54,297142355.68,,,,,133050341.13,18532193.58,26465305.63,,,,,,,,,,,,,,,279610677.99,1
300660.SZ,20250829,20250829,20250630,1,1,2,0.4166,0.4166,1958339390.23,1958339390.23,,,,,,,,,,,,,,,2369408.05,8209634.73,1544921.98,,1746888881.64,1425767828.22,,,12846668.97,54598728.41,171134535.01,-20449243.44,-12117017.28,,,,,,,,,,,234392146.94,230347.4,1174401.37,,233448092.97,35587200.14,197860892.83,186265987.79,11594905.04,4580027.9,202440920.73,190950604.9,11490315.83,202459930.6,288926115.98,,,,86767824.2,13715385.02,16366367.62,,,,,,,,,,,,,,,197860892.83,1
300660.SZ,20250428,20250428,20250331,1,1,1,0.2931,0.2931,907894882.7,907894882.7,,,,,,,,,,,,,,,5933507.02,-658016.83,-492244.49,,805977536.72,661102071.6,,,6221523.65,24666320.34,86113230.33,-13123261.25,-4844496.19,,,,,,,,,,,114373242.0,182285.16,478937.54,,114076589.62,13165085.37,100911504.25,93597138.5,7314365.75,7638530.21,108550034.46,101115271.54,7434762.92,100087797.77,,,,,39677242.05,1811075.05,8131716.65,,,,,,,,,,,,,,,100911504.25,1
300660.SZ,20250423,20250423,20241231,1,1,4,0.9255,0.9255,3519257596.26,3519257596.26,,,,,,,,,,,,,,,-18789693.56,-1547667.27,-1603445.98,,3142697843.1,2529821724.17,,,21316556.29,97216006.46,320693400.03,-43039454.17,-29521032.97,,,,,,,,,,,386047919.62,732883.56,3242922.24,,383537880.94,57802509.12,325735371.82,294493288.77,31242083.05,-12674471.45,313060900.37,281659250.07,31401650.3,371404034.94,525473946.36,,,,168021695.33,15959916.29,38241989.74,,,,,,,,,,,,,,,325735371.82,1
300660.SZ,20241030,20241030,20240930,1,1,3,0.7579,0.7579,2475691745.8,2475691745.8,,,,,,,,,,,,,,,109401.92,-6061188.35,-1006995.0,,2194109605.04,1763626140.03,,,16339028.43,67412902.21,240213819.97,-30940852.13,-14310668.98,,,,,,,,,,,297710054.86,578868.7,2256137.41,,296032786.15,33330987.88,262701798.27,240880658.09,21821140.18,-4548848.4,258152949.87,236419792.87,21733157.0,284038578.42,,,,,118934874.37,1552370.48,28865620.88,,,,,,,,,,,,,,,262701798.27,1
300660.SZ,20240830,20240830,20240630,1,1,2,0.5418,0.5418,1622400335.55,1622400335.55,,,,,,,,,,,,,,,-4670485.21,-3672839.41,-3025004.39,,1424678805.15,1153414502.46,,,11339148.21,45584514.03,158593326.32,-31339805.42,-10269077.31,,,,,,,,,,,208592414.66,814796.5,653665.14,,208753546.02,27278292.48,181475253.54,171755674.86,9719578.68,-1659102.92,179816150.62,170038288.08,9777862.54,183202821.68,250886813.61,,,,75774073.09,1014082.78,20271412.44,,,,,,,,,,,,,,,181475253.54,1
300660.SZ,20240429,20240429,20240331,1,1,1,0.2304,0.2291,721648380.42,721648380.42,,,,,,,,,,,,,,,-5697845.57,-1323236.6,-1486296.14,0.0,634555035.06,506152958.5,,,5226228.28,24190579.13,76331334.45,-10700807.59,-3970797.13,,,,,,,,,,,85022664.9,340802.08,605527.94,,84757939.04,9506005.46,75251933.58,73038449.66,2213483.92,1634271.71,76886205.29,74648746.65,2237458.64,,,,,,34310086.69,35957.64,8561420.68,,,,,,,,,,,,,,,75251933.58,0
300660.SZ,20240429,20240429,20240331,1,1,1,0.2304,0.2291,721648380.42,721648380.42,,,,,,,,,,,,,,,-5697845.57,-1323236.6,-1486296.14,0.0,634555035.06,506152958.5,,,5226228.28,24190579.13,76331334.45,-10700807.59,-3970797.13,,,,,,,,,,,85022664.9,340802.08,605527.94,,84757939.04,9506005.46,75251933.58,73038449.66,2213483.92,1634271.71,76886205.29,74648746.65,2237458.64,84122580.49,,,,,34310086.69,35957.64,8561420.68,,,,,,,,,,,,,,,75251933.58,1
300660.SZ,20240423,20240423,20231231,1,1,4,1.0036,0.9988,3076707472.65,3076707472.65,,,,,,,,,,,,,,,7256180.42,2802940.84,-4631265.71,,2687323238.82,2159512461.19,,,23454930.57,85785985.68,271777479.06,-59834793.58,-41274936.94,,,,,,,,,,,434314224.62,1347927.83,10660049.29,,425002103.16,63653641.06,361348462.1,317127451.53,44221010.57,8231951.14,369580413.24,325257487.12,44322926.12,379525519.76,498354366.55,,,,146794871.89,7045380.62,49197657.94,,,,,,,,,,,,,,,361348462.1,0
300681.SZ,20260415,20260415,20260331,1,1,1,0.1857,0.1842,1087279449.12,1087279449.12,,,,,,,,,,,,,,,,-3296142.04,-3410655.41,,1032111305.27,899533689.47,,,4251241.36,8729091.7,33539178.99,11533888.34,-6611567.59,,,,,,,,,,,56230208.09,66154.71,677748.67,,55618614.13,-1115108.3,56733722.43,56743805.0,-10082.57,-17570118.71,39163603.72,39173686.29,-10082.57,,,,,,80969607.3,2290586.44,2390064.69,,,,,,,,,,,,,,,56733722.43,0
300681.SZ,20260415,20260415,20260331,1,1,1,0.1857,0.1842,1087279449.12,1087279449.12,,,,,,,,,,,,,,,,-3296142.04,-3410655.41,,1032111305.27,899533689.47,,,4251241.36,8729091.7,33539178.99,11533888.34,-6611567.59,,,,,,,,,,,56230208.09,66154.71,677748.67,,55618614.13,-1115108.3,56733722.43,56743805.0,-10082.57,-17570118.71,39163603.72,39173686.29,-10082.57,77671133.98,,,,,80969607.3,2290586.44,2390064.69,,,,,,,,,,,,,,,56733722.43,1
300681.SZ,20260415,20260415,20251231,1,1,4,0.71,0.7,3874362592.87,3874362592.87,,,,,,,,,,,,,,,,91467321.95,-17200152.52,,3822781763.08,3259016137.44,,,10082835.1,44439028.86,123258995.85,13882657.96,-59268033.93,,,,,,,,,,,170766843.84,786127.54,2494720.93,,169058250.45,-16693907.04,185752157.49,185758373.4,-6215.91,-9887567.72,175864589.77,175870805.68,-6215.91,92857026.04,207127659.53,,,,277648257.57,27266701.22,17763910.11,,,,,,,,,,,,,,,185752157.49,0
300681.SZ,20251022,20251022,20250930,1,1,3,0.57,0.52,2357729747.34,2357729747.34,,,,,,,,,,,,,,,,97104710.14,-11794424.57,,2327659410.49,1988632416.48,,,4381637.33,32657825.68,78222315.83,7885641.36,-19685461.62,,,,,,,,,,,147258481.39,422350.24,1980503.58,,145700328.05,-3192175.18,148892503.23,148896740.81,-4237.58,17429273.7,166321776.93,166326014.51,-4237.58,77177642.88,,,,,186810099.15,11948209.79,13975073.67,,,,,,,,,,,,,,,148892503.23,1
300681.SZ,20250829,20250829,20250630,1,1,2,0.14,0.14,1368851129.88,1368851129.88,,,,,,,,,,,,,,,,-6995756.3,-6995756.3,,1352076634.08,1163312031.5,,,2461314.48,21230555.55,45030917.65,4463244.5,-2124000.36,,,,,,,,,,,25769508.34,197571.06,847551.62,,25119527.78,-12009699.07,37129226.85,37132659.23,-3432.38,10438345.87,47567572.72,47571005.1,-3432.38,37234813.16,88223129.54,,,,112982227.24,8016043.91,10255696.33,,,,,,,,,,,,,,,37129226.85,1
300681.SZ,20250423,20250423,20250331,1,1,1,0.0418,0.0409,545820377.67,545820377.67,,,,,,,,,,,,,,,,-4179916.96,-4179916.96,,546502399.62,463957600.97,,,1054716.54,9961294.08,20126940.19,3027663.56,-1276601.0,,,,,,,,,,,4291461.99,49070.65,279011.5,,4061521.14,-6628726.2,10690247.34,10690247.34,,34319811.74,45010059.08,45010059.08,,12775643.51,,,,,52752553.52,4285398.78,5336109.56,,,,,,,,,,,,,,,10690247.34,1
300681.SZ,20250423,20250423,20241231,1,1,4,0.28,0.27,2429755341.86,2429755341.86,,,,,,,,,,,,,,,1012530.2,-9638131.49,-12783488.34,,2431764672.26,2068587909.81,,,7515920.87,37354796.94,88279311.99,606844.95,-31020778.98,,,,,,,,,,,50217011.32,905566.45,3320122.01,,47802455.76,-23199660.04,71002115.8,71002115.8,,14249356.41,85251472.21,85251472.21,,58535975.62,154154460.56,,,,191460457.14,19908021.18,17245534.41,,,,,,,,,,,,,,,71002115.8,1
300681.SZ,20241029,20241029,20240930,1,1,3,0.2,0.2,1607186712.77,1607186712.77,,,,,,,,,,,,,,,1012530.2,-6617979.44,-6617979.44,,1606730889.85,1344022990.71,,,3258909.49,49299210.03,63616522.7,4280565.27,-4632310.46,,,,,,,,,,,42614236.17,871035.44,3792212.72,,39693058.89,-11443328.88,51136387.77,51136387.77,,,51136387.77,51136387.77,,57147211.02,,,,,144328906.15,6526733.8,12667427.32,,,,,,,,,,,,,,,51136387.77,1
300681.SZ,20240828,20240828,20240630,1,1,2,0.14,0.14,1023434377.09,1023434377.09,,,,,,,,,,,,,,,238181.06,,,,1033375811.55,879926466.29,,,2155250.96,20836858.24,38998147.53,3520965.19,-3775343.71,,,,,,,,,,,32594046.71,863605.28,2028963.38,,31428688.61,-3286683.42,34715372.03,34715372.03,,,34715372.03,34715372.03,,36083780.72,82403941.32,,,,91784811.55,4334827.7,8560411.99,,,,,,,,,,,,,,,34715372.03,1
300681.SZ,20240828,20240828,20240630,1,1,2,0.14,0.14,1023434377.09,1023434377.09,,,,,,,,,,,,,,,238181.06,,,,1033375811.55,879926466.29,,,2155250.96,20836858.24,38998147.53,3520965.19,-3775343.71,,,,,,,,,,,32594046.71,863605.28,2028963.38,,31428688.61,-3286683.42,34715372.03,34715372.03,,,34715372.03,34715372.03,,,,,,,91784811.55,4334827.7,8560411.99,,,,,,,,,,,,,,,34715372.03,0
300681.SZ,20240425,20240425,20240331,1,1,1,0.0335,0.033,473845480.82,473845480.82,,,,,,,,,,,,,,,-369002.44,,,,485674802.26,403228790.36,,,989764.09,10067862.49,19757263.81,5847688.79,-621496.79,,,,,,,,,,,3935248.11,741669.61,1085575.68,,3591342.04,-4873165.69,8464507.73,8464507.73,,,8464507.73,8464507.73,,10961162.03,,,,,50308553.22,3056296.8,2135790.38,,,,,,,,,,,,,,,8464507.73,1
300681.SZ,20240330,20240330,20231231,1,1,4,0.33,0.32,1963149590.82,1963149590.82,,,,,,,,,,,,,,,-259051.6,,,,1947019540.74,1628257670.35,,,5529200.65,40965855.8,66238783.7,6282031.92,-30639180.85,,,,,,,,,,,77573842.27,76754.64,678719.2,,76971877.71,-5389626.37,82361504.08,82361504.08,,,82361504.08,82361504.08,,83251908.8,165072180.72,,,,145649253.57,28277951.78,22231424.46,,,,,,,,,,,,,,,82361504.08,1
688160.SH,20260428,20260428,20260331,1,1,1,0.15,0.15,189001594.3,189001594.3,,,,,,,,,,,,,,,322863.04,3054113.15,,,182525608.67,126888315.25,,,1277849.44,17372711.9,10090967.03,1137452.92,-3785636.81,,,,,,,,,,,13620440.25,10000.85,45328.91,,13585112.19,271503.33,13313608.86,13313608.86,,-182891.41,13130717.45,13130717.45,,15166553.79,,,,,22514141.19,122693.37,148926.02,,,,,,,,,,,,,,,13313608.86,1
688160.SH,20260403,20260403,20251231,1,1,4,0.83,0.83,723654764.07,723654764.07,,,,,,,,,,,,,,,-35187.99,10682510.47,,,667347663.3,461407324.69,,,4757063.3,64543760.56,36548882.85,437101.85,-11596971.95,,,,,,,,,,,79510734.95,89533.98,377636.0,,79222632.93,6739536.76,72483096.17,72480977.69,2118.48,-241200.61,72241895.56,72239777.08,2118.48,69294443.65,89046357.91,,,,83830927.43,1242730.74,1547166.71,,,,,,,,,,,,,,,72483096.17,1
688160.SH,20251030,20251030,20250930,1,1,3,0.52,0.52,508625985.21,508625985.21,,,,,,,,,,,,,,,616181.6,6041556.19,,,475987385.97,329650329.1,,,3654314.94,45711939.47,26037947.2,44583.75,-5032114.02,,,,,,,,,,,47481299.65,21853.98,225623.15,,47277530.48,2746767.07,44530763.41,44528644.93,2118.48,-123440.28,44407323.13,44405204.65,2118.48,45894188.96,,,,,62924847.55,1091407.7,1259697.6,,,,,,,,,,,,,,,44530763.41,1
688160.SH,20250829,20250829,20250630,1,1,2,0.31,0.31,310898711.73,310898711.73,,,,,,,,,,,,,,,598098.99,4013770.07,,,293424478.48,200538537.85,,,1992112.61,28494464.68,16192840.76,-122911.06,-4849738.79,,,,,,,,,,,27294065.12,15853.98,96125.45,,27213793.65,1101535.9,26112257.75,26110139.27,2118.48,-42566.06,26069691.69,26067573.21,2118.48,22553214.33,31628576.93,,,,39162810.13,769515.41,710243.29,,,,,,,,,,,,,,,26112257.75,1
688160.SH,20250425,20250425,20250331,1,1,1,0.13,0.13,131966660.68,131966660.68,,,,,,,,,,,,,,,119724.92,2208010.19,,,125727575.46,83404830.05,,,920136.88,12391867.27,7556190.76,-221473.78,-3925924.91,,,,,,,,,,,10933925.31,353.98,22640.06,,10911639.23,-213208.95,11124848.18,11122729.7,2118.48,80023.95,11204872.13,11202753.65,2118.48,12310641.33,,,,,18019795.83,227688.16,256465.43,,,,,,,,,,,,,,,11124848.18,1
688160.SH,20250425,20250425,20241231,1,1,4,0.58,0.58,547468473.18,547468473.18,,,,,,,,,,,,,,,1714204.4,8595925.88,,,517856177.68,350203079.04,,,3356643.06,54193742.66,28532757.01,-2518904.25,-9498966.98,,,,,,,,,,,50015536.86,367533.02,392380.89,,49990688.99,1090847.79,48899841.2,48891569.25,8271.95,123493.07,49023334.27,49015062.32,8271.95,37404812.43,55031914.93,,,,73075867.99,1825454.86,3538071.41,,,,,,,,,,,,,,,48899841.2,1
688160.SH,20241030,20241030,20240930,1,1,3,0.39,0.39,396279121.62,396279121.62,,,,,,,,,,,,,,,645889.57,5848018.38,,,376428946.66,251470017.27,,,2302717.81,42342976.85,20553393.95,-597338.99,-5633407.84,,,,,,,,,,,33588716.61,90212.22,340330.95,,33338597.88,972362.39,32366235.49,32375288.22,-9052.73,-96474.15,32269761.34,32278814.07,-9052.73,32354414.38,,,,,54363604.64,1540701.45,3105283.44,,,,,,,,,,,,,,,32366235.49,1
688160.SH,20240828,20240828,20240630,1,1,2,0.27,0.27,256356704.02,256356704.02,,,,,,,,,,,,,,,187116.16,3382340.78,,,240839168.27,163551627.3,,,1456446.27,26387566.42,13289343.0,-2049183.01,-4962430.18,,,,,,,,,,,24796544.48,76100.0,261159.9,,24611484.58,1606192.63,23005291.95,22988602.95,16689.0,46600.36,23051892.31,23035203.31,16689.0,19254685.19,27883647.49,,,,32927647.04,841201.39,2589477.53,,,,,,,,,,,,,,,23005291.95,1
688160.SH,20240430,20240430,20240331,1,1,1,0.13,0.13,112019341.61,112019341.61,,,,,,,,,,,,,,,,1202962.49,,,104691130.39,69875744.64,,,640326.04,11777939.38,6400982.7,-1702795.68,-3253222.93,,,,,,,,,,,11891889.62,7250.0,79008.95,,11820130.67,750097.37,11070033.3,11087644.51,-17611.21,12237.61,11082270.91,11099882.12,-17611.21,12310885.04,,,,,14839017.76,311335.37,1882756.67,,,,,,,,,,,,,,,11070033.3,1
688160.SH,20240327,20240327,20231231,1,1,4,0.72,0.72,506480267.79,506480267.79,,,,,,,,,,,,,,,,5364413.68,,,457985462.12,313123417.17,,,3900606.57,50053481.73,26875886.39,-4921573.99,-11877935.4,,,,,,,,,,,64210759.62,37521.74,73074.49,,64175206.87,3269783.3,60905423.57,60683399.68,222023.89,116580.15,61022003.72,60799979.83,222023.89,53871505.74,72229294.37,,,,57653138.94,1742098.12,6807099.22,,,,,,,,,,,,,,,60905423.57,1
603667.SH,20260430,20260430,20260331,1,1,1,0.08,0.08,721790126.21,721790126.21,,,,,,,,,,,,,,,448585.08,-146810.09,,,697684039.67,579184746.01,,,6419670.95,29410639.41,46958127.0,8218431.32,270625.44,,,,,,,,,,,34551459.17,-4116.63,131242.27,,34416100.27,2814984.6,31601115.67,30800005.98,801109.69,-17252931.11,14348184.56,14153573.55,194611.01,42000868.84,,,,,25987373.88,5721201.28,1130768.99,,,,,,,,,,,,,,,31601115.67,1
603667.SH,20260430,20260430,20260331,1,1,1,0.08,0.08,721790126.21,721790126.21,,,,,,,,,,,,,,,448585.08,-146810.09,,,697684039.67,579184746.01,,,6419670.95,29410639.41,46958127.0,8218431.32,270625.44,,,,,,,,,,,34551459.17,-4116.63,131242.27,,34416100.27,2814984.6,31601115.67,30800005.98,801109.69,-17252931.11,14348184.56,14153573.55,194611.01,,,,,,25987373.88,5721201.28,1130768.99,,,,,,,,,,,,,,,31601115.67,0
603667.SH,20260428,20260428,20251231,1,1,4,0.25,0.25,3343294331.79,3343294331.79,,,,,,,,,,,,,,,-448585.08,1128611.05,,,3260770699.73,2739807588.12,,,28539533.31,117554327.17,192539299.17,25217053.72,-38041828.08,,,,,,,,,,,113500219.25,798123.45,5124945.74,,109173396.96,8459739.73,100713657.23,91389934.68,9323722.55,23635482.21,124349139.44,115048825.38,9300314.06,136987722.94,327814722.07,,,,118943142.74,31259559.15,6573208.82,,,,,,,,,,,,,,,100713657.23,1
603667.SH,20251028,20251028,20250930,1,1,3,0.27,0.27,2660901728.39,2660901728.39,,,,,,,,,,,,,,,,1284508.15,,,2556257244.18,2200351349.56,,,21290810.35,76164778.74,156099721.64,14087329.17,-1511926.1,,,,,,,,,,,130542963.98,735184.5,5732715.95,,125545432.53,16386358.39,109159074.14,98482905.71,10676168.43,12047773.07,121206847.21,110482049.96,10724797.25,144414048.56,,,,,83502886.14,26421973.08,5054094.88,,,,,,,,,,,,,,,109159074.14,1
603667.SH,20251028,20251028,20250930,1,1,3,0.27,0.27,2660901728.39,2660901728.39,,,,,,,,,,,,,,,,1284508.15,,,2556257244.18,2200351349.56,,,21290810.35,76164778.74,156099721.64,14087329.17,-1511926.1,,,,,,,,,,,130542963.98,735184.5,5732715.95,,125545432.53,16386358.39,109159074.14,98482905.71,10676168.43,12047773.07,121206847.21,110482049.96,10724797.25,,,,,,83502886.14,26421973.08,5054094.88,,,,,,,,,,,,,,,109159074.14,0
603667.SH,20250828,20250828,20250630,1,1,2,0.21,0.21,1894337820.42,1894337820.42,,,,,,,,,,,,,,,,1339814.19,,,1814647114.08,1584869155.39,,,14194786.72,50271045.19,96555721.02,4514904.42,-1477238.74,,,,,,,,,,,98140016.53,276948.49,3795875.02,,94621090.0,11667055.01,82954034.99,75289967.64,7664067.35,14479913.1,97433948.09,89671272.72,7762675.37,,,,,,53798090.93,16814003.6,3238820.43,,,,,,,,,,,,,,,82954034.99,0
603667.SH,20250828,20250828,20250630,1,1,2,0.21,0.21,1894337820.42,1894337820.42,,,,,,,,,,,,,,,,1339814.19,,,1814647114.08,1584869155.39,,,14194786.72,50271045.19,96555721.02,4514904.42,-1477238.74,,,,,,,,,,,98140016.53,276948.49,3795875.02,,94621090.0,11667055.01,82954034.99,75289967.64,7664067.35,14479913.1,97433948.09,89671272.72,7762675.37,100938616.1,192133343.97,,,,53798090.93,16814003.6,3238820.43,,,,,,,,,,,,,,,82954034.99,1
603667.SH,20250430,20250430,20250331,1,1,1,0.1,0.1,889219530.23,889219530.23,,,,,,,,,,,,,,,,-201847.52,,,856188985.89,744808342.95,,,6723850.89,28976296.18,48018626.96,2920349.9,-15018.12,,,,,,,,,,,45065332.99,176651.84,3019832.77,,42222152.06,3427301.01,38794851.05,37847350.46,947500.59,4784227.04,43579078.09,42550745.94,1028332.15,48166363.03,,,,,22404538.53,11209037.42,1998418.16,,,,,,,,,,,,,,,38794851.05,1
603667.SH,20250429,20250429,20241231,1,1,4,0.25,0.25,3264549247.12,3264549247.12,,,,,,,,,,,,,,,,-18022.22,,,3189886791.58,2725184605.23,,,26574941.28,108751103.49,163700076.47,33036497.93,-30318983.58,,,,,,,,,,,110732066.67,2044344.42,6672321.87,,106104089.22,15119817.34,90984271.88,91370150.18,-385878.3,-12923146.75,78061125.13,78779420.14,-718295.01,143818662.52,319314451.04,,,,98700410.06,44020352.12,10863400.35,,,,,,,,,,,,,,,90984271.88,1
603667.SH,20241029,20241029,20240930,1,1,3,0.27,0.27,2472924038.44,2472924038.44,,,,,,,,,,,,,,,,-467531.29,,,2379893701.02,2047542875.44,,,17798237.33,65314844.64,139777361.95,15272494.55,-750683.27,,,,,,,,,,,116742299.35,1910874.93,2416846.0,,116236328.28,14861943.18,101374385.1,98232963.18,3141421.92,2849510.82,104223895.92,101421278.1,2802617.82,133038692.39,,,,,88990797.0,26610100.37,10036539.3,,,,,,,,,,,,,,,101374385.1,1
603667.SH,20241029,20241029,20240930,1,1,3,0.27,0.27,2472924038.44,2472924038.44,,,,,,,,,,,,,,,,-467531.29,,,2379893701.02,2047542875.44,,,17798237.33,65314844.64,139777361.95,15272494.55,-750683.27,,,,,,,,,,,116742299.35,1910874.93,2416846.0,,116236328.28,14861943.18,101374385.1,98232963.18,3141421.92,2849510.82,104223895.92,101421278.1,2802617.82,,,,,,88990797.0,26610100.37,10036539.3,,,,,,,,,,,,,,,101374385.1,0
603667.SH,20240828,20240828,20240630,1,1,2,0.2,0.2,1752015592.55,1752015592.55,,,,,,,,,,,,,,,,726717.25,,,1675630614.11,1461654477.18,,,11308758.51,43089204.77,91875830.15,7374988.4,2066908.81,,,,,,,,,,,88069479.8,1758400.88,2104364.81,,87723515.87,9107469.96,78616045.91,75055360.18,3560685.73,1268537.05,79884582.96,76353483.19,3531099.77,94615824.18,181141963.9,,,,55480665.94,15056069.24,6706848.92,,,,,,,,,,,,,,,78616045.91,1
603667.SH,20240427,20240427,20240331,1,1,1,0.1,0.1,772830560.09,772830560.09,,,,,,,,,,,,,,,,-812172.22,,,737960123.46,646902163.3,,,3771999.61,15364036.18,39467195.33,3639177.34,-281903.98,,,,,,,,,,,39449327.04,1232940.28,127811.45,,40554455.87,2504633.46,38049822.41,37827452.17,222370.24,851505.95,38901328.36,38677513.61,223814.75,44378023.14,,,,,26560565.97,7453463.33,3034115.56,,,,,,,,,,,,,,,38049822.41,1
603667.SH,20240427,20240427,20231231,1,1,4,0.4,0.4,3106080205.94,3106080205.94,,,,,,,,,,,,,,,-98208.75,852457.95,,,2976045801.19,2561273645.64,,,24347814.44,83878487.76,148149760.93,14867230.52,-38729156.55,,,,,,,,,,,162751921.67,1924846.03,1656748.56,,163020019.14,19177733.39,143842285.75,138178338.3,5663947.45,-3854584.82,139987700.93,134324864.14,5662836.79,181901884.91,345406192.78,,,,101332603.33,39334720.0,9401025.97,,,,,,,,,,,,,,,143842285.75,1
301596.SZ,20260423,20260423,20260331,1,1,1,0.2627,0.2627,158792506.04,158792506.04,,,,,,,,,,,,,,,-422919.45,2062888.82,,,138961512.06,118380222.55,,,1318221.82,3617527.71,7345082.12,1706087.77,-179728.49,,,,,,,,,,,23651994.82,10734.59,21283.58,,23641445.83,2481866.38,21159579.45,20274115.39,885464.06,-279191.7,20880387.75,20050762.03,829625.72,,,,,,7092192.63,609843.64,-315574.94,,,,,,,,,,,,,,,21159579.45,0
301596.SZ,20260423,20260423,20260331,1,1,1,0.2627,0.2627,158792506.04,158792506.04,,,,,,,,,,,,,,,-422919.45,2062888.82,,,138961512.06,118380222.55,,,1318221.82,3617527.71,7345082.12,1706087.77,-179728.49,,,,,,,,,,,23651994.82,10734.59,21283.58,,23641445.83,2481866.38,21159579.45,20274115.39,885464.06,-279191.7,20880387.75,20050762.03,829625.72,23897841.71,,,,,7092192.63,609843.64,-315574.94,,,,,,,,,,,,,,,21159579.45,1
301596.SZ,20260423,20260423,20251231,1,1,4,1.5865,1.5865,646077242.91,646077242.91,,,,,,,,,,,,,,,-204090.29,6128806.33,,,545038591.53,448234251.17,,,5981719.53,18281375.87,33705546.13,-1073262.78,-7314166.19,,,,,,,,,,,112663535.19,11386866.81,1189443.8,,122860958.2,13821079.12,109039879.08,104935093.93,4104785.15,1094718.22,110134597.3,105810868.51,4323728.79,108798073.14,138785957.1,,,,32216036.81,1887163.93,1767675.27,,,,,,,,,,,,,,,109039879.08,1
301596.SZ,20251027,20251027,20250930,1,1,3,1.2694,1.2694,480593074.39,480593074.39,,,,,,,,,,,,,,,65108.85,4169375.87,,,395192674.93,332436474.73,,,4567203.46,12565758.08,23488442.7,-1794513.53,-221606.43,,,,,,,,,,,92697180.31,143638.61,68809.76,,92772009.16,10455978.09,82316031.07,79295457.15,3020573.92,841677.28,83157708.35,79968798.98,3188909.37,86920786.62,,,,,22555391.17,2183565.93,-2311659.2,,,,,,,,,,,,,,,82316031.07,1
301596.SZ,20250827,20250827,20250630,1,1,2,0.9255,0.9255,317155365.43,317155365.43,,,,,,,,,,,,,,,-245236.27,3136526.57,,,262589291.56,221903536.84,,,2993761.69,8232059.66,15301893.72,-2162480.85,-161005.7,,,,,,,,,,,59350397.84,35847.21,27538.2,,59358706.85,6833391.42,52525315.43,51009064.09,1516251.34,900701.36,53426016.79,51729625.18,1696391.61,54111086.19,68654900.31,,,,14877602.56,1106537.6,1298962.92,,,,,,,,,,,,,,,52525315.43,1
301596.SZ,20250419,20250419,20250331,1,1,1,0.427,0.427,138739203.58,138739203.58,,,,,,,,,,,,,,,63146.28,1530494.16,,,114142765.7,97497043.8,,,1343661.97,3859868.41,6992924.31,-773501.61,311139.98,,,,,,,,,,,27087282.84,22321.65,36944.05,,27072660.44,3096881.61,23975778.83,23536359.97,439418.86,122982.66,24098761.49,23634746.1,464015.39,24374889.84,,,,,6727502.56,842825.5,-685929.0,,,,,,,,,,,,,,,23975778.83,1
301596.SZ,20250419,20250419,20241231,1,1,4,2.0919,2.0919,615851056.78,615851056.78,,,,,,,,,,,,,,,628426.39,2062120.72,,,510454251.45,420373567.59,,,4860228.57,15871856.32,34575130.18,409130.21,-3302379.89,,,,,,,,,,,115562601.95,1446566.51,431278.57,,116577889.89,13795754.18,102782135.71,100889727.91,1892407.8,-540106.79,102242028.92,100457642.48,1784386.44,113158663.03,139967950.11,,,,28207116.33,2298997.78,1731596.45,,,,,,,,,,,,,,,102782135.71,1
301596.SZ,20241025,20241025,20240930,1,1,3,1.5466,1.5466,442673990.26,442673990.26,,,,,,,,,,,,,,,473815.28,1013065.75,,,363570762.25,298194841.15,,,3672000.9,11804475.05,25203952.47,129784.57,-1285005.91,,,,,,,,,,,84596755.9,256634.57,168936.47,,84684454.0,9924681.5,74759772.5,73406437.51,1353334.99,84543.67,74844316.17,73474072.45,1370243.72,84470314.82,,,,,21049792.77,2636709.17,-1933945.41,,,,,,,,,,,,,,,74759772.5,1
301596.SZ,20240827,20240827,20240630,1,1,2,1.1566,1.1566,295469442.46,295469442.46,,,,,,,,,,,,,,,28233.33,214861.8,,,240151585.95,197216946.23,,,2457211.05,7615227.73,16174112.53,80597.62,-940408.29,,,,,,,,,,,57871911.91,153419.34,78301.79,,57947029.46,6766261.63,51180767.83,50469999.5,710768.33,-67827.56,51112940.27,50415737.46,697202.81,57921605.85,71438421.6,,,,13939397.07,944470.39,755575.12,,,,,,,,,,,,,,,51180767.83,1
301596.SZ,20240510,20240510,20240331,1,1,1,0.5973,0.5973,130716684.47,130716684.47,,,,,,,,,,,,,,,496000.0,,,,104404631.36,86305659.61,,,1372476.52,3288471.3,6533841.66,92375.27,-695252.01,,,,,,,,,,,28055035.01,235066.06,49364.58,,28240736.49,3350878.27,24889858.22,24691359.64,198498.58,-54102.15,24835756.07,24648077.92,187678.15,28346662.29,,,,,6665348.27,819648.55,801641.34,,,,,,,,,,,,,,,24889858.22,1
301596.SZ,20240425,20240425,20231231,1,1,4,2.3364,2.3364,585183837.68,585183837.68,,,,,,,,,,,,,,,,,,,479502576.49,392751718.96,,,5773468.71,15323719.49,30972328.76,813057.2,-1253694.81,,,,,,,,,,,114941586.94,72569.87,1439431.79,,113574725.02,12723848.41,100850876.61,96584058.32,4266818.29,229216.08,101080092.69,96767431.18,4312661.51,115252768.97,143294690.12,,,,32981141.83,2812444.29,1275206.0,,,,,,,,,,,,,,,100850876.61,1
301596.SZ,20240331,20240331,20231231,1,1,4,2.3364,2.3364,585183837.68,585183837.68,,,,,,,,,,,,,,,,,,,479502576.49,392751718.96,,,5773468.71,15323719.49,30972328.76,813057.2,-1253694.81,,,,,,,,,,,114941586.94,72569.87,1439431.79,,113574725.02,12723848.41,100850876.61,96584058.32,4266818.29,229216.08,101080092.69,96767431.18,4312661.51,,,,,,32981141.83,2812444.29,-1275206.0,,,,,,,,,,,,,,,100850876.61,1
301596.SZ,20240122,20240122,20230630,1,1,2,1.2268,1.2268,294949702.93,294949702.93,,,,,,,,,,,,,,,,,,,238473124.91,197193930.89,,,3027799.39,7368176.55,16065677.2,-209868.72,597155.87,,,,,,,,,,,60726945.47,14007.68,214428.53,,60526524.62,7196725.41,53329799.21,50715003.86,2614795.35,237156.62,53566955.83,50904729.16,2662226.67,59940709.93,73691486.1,,,,15042040.6,1367695.47,-560216.49,,,,,,,,,,,,,,,53329799.21,1
301596.SZ,20240425,20240425,20221231,1,1,4,1.8115,1.8115,587060518.34,587060518.34,,,,,,,,,,,,,,,,,,,500980348.46,420468472.83,,,5257585.82,11096478.37,31824344.93,2101334.03,-1174313.38,,,,,,,,,,,90001651.19,591970.07,923355.71,,89670265.55,8168983.44,81501282.11,74884327.18,6616954.93,153007.4,81654289.51,75006733.1,6647556.41,92659926.74,115393599.08,,,,27854050.44,3853496.42,823053.21,,,,,,,,,,,,,,,81501282.11,1
000795.SZ,20260424,20260424,20260331,1,1,1,0.0632,0.0632,981375208.35,981375208.35,,,,,,,,,,,,,,,-21500.0,427044.02,131694.51,,926323589.93,783001850.49,,,5616941.38,21360403.82,43302065.0,7841082.26,-19827303.54,,,,,,,,,,,75843216.71,1882160.46,79489.98,,77645887.19,7245353.87,70400533.32,69337206.02,1063327.3,-103124.95,70297408.37,69249549.8,1047858.57,102867239.69,,,,,44183031.61,1737844.28,1465300.03,,,,,,,,,,,,,,,70400533.32,1
000795.SZ,20260321,20260321,20251231,1,1,4,0.2278,0.2278,3884305508.11,3884305508.11,,,,,,,,,,,,,,,,4824312.62,-139815.21,,3699974387.32,3102318291.73,,,26673902.23,89133787.61,222601457.54,-12390838.92,-97667178.49,,,,,,,,,,,283106156.14,1755362.74,2777955.55,,282083563.33,28511374.41,253572188.92,249961784.72,3610404.2,-881067.22,252691121.7,249212877.59,3478244.11,268684344.78,407896412.4,,,,170155499.66,5160744.55,11270352.29,,,,,,,,,,,,,,,253572188.92,1
000795.SZ,20260321,20260321,20251231,1,1,4,0.2278,0.2278,3884305508.11,3884305508.11,,,,,,,,,,,,,,,,4824312.62,-139815.21,,3699974387.32,3102318291.73,,,26673902.23,89133787.61,222601457.54,-12390838.92,-97667178.49,,,,,,,,,,,283106156.14,1755362.74,2777955.55,,282083563.33,28511374.41,253572188.92,249961784.72,3610404.2,-881067.22,252691121.7,249212877.59,3478244.11,,,,,,170155499.66,5160744.55,11270352.29,,,,,,,,,,,,,,,253572188.92,0
000795.SZ,20251022,20251022,20250930,1,1,3,0.183,0.183,2726900701.26,2726900701.26,,,,,,,,,,,,,,,,4022758.02,-84063.62,,2557366087.65,2189020463.21,,,19223713.47,63780213.58,147663849.52,-15036197.29,-27320205.25,,,,,,,,,,,229741242.49,627654.3,906212.06,,229462684.73,24883682.05,204579002.68,200770849.01,3808153.67,-849494.29,203729508.39,200048778.86,3680729.53,237773144.66,,,,,126854957.35,4416241.66,8718915.53,,,,,,,,,,,,,,,204579002.68,1
000795.SZ,20250820,20250820,20250630,1,1,2,0.1312,0.1312,1733749081.0,1733749081.0,,,,,,,,,,,,,,,,2777046.59,-214044.08,,1614072772.37,1371688172.18,,,11531357.84,39587987.52,98797581.08,-12825933.25,-24404227.53,,,,,,,,,,,164892493.02,435861.35,877415.15,,164450939.22,17646473.78,146804465.44,143951417.53,2853047.91,-420672.96,146383792.48,143593845.51,2789946.97,149120705.4,224653366.15,,,,82921848.45,2981606.61,3857299.66,,,,,,,,,,,,,,,146804465.44,1
000795.SZ,20250419,20250419,20250331,1,1,1,0.0627,0.0627,839743237.47,839743237.47,,,,,,,,,,,,,,,,1676177.11,6094.7,,781102706.88,671579266.51,,,5966393.26,18926140.51,50905933.88,-4818780.33,1046440.73,,,,,,,,,,,79087593.6,74019.88,381894.81,,78779718.67,8249088.58,70530630.09,68823080.99,1707549.1,-200142.02,70330488.07,68652960.28,1677527.79,71537233.76,,,,,40524879.51,1379672.13,1236867.03,,,,,,,,,,,,,,,70530630.09,1
000795.SZ,20250308,20250308,20241231,1,1,4,0.2238,0.2238,4008781623.25,4008781623.25,,,,,,,,,,,,,,,,8867512.91,20178.45,,3805471324.31,3178535480.36,,,20039934.48,102893414.77,227903418.82,-35486529.59,-115740553.53,,,,,,,,,,,273475815.87,1151424.23,4232534.66,,270394705.44,22850682.61,247544022.83,247648210.36,-104187.53,-677819.15,246866203.68,247072064.08,-205860.4,234108250.31,365477941.89,,,,194880481.61,15938511.83,29338265.56,,,,,,,,,,,,,,,247544022.83,1
000795.SZ,20241028,20241028,20240930,1,1,3,0.1863,0.1863,2867396793.93,2867396793.93,,,,,,,,,,,,,,,,6637257.41,20175.41,,2662767128.56,2300256194.06,,,14443329.03,60636615.02,142187745.35,-13864290.41,-20409724.31,,,,,,,,,,,246573444.26,938160.42,571002.37,,246940602.31,41389826.65,205550775.66,206489464.75,-938689.09,-400011.98,205150763.68,206149454.57,-998690.89,244222521.87,,,,,136037601.8,9868428.53,13646589.28,,,,,,,,,,,,,,,205550775.66,1
000795.SZ,20240817,20240817,20240630,1,1,2,0.1308,0.1308,1938260095.88,1938260095.88,,,,,,,,,,,,,,,,4287044.39,10501.34,,1796140904.49,1571621569.4,,,9327375.45,38040190.81,95300795.9,-14334474.3,-1160412.32,,,,,,,,,,,175668361.68,413268.05,524900.83,,175556728.9,32639184.44,142917544.46,145636306.63,-2718762.17,-557828.91,142359715.55,145162152.06,-2802436.51,157505694.38,214010104.82,,,,92073528.25,7206629.17,7221017.56,,,,,,,,,,,,,,,142917544.46,1
000795.SZ,20240420,20240420,20240331,1,1,1,0.0607,0.0607,857023570.64,857023570.64,,,,,,,,,,,,,,,,204818.84,,,791041576.93,681974568.0,,,4596413.78,18375804.68,48157633.3,-2686376.48,1389914.72,,,,,,,,,,,77487710.23,135399.23,143274.12,,77479835.34,11487593.35,65992241.99,67769398.77,-1777156.78,-632846.29,65359395.7,67231479.42,-1872083.72,73201866.99,,,,,42036236.0,3979190.41,558131.51,,,,,,,,,,,,,,,65992241.99,1
000795.SZ,20240315,20240315,20231231,1,1,4,0.0776,0.0776,3848857904.23,3848857904.23,,,,,,,,,,,,,,,-2681767.53,-99179163.73,59439.72,,3726665687.2,3149621536.69,,,15302881.59,98396248.83,178164355.04,-12470910.6,-119095908.78,,,,,,,,,,,108505926.79,4061959.98,4731118.0,,107836768.77,15625676.14,92211092.63,86712195.7,5498896.93,137672.83,92348765.46,86829217.61,5519547.85,191416902.31,298926821.68,,,,183464424.77,32270644.24,38370304.0,,,,,,,,,,,,,,,92211092.63,0
301368.SZ,20260428,20260428,20260331,1,1,1,0.002,0.002,127261818.54,127261818.54,,,,,,,,,,,,,,,,220000.0,,,128561580.24,112922833.86,,,901367.43,1260931.34,5740962.54,3142417.52,-1486195.94,,,,,,,,,,,1342737.82,61454.98,11389.48,,1392803.32,1130496.09,262307.23,262307.23,,-478215.86,-215908.63,-215908.63,,5751351.28,,,,,3410829.39,1289397.86,680038.1,,,,,,,,,,,,,,,262307.23,1
301368.SZ,20260422,20260422,20251231,1,1,4,-0.22,-0.22,501982053.14,501982053.14,,,,,,,,,,,,,,,,1256971.57,,,542213980.98,455682446.77,,,3540180.22,8436969.78,31557463.64,3978069.6,-17163580.14,,,,,,,,,,,-33726605.06,520473.23,30195.5,,-33236327.33,-7074884.49,-26161442.84,-26161442.84,,333229.7,-25828213.14,-25828213.14,,-30984921.76,30684911.94,,,,20797207.2,4285648.71,3005239.65,,,,,,,,,,,,,,,-26161442.84,1
301368.SZ,20251030,20251030,20250930,1,1,3,0.01,0.01,371757207.86,371757207.86,,,,,,,,,,,,,,,,950264.53,,,377115736.57,328225764.64,,,2473986.74,5361086.1,21891378.06,1654134.94,-5324114.9,,,,,,,,,,,-1459821.14,515965.28,28813.45,,-972669.31,-2010471.74,1037802.43,1037802.43,,541044.28,1578846.71,1578846.71,,4576092.96,,,,,11240091.06,2763289.51,2128980.3,,,,,,,,,,,,,,,1037802.43,1
301368.SZ,20250805,20250805,20250630,1,1,2,0.03,0.03,242022566.56,242022566.56,,,,,,,,,,,,,,,,557246.52,,,240940627.0,208514501.37,,,1650473.44,3674348.24,14067523.62,544202.02,-4687171.53,,,,,,,,,,,3086056.35,46734.95,25498.87,,3107292.43,-117141.21,3224433.64,3224433.64,,729391.2,3953824.84,3953824.84,,3080973.65,31313490.05,,,,7581294.34,1761333.24,1350848.14,,,,,,,,,,,,,,,3224433.64,0
301368.SZ,20250424,20250424,20250331,1,1,1,0.02,0.02,116571485.72,116571485.72,,,,,,,,,,,,,,,12433.66,252675.18,,,114632267.98,101978831.74,,,818171.07,1279968.13,6796175.4,82290.41,-172749.98,,,,,,,,,,,2879449.4,21.23,64.77,,2879405.86,-59250.54,2938656.4,2938656.4,,247001.69,3185658.09,3185658.09,,,,,,,3808114.53,633875.06,289796.13,,,,,,,,,,,,,,,2938656.4,0
301368.SZ,20250424,20250424,20250331,1,1,1,0.02,0.02,116571485.72,116571485.72,,,,,,,,,,,,,,,12433.66,252675.18,,,114632267.98,101978831.74,,,818171.07,1279968.13,6796175.4,82290.41,-172749.98,,,,,,,,,,,2879449.4,21.23,64.77,,2879405.86,-59250.54,2938656.4,2938656.4,,247001.69,3185658.09,3185658.09,,2864381.85,,,,,3808114.53,633875.06,289796.13,,,,,,,,,,,,,,,2938656.4,1
301368.SZ,20250424,20250424,20241231,1,1,4,0.14,0.14,504688742.11,504688742.11,,,,,,,,,,,,,,,,1498499.53,,,493911293.86,429470170.09,,,3562828.56,8116467.73,28935764.64,-4606574.9,-6868466.16,,,,,,,,,,,17173672.81,348760.7,716911.48,,16805522.03,10177.51,16795344.52,16795344.52,,-211747.44,16583597.08,16583597.08,,11130743.96,53907463.22,,,,20645723.55,400122.16,3765780.19,,,,,,,,,,,,,,,16795344.52,1
301368.SZ,20241029,20241029,20240930,1,1,3,0.13,0.13,371101432.75,371101432.75,,,,,,,,,,,,,,,1240.96,1098985.56,,,357912759.21,315815453.88,,,2641702.73,5188259.07,21263974.97,-3474839.35,-3585579.28,,,,,,,,,,,17291200.42,197645.07,686614.76,,16802230.73,978831.03,15823399.7,15823399.7,,-196108.36,15627291.34,15627291.34,,16363859.41,,,,,12133425.82,236846.96,3254075.51,,,,,,,,,,,,,,,15823399.7,1
301368.SZ,20240828,20240828,20240630,1,1,2,0.09,0.09,241406991.92,241406991.92,,,,,,,,,,,,,,,,844035.77,,,233784215.31,203877608.77,,,1822832.34,3532447.57,13864226.6,-3656773.57,-3647919.44,,,,,,,,,,,11063518.78,195993.67,559214.21,,10700298.24,367566.62,10332731.62,10332731.62,,-196170.85,10136560.77,10136560.77,,6624855.02,27412331.39,,,,8433777.68,19677.78,2780470.39,,,,,,,,,,,,,,,10332731.62,1
301368.SZ,20240423,20240423,20240331,1,1,1,0.04,0.04,98625884.61,98625884.61,,,,,,,,,,,,,,,183006.07,258603.43,,,96360319.4,86498057.51,,,856191.33,1446849.93,6280033.74,-2007351.14,-157840.55,,,,,,,,,,,4660680.86,194581.47,13647.84,,4841614.49,251413.23,4590201.26,4590201.26,,-181441.95,4408759.31,4408759.31,,2318180.47,,,,,3603558.84,,1597567.9,,,,,,,,,,,,,,,4590201.26,1
301368.SZ,20240423,20240423,20231231,1,1,4,0.2,0.2,429320938.05,429320938.05,,,,,,,,,,,,,,,41347.32,1067855.14,,,408848860.91,355926421.36,,,2827583.36,6911682.71,29668730.23,-10598262.6,-3891003.75,,,,,,,,,,,24480835.45,2064462.33,492182.66,,26053115.12,1962377.3,24090737.82,24090737.82,,-46099.62,24044638.2,24044638.2,,12454761.79,49738369.43,,,,17334348.18,252720.32,10021285.4,,,,,,,,,,,,,,,24090737.82,1
002472.SZ,20260424,20260424,20260331,1,1,1,0.33,0.33,2095472955.93,2095472955.93,,,,,,,,,,,,,,,-165650.66,-2945843.82,273591.9,,1784400448.64,1518211120.15,,,12165450.65,21863508.14,106593680.98,18690714.75,-305070.42,,,,,,,,,,,343992756.9,79716.69,250325.58,,343822148.01,43693311.38,300128836.63,284090469.65,16038366.98,-26733277.53,273395559.1,257548767.12,15846791.98,366534779.81,,,,,112649589.42,19901494.73,9444579.57,,,,,,,,,,,,,,,300128836.63,1
002472.SZ,20260424,20260424,20251231,1,1,4,1.5,1.5,9112171720.39,9112171720.39,,,,,,,,,,,,,,,-3896818.21,-9208893.09,-2339099.15,,7731206736.03,6621248113.45,,,54973439.77,99497775.53,384864203.78,46985907.04,-19790437.99,,,,,,,,,,,1505726018.81,7018211.01,7901827.11,,1504842402.71,179567845.44,1325274557.27,1261517918.31,63756638.96,11695876.28,1336970433.55,1274146955.94,62823477.61,1573361524.23,2491721226.87,,,,490511600.35,82002703.18,29840401.21,,,,,,,,,,,,,,,1325274557.27,1
002472.SZ,20251029,20251029,20250930,1,1,3,1.06,1.06,6466372998.15,6466372998.15,,,,,,,,,,,,,,,250496.12,-5652877.35,-662711.33,,5482711626.32,4721498864.0,,,39934276.21,72229871.44,263587100.51,34392029.59,-3856736.06,,,,,,,,,,,1078498796.16,8679423.2,4075432.49,,1083102786.87,130682228.99,952420557.88,898391615.86,54028942.02,19323352.02,971743909.9,918560244.98,53183664.92,1128142206.68,,,,,355063220.48,55841936.0,14694414.85,,,,,,,,,,,,,,,952420557.88,1
002472.SZ,20250827,20250827,20250630,1,1,2,0.68,0.68,4229098947.05,4229098947.05,,,,,,,,,,,,,,,98986.37,-4984563.84,-236583.32,,3568571050.17,3084760672.72,,,23853910.68,46106950.93,161592731.99,11582336.58,-3047247.67,,,,,,,,,,,705895670.12,1198741.15,2388741.12,,704705670.15,89801189.67,614904480.48,577148322.58,37756157.9,23113364.12,638017844.6,600792965.84,37224878.76,725648595.69,1162384774.07,,,,239465566.99,30262153.21,7177328.77,,,,,,,,,,,,,,,614904480.48,1
002472.SZ,20250429,20250429,20250331,1,1,1,0.33,0.33,2064750169.58,2064750169.58,,,,,,,,,,,,,,,,-2294454.48,-18682.18,,1744334372.58,1510971379.06,,,11570997.59,20693437.06,77738286.7,9001578.92,-917368.2,,,,,,,,,,,336456980.25,246133.77,1445533.78,,335257580.24,45516708.33,289740871.91,276006673.5,13734198.41,-164405.23,289576466.68,276539841.5,13036625.18,352011249.4,,,,,112360622.81,12196169.3,3872855.31,,,,,,,,,,,,,,,289740871.91,1
002472.SZ,20250425,20250425,20241231,1,1,4,1.22,1.22,8781398116.48,8781398116.48,,,,,,,,,,,,,,,,-11809189.05,-2015390.79,,7656910735.02,6585492252.96,,,55742557.52,85631929.72,349971027.23,37985369.31,-54552019.78,,,,,,,,,,,1207150864.15,1159919.85,5101102.07,,1203209681.93,146608077.3,1056601604.63,1023911091.96,32690512.67,5196.51,1056606801.14,1023991191.35,32615609.79,1296106592.96,2065826648.22,,,,456042894.84,64107390.2,27080243.33,,,,,,,,,,,,,,,1056601604.63,1
002472.SZ,20241030,20241030,20240930,1,1,3,0.86,0.86,6742599834.31,6742599834.31,,,,,,,,,,,,,,,,-8743925.13,-498305.43,,5908943076.0,5179559270.07,,,40198619.7,64184482.08,236604391.18,37356663.67,-8994101.93,,,,,,,,,,,891826947.14,1043417.04,4420223.65,,888450140.53,121768600.91,766681539.62,738021220.31,28660319.31,-772160.41,765909379.21,737450154.55,28459224.66,947899127.67,,,,,323720017.14,47632776.39,20500260.51,,,,,,,,,,,,,,,766681539.62,1
002472.SZ,20240829,20240829,20240630,1,1,2,0.55,0.55,4322250826.39,4322250826.39,,,,,,,,,,,,,,,,-6798956.99,-517177.73,,3792531177.18,3339147071.23,,,24057279.04,41019959.68,151457313.71,16729350.26,-9023278.46,,,,,,,,,,,571710518.72,653230.1,912248.47,,571451500.35,80878318.67,490573181.68,473003371.83,17569809.85,-1314697.4,489258484.28,472133516.29,17124967.99,596236654.45,957890155.83,,,,205512834.35,31841540.86,13751299.39,,,,,,,,,,,,,,,490573181.68,1
002472.SZ,20240430,20240430,20240331,1,1,1,0.26,0.26,2074504556.05,2074504556.05,,,,,,,,,,,,,,,,-3209464.57,-520339.54,,1826062155.79,1604584762.43,,,12863457.63,19423527.33,75993660.43,9711468.93,310202.27,,,,,,,,,,,270839952.09,624768.24,581803.51,,270882916.82,40517887.15,230365029.67,221329482.0,9035547.67,-537598.89,229827430.78,220877986.97,8949443.81,,,,,,100307374.56,15636149.62,6553346.71,,,,,,,,,,,,,,,230365029.67,0
002472.SZ,20240430,20240430,20240331,1,1,1,0.26,0.26,2074504556.05,2074504556.05,,,,,,,,,,,,,,,,-3209464.57,-520339.54,,1826062155.79,1604584762.43,,,12863457.63,19423527.33,75993660.43,9711468.93,310202.27,,,,,,,,,,,270839952.09,624768.24,581803.51,,270882916.82,40517887.15,230365029.67,221329482.0,9035547.67,-537598.89,229827430.78,220877986.97,8949443.81,283241898.72,,,,,100307374.56,15636149.62,6553346.71,,,,,,,,,,,,,,,230365029.67,1
002472.SZ,20240412,20240412,20231231,1,1,4,0.97,0.97,8074191513.87,8074191513.87,,,,,,,,,,,,,,,,-8502529.13,529772.3,,7196406345.05,6278230132.33,,,47006546.87,81303219.36,329461312.55,34922251.71,-32710503.83,,,,,,,,,,,944243435.89,1499964.45,13306206.89,,932437193.45,98490803.97,833946389.48,816407328.54,17539060.94,-356141.96,833590247.52,816037636.75,17552610.77,1002561095.02,1683238135.37,,,,383745189.74,75035408.59,30576354.36,,,,,,,,,,,,,,,833946389.48,1
002527.SZ,20260428,20260428,20260331,1,1,1,-0.0113,-0.0113,865719701.79,865719701.79,,,,,,,,,,,,,,,,766367.71,,,894141643.58,708726345.83,,,2590654.86,61168586.5,48164002.69,5960837.09,-2045656.96,,,,,,,,,,,-5127493.77,938656.63,180278.01,,-4369115.15,3137674.78,-7506789.93,-7512635.32,5845.39,-1083504.02,-8590293.95,-8582038.18,-8255.77,2089729.67,,,,,65903740.53,5225503.68,350196.81,,,,,,,,,,,,,,,-7506789.93,1
002527.SZ,20260415,20260415,20251231,1,1,4,0.01,0.01,3534854168.56,3534854168.56,,,,,,,,,,,,,,,,3383890.33,4593840.24,,3605781451.71,2913608181.06,,,21511987.47,230316555.9,179450565.36,23610187.99,-22339316.7,,,,,,,,,,,12917271.56,6486307.78,6415243.35,,12988335.99,7366803.18,5621532.81,5507728.99,113803.82,-2120258.21,3501274.6,3363991.58,137283.02,33884052.81,112832304.7,,,,235072837.17,27515600.0,4163703.0,,,,,,,,,,,,,,,5621532.81,1
002527.SZ,20251029,20251029,20250930,1,1,3,0.0066,0.0066,2653648993.12,2653648993.12,,,,,,,,,,,,,,,,3325554.56,2994205.67,,2688994810.63,2189408668.82,,,13876608.32,161701071.56,135296858.84,18884918.77,-12193263.62,,,,,,,,,,,7723339.67,1631720.07,1064228.23,,8290831.51,3828239.36,4462592.15,4346192.3,116399.85,-2031088.68,2431503.47,2292704.62,138798.85,35191456.97,,,,,154903514.07,22719778.53,3261896.46,,,,,,,,,,,,,,,4462592.15,1
002527.SZ,20250830,20250830,20250630,1,1,2,0.0028,0.0028,1644110757.62,1644110757.62,,,,,,,,,,,,,,,,2345104.59,2090875.7,,1667579364.24,1341914534.19,,,8344906.58,103045445.32,81878905.82,12172623.44,-10775912.27,,,,,,,,,,,4926819.31,297412.61,522477.47,,4701754.45,2759795.99,1941958.46,1865415.08,76543.38,9419.59,1951378.05,1849402.94,101975.11,14063358.22,55293855.36,,,,98268797.55,15884765.28,2667268.98,,,,,,,,,,,,,,,1941958.46,1
002527.SZ,20250426,20250426,20250331,1,1,1,-0.0123,-0.0123,786093042.4,786093042.4,,,,,,,,,,,,,,,,952877.23,,,801136217.36,652780713.94,,,3865891.57,47082693.2,41148103.86,5496565.95,-1874374.99,,,,,,,,,,,-5950317.87,41992.53,311419.68,,-6219745.02,1878071.7,-8097816.72,-8131835.53,34018.81,-2217436.25,-10315252.97,-10353132.4,37879.43,-201962.05,,,,,47743817.92,7228790.75,1398808.06,,,,,,,,,,,,,,,-8097816.72,1
002527.SZ,20250426,20250426,20250331,1,1,1,-0.0123,-0.0123,786093042.4,786093042.4,,,,,,,,,,,,,,,,952877.23,,,801136217.36,652780713.94,,,3865891.57,47082693.2,41148103.86,5496565.95,-1874374.99,,,,,,,,,,,-5950317.87,41992.53,311419.68,,-6219745.02,1878071.7,-8097816.72,-8131835.53,34018.81,-2217436.25,-10315252.97,-10353132.4,37879.43,,,,,,47743817.92,7228790.75,1398808.06,,,,,,,,,,,,,,,-8097816.72,0
002527.SZ,20250426,20250426,20241231,1,1,4,-0.44,-0.44,3357398714.14,3357398714.14,,,,,,,,,,,,,,,,6217293.27,3873996.3,,3714502049.7,2771396964.27,,,16282079.4,198500367.79,224787858.69,41950001.45,-234796158.26,,,,,,,,,,,-275929941.44,15317245.87,10662919.26,,-271275614.83,16774294.2,-288049909.03,-288079772.25,29863.22,14932.52,-288034976.51,-288056743.12,21766.61,-70217091.26,30091810.05,,,,203226480.55,46307189.05,5958870.73,,,,,,,,,,,,,,,-288049909.03,0
002527.SZ,20241030,20241030,20240930,1,1,3,-0.064,-0.064,2264207423.46,2264207423.46,,,,,,,,,,,,,,,,5251646.49,2880959.41,,2350127289.49,1829340521.21,,,10920242.8,164430519.09,142648009.08,28135081.58,-19898728.5,,,,,,,,,,,-40914641.49,7966678.59,2920677.06,,-35868639.96,6470126.57,-42338766.53,-42363544.76,24778.23,-365708.38,-42704474.91,-42753692.53,49217.62,,,,,,149649975.47,34419638.12,5039380.53,,,,,,,,,,,,,,,-42338766.53,0
002527.SZ,20241030,20241030,20240930,1,1,3,-0.064,-0.064,2264207423.46,2264207423.46,,,,,,,,,,,,,,,,5251646.49,2880959.41,,2350127289.49,1829340521.21,,,10920242.8,164430519.09,142648009.08,28135081.58,-19898728.5,,,,,,,,,,,-40914641.49,7966678.59,2920677.06,,-35868639.96,6470126.57,-42338766.53,-42363544.76,24778.23,-365708.38,-42704474.91,-42753692.53,49217.62,1548328.41,,,,,149649975.47,34419638.12,5039380.53,,,,,,,,,,,,,,,-42338766.53,1
002527.SZ,20240829,20240829,20240630,1,1,2,-0.0284,-0.0284,1516056857.31,1516056857.31,,,,,,,,,,,,,,,,2984778.28,2083853.62,,1557178572.94,1222298430.33,,,6786113.4,110587781.8,95209346.33,19290964.13,-1460786.8,,,,,,,,,,,-12393530.37,105829.99,2037029.43,,-14324729.81,4398980.35,-18723710.16,-18750494.67,26784.51,1273784.37,-17449925.79,-17498966.83,49041.04,5368205.27,58059241.28,,,,100800897.14,22659863.28,3779265.52,,,,,,,,,,,,,,,-18723710.16,1
002527.SZ,20240427,20240427,20240331,1,1,1,-0.0355,-0.0355,686321914.12,686321914.12,,,,,,,,,,,,,,,,735692.39,,,721421484.61,553577770.78,,,2806888.4,52127713.89,48274313.25,9621737.09,-1715482.18,,,,,,,,,,,-18684567.18,54725.41,440907.71,,-19070749.48,4417280.31,-23488029.79,-23465044.29,-22985.5,-522641.43,-24010671.22,-24010020.97,-650.25,-8080683.56,,,,,50518213.3,11335336.68,2169780.22,,,,,,,,,,,,,,,-23488029.79,1
002527.SZ,20240427,20240427,20231231,1,1,4,-0.57,-0.57,3387453115.06,3387453115.06,,,,,,,,,,,,,,,,131567065.52,6549848.23,,3960733732.52,2775899015.8,,,20267092.44,247224527.49,211626714.25,57027577.66,-397291482.52,,,,,,,,,,,-377615720.66,754243.85,1080136.51,,-377941613.32,957737.73,-378899351.05,-379033867.76,134516.71,-4117121.27,-383016472.32,-383160548.19,144075.87,-176308181.0,-64785959.35,,,,233259764.74,72332989.74,14636404.61,,,,,,,,,,,,,,,-378899351.05,1
603728.SH,20260428,20260428,20260331,1,1,1,0.033,0.033,700402051.46,700402051.46,,,,,,,,,,,,,,,,,,,698234971.35,441091146.22,,,5560103.57,71847502.2,94680885.65,8709942.41,-3803506.53,,,,,,,,,,,7685731.8,311913.13,312606.12,,7685038.81,-6003480.98,13688519.79,13817143.28,-128623.49,-17028677.86,-3340158.07,-3211534.58,-128623.49,20199180.74,,,,,73989586.57,3658830.53,3033596.31,,,,,,,,,,,,,,,13688519.79,1
603728.SH,20260425,20260425,20251231,1,1,4,0.1459,0.1459,2761977833.25,2761977833.25,,,,,,,,,,,,,,,176860.0,366195.0,,,2730220184.98,1756840190.35,,,18075590.93,258231713.66,412649372.89,7699637.28,-3176009.96,,,,,,,,,,,47838550.07,701728.18,1921837.18,,46618441.07,-15981126.12,62599567.19,61127989.43,1471577.76,12612798.18,75212365.37,73740787.61,1471577.76,65680770.03,197499027.43,,,,268867272.46,12007302.21,13497226.91,,,,,,,,,,,,,,,62599567.19,1
603728.SH,20260425,20260425,20251231,1,1,4,0.1459,0.1459,2761977833.25,2761977833.25,,,,,,,,,,,,,,,176860.0,366195.0,,,2730220184.98,1756840190.35,,,18075590.93,258231713.66,412649372.89,7699637.28,-3176009.96,,,,,,,,,,,47838550.07,701728.18,1921837.18,,46618441.07,-15981126.12,62599567.19,61127989.43,1471577.76,12612798.18,75212365.37,73740787.61,1471577.76,,,,,,268867272.46,12007302.21,13497226.91,,,,,,,,,,,,,,,62599567.19,0
603728.SH,20251029,20251029,20250930,1,1,3,0.119,0.119,2043116926.99,2043116926.99,,,,,,,,,,,,,,,176860.0,366195.0,,,2008410576.49,1307813532.98,,,12268548.05,188741540.26,306239816.92,2308375.89,5327448.09,,,,,,,,,,,46046190.72,562146.7,1180774.32,,45427563.1,-5027863.83,50455426.93,49837947.5,617479.43,11589119.24,62044546.17,61427066.74,617479.43,,,,,,192661509.03,9517545.86,9665007.88,,,,,,,,,,,,,,,50455426.93,0
603728.SH,20251029,20251029,20250930,1,1,3,0.119,0.119,2043116926.99,2043116926.99,,,,,,,,,,,,,,,176860.0,366195.0,,,2008410576.49,1307813532.98,,,12268548.05,188741540.26,306239816.92,2308375.89,5327448.09,,,,,,,,,,,46046190.72,562146.7,1180774.32,,45427563.1,-5027863.83,50455426.93,49837947.5,617479.43,11589119.24,62044546.17,61427066.74,617479.43,42506696.91,,,,,192661509.03,9517545.86,9665007.88,,,,,,,,,,,,,,,50455426.93,1
603728.SH,20250830,20250830,20250630,1,1,2,0.0643,0.0643,1314575078.67,1314575078.67,,,,,,,,,,,,,,,504775.0,218635.0,,,1299896055.92,854466950.88,,,8658519.72,125673153.42,188007341.41,991320.29,6450175.0,,,,,,,,,,,22103223.71,160296.64,670740.03,,21592780.32,-5696926.07,27289706.39,26954478.73,335227.66,16907844.5,44197550.89,43862323.23,335227.66,,,,,,124778012.31,5770247.03,6101091.65,,,,,,,,,,,,,,,27289706.39,0
603728.SH,20250830,20250830,20250630,1,1,2,0.0643,0.0643,1314575078.67,1314575078.67,,,,,,,,,,,,,,,504775.0,218635.0,,,1299896055.92,854466950.88,,,8658519.72,125673153.42,188007341.41,991320.29,6450175.0,,,,,,,,,,,22103223.71,160296.64,670740.03,,21592780.32,-5696926.07,27289706.39,26954478.73,335227.66,16907844.5,44197550.89,43862323.23,335227.66,22348341.37,85986008.57,,,,124778012.31,5770247.03,6101091.65,,,,,,,,,,,,,,,27289706.39,1
603728.SH,20250430,20250430,20250331,1,1,1,0.0172,0.0172,595310921.43,595310921.43,,,,,,,,,,,,,,,620195.0,-90455.0,,,590772326.56,375832526.62,,,4367812.59,59995611.93,92921135.37,365836.49,3534710.07,,,,,,,,,,,7545550.26,70325.93,79151.22,,7536724.97,345121.91,7191603.06,7189294.21,2308.85,3275196.65,10466799.71,10464490.86,2308.85,3846936.68,,,,,60385248.1,3104987.1,2713111.58,,,,,,,,,,,,,,,7191603.06,1
603728.SH,20250426,20250426,20241231,1,1,4,0.1856,0.1856,2415925226.35,2415925226.35,,,,,,,,,,,,,,,-176860.0,258933.54,,,2356073873.72,1505574910.8,,,15728916.61,221209551.6,363033951.15,-9556721.9,-18485778.89,,,,,,,,,,,76265920.47,407829.67,1202228.9,,75471521.24,-3936306.41,79407827.65,77906961.88,1500865.77,3611501.78,83019329.43,81518463.66,1500865.77,66592031.91,176376468.34,,,,241688656.92,11710838.2,12118651.41,,,,,,,,,,,,,,,79407827.65,1
603728.SH,20241029,20241029,20240930,1,1,3,0.1129,0.1129,1829804833.94,1829804833.94,,,,,,,,,,,,,,,-367613.27,107153.27,,,1794289805.5,1140955473.03,,,10431663.32,164874459.57,272621401.72,-5924064.61,-31966569.65,,,,,,,,,,,44520450.95,292869.63,1594401.39,,43218919.19,-4745825.47,47964744.66,47270902.41,693842.25,592760.71,48557505.37,47863663.12,693842.25,70823415.99,,,,,180503680.38,7107507.37,9284829.4,,,,,,,,,,,,,,,47964744.66,1
603728.SH,20240828,20240828,20240630,1,1,2,0.0956,0.0956,1264965431.77,1264965431.77,,,,,,,,,,,,,,,-968863.32,-195300.0,,,1227467807.35,790664980.7,,,6818956.5,110794182.29,177506175.33,-8178321.79,-28818802.93,,,,,,,,,,,42425955.05,254315.08,1141647.28,,41538622.85,1172078.96,40366543.89,40028557.36,337986.53,-1845554.8,38520989.09,38183002.56,337986.53,35376341.13,104734941.38,,,,118929755.5,4612879.26,5338742.65,,,,,,,,,,,,,,,40366543.89,1
603728.SH,20240430,20240430,20240331,1,1,1,0.0154,0.0154,608465650.49,608465650.49,,,,,,,,,,,,,,,,,,,602669840.19,376769176.86,,,3247172.22,56622934.74,88492376.31,-2538272.36,-19725043.03,,,,,,,,,,,9750542.87,81105.23,419059.48,,9412588.62,2978497.18,6434091.44,6487479.2,-53387.76,9041953.35,15476044.79,15529432.55,-53387.76,26937313.54,,,,,59364000.44,2094737.2,2528595.3,,,,,,,,,,,,,,,6434091.44,1
603728.SH,20240430,20240430,20231231,1,1,4,0.3371,0.3336,2542791117.61,2542791117.61,,,,,,,,,,,,,,,,-2811306.71,,,2414999175.09,1597167309.96,,,14656383.07,203186735.11,348159802.65,2804773.16,-14604024.0,,,,,,,,,,,150849001.49,555139.05,2873995.38,,148530145.16,6592077.44,141938067.72,140443532.71,1494535.01,9403609.44,151341677.16,149847142.15,1494535.01,156426907.65,261632438.27,,,,238241614.08,13610006.55,5914952.24,,,,,,,,,,,,,,,141938067.72,0
002896.SZ,20260428,20260428,20260331,1,1,1,0.06,0.06,242301287.43,242301287.43,,,,,,,,,,,,,,,,-105987.98,-105987.98,,238169208.79,183162698.95,,,2359569.75,12453670.09,19561522.99,607813.71,-2132357.82,,,,,,,,,,,11802323.74,44899.14,730836.16,,11116386.72,22926.56,11093460.16,11062020.61,31439.55,-8048043.43,3045416.73,3013977.18,31439.55,14724346.69,,,,,16310659.08,1408811.49,12530.07,,,,,,,,,,,,,,,11093460.16,1
002896.SZ,20260428,20260428,20260331,1,1,1,0.06,0.06,242301287.43,242301287.43,,,,,,,,,,,,,,,,-105987.98,-105987.98,,238169208.79,183162698.95,,,2359569.75,12453670.09,19561522.99,607813.71,-2132357.82,,,,,,,,,,,11802323.74,44899.14,730836.16,,11116386.72,22926.56,11093460.16,11062020.61,31439.55,-8048043.43,3045416.73,3013977.18,31439.55,,,,,,16310659.08,1408811.49,12530.07,,,,,,,,,,,,,,,11093460.16,0
002896.SZ,20260416,20260416,20251231,1,1,4,0.32,0.32,1040892337.85,1040892337.85,,,,,,,,,,,,,,,,-1007463.96,-1115816.72,,995166462.45,769192032.29,,,10322920.76,48258452.35,81053194.4,6847727.19,-15187852.66,,,,,,,,,,,68795382.48,202120.49,865565.43,,68131937.54,5671492.63,62460444.91,62705997.34,-245552.43,4199688.52,66660133.43,66905685.86,-245552.43,77255419.21,183318369.71,,,,62956492.51,4172766.67,259285.05,,,,,,,,,,,,,,,62460444.91,1
002896.SZ,20251025,20251025,20250930,1,1,3,0.29,0.29,764810533.39,764810533.39,,,,,,,,,,,,,,,,-213685.23,-322037.99,,718984457.72,555654812.2,,,8213599.93,34419723.02,56974429.8,4054697.88,-8698440.87,,,,,,,,,,,64402423.54,41121.18,618438.03,,63825106.69,6570051.26,57255055.43,57209070.13,45985.3,3068904.48,60323959.91,60277974.61,45985.3,77930079.85,,,,,47998128.48,2879798.88,163664.57,,,,,,,,,,,,,,,57255055.43,1
002896.SZ,20250826,20250826,20250630,1,1,2,0.24,0.24,516018085.31,516018085.31,,,,,,,,,,,,,,,,-138907.86,-247260.62,,477492153.89,372863573.34,,,5900329.4,21354741.48,35072360.15,2475181.07,-5543427.44,,,,,,,,,,,50967766.94,28721.18,610293.15,,50386194.97,4170251.4,46215943.57,46371523.07,-155579.5,2358707.6,48574651.17,48730230.67,-155579.5,54146580.49,105833821.33,,,,30186320.65,1565461.12,148310.5,,,,,,,,,,,,,,,46215943.57,1
002896.SZ,20250429,20250429,20250331,1,1,1,0.12,0.12,230507649.66,230507649.66,,,,,,,,,,,,,,,,-277915.08,-277915.08,,219271358.54,167905331.24,,,2996661.62,10029657.61,17485237.35,774440.85,-3709306.73,,,,,,,,,,,18369648.17,20734.45,126823.72,,18263558.9,936621.06,17326937.84,17398218.26,-71280.42,-188707.06,17138230.78,17209511.2,-71280.42,,,,,,14176415.27,737441.39,100451.29,,,,,,,,,,,,,,,17326937.84,0
002896.SZ,20250429,20250429,20250331,1,1,1,0.12,0.12,230507649.66,230507649.66,,,,,,,,,,,,,,,,-277915.08,-277915.08,,219271358.54,167905331.24,,,2996661.62,10029657.61,17485237.35,774440.85,-3709306.73,,,,,,,,,,,18369648.17,20734.45,126823.72,,18263558.9,936621.06,17326937.84,17398218.26,-71280.42,-188707.06,17138230.78,17209511.2,-71280.42,23121955.13,,,,,14176415.27,737441.39,100451.29,,,,,,,,,,,,,,,17326937.84,1
002896.SZ,20250418,20250418,20241231,1,1,4,0.48,0.48,976342989.09,976342989.09,,,,,,,,,,,,,,,,-1171469.31,-1171469.31,,918986351.45,723440713.76,,,11652372.33,40413572.82,66042283.13,4296937.41,-9987819.47,,,,,,,,,,,77266824.38,463460.59,895090.64,,76835194.33,4461804.4,72373389.93,72550353.38,-176963.45,1340436.72,73713826.65,73890790.1,-176963.45,82811784.94,175871968.83,,,,63849545.74,3221757.8,393091.32,,,,,,,,,,,,,,,72373389.93,0
002896.SZ,20241028,20241028,20240930,1,1,3,0.38,0.38,741539190.08,741539190.08,,,,,,,,,,,,,,,,-783607.58,-783607.58,,697432713.89,557227373.0,,,8957422.11,28890241.34,43292896.54,4791142.48,-5296273.43,,,,,,,,,,,59420912.38,337459.4,376904.65,,59381467.13,2572938.26,56808528.87,56937320.91,-128792.04,1396929.73,58205458.6,58334250.64,-128792.04,70368489.71,,,,,47317233.46,2507784.86,292966.69,,,,,,,,,,,,,,,56808528.87,1
002896.SZ,20240827,20240827,20240630,1,1,2,0.29,0.29,505484825.56,505484825.56,,,,,,,,,,,,,,,,-766141.45,-766141.45,,470333828.15,381449486.49,,,6121231.96,18119212.29,27009583.14,1760033.43,-3176004.43,,,,,,,,,,,45761448.22,131791.01,223388.56,,45669850.67,2203659.35,43466191.32,43541912.75,-75721.43,298.97,43466490.29,43542211.72,-75721.43,48278072.93,92257439.84,,,,29651750.87,1780388.07,218645.33,,,,,,,,,,,,,,,43466191.32,1
002896.SZ,20240426,20240426,20240331,1,1,1,0.11,0.11,222776494.29,222776494.29,,,,,,,,,,,,,,,,-672477.17,-672477.17,,209397747.99,165675277.3,,,3313284.82,9320672.01,13679561.09,1227722.44,-249012.71,,,,,,,,,,,17985968.16,128791.01,210637.2,,17904121.97,1574144.44,16329977.53,16378928.05,-48950.52,,16329977.53,16378928.05,-48950.52,,,,,,13667501.14,968280.98,121656.21,,,,,,,,,,,,,,,16329977.53,0
002896.SZ,20240426,20240426,20240331,1,1,1,0.11,0.11,222776494.29,222776494.29,,,,,,,,,,,,,,,,-672477.17,-672477.17,,209397747.99,165675277.3,,,3313284.82,9320672.01,13679561.09,1227722.44,-249012.71,,,,,,,,,,,17985968.16,128791.01,210637.2,,17904121.97,1574144.44,16329977.53,16378928.05,-48950.52,,16329977.53,16378928.05,-48950.52,20109825.93,,,,,13667501.14,968280.98,121656.21,,,,,,,,,,,,,,,16329977.53,1
002896.SZ,20240416,20240416,20231231,1,1,4,0.48,0.48,1085984622.01,1085984622.01,,,,,,,,,,,,,,,,21932.62,-1430382.44,,1032471826.61,837556154.48,,,9087091.31,44107656.17,62001247.41,2911285.69,-5812993.25,,,,,,,,,,,76208739.27,463819.48,845859.95,,75826698.8,2253799.1,73572899.7,73147951.97,424947.73,,73572899.7,73147951.97,424947.73,79202147.03,158920033.3,,,,70001981.14,4101574.51,830719.51,,,,,,,,,,,,,,,73572899.7,1
000678.SZ,20260430,20260430,20260331,1,1,1,-0.04,-0.04,323053272.46,323053272.46,,,,,,,,,,,,,,,,35334.81,,,348149566.9,289971519.53,,,4544255.47,9883855.67,28332932.74,10753936.55,,,,,,,,,,,,-23741571.57,19773.87,56040.43,,-23777838.13,78847.19,-23856685.32,-18998196.44,-4858488.88,15147346.45,-8709338.87,-8402438.09,-306900.78,-13022969.83,,,,,4663066.94,,,,,,,,,,,,,,,,,-23856685.32,1
000678.SZ,20260428,20260428,20251231,1,1,4,-0.11,-0.11,1539262801.12,1539262801.12,,,,,,,,,,,,,,,,73711.43,,,1622526769.7,1329489461.33,,,23371584.76,27365324.62,116213661.92,24440443.7,-18637074.92,,,,,,,,,,,-72194183.68,1031814.55,2038570.43,,-73200939.56,-3237037.68,-69963901.88,-49124657.27,-20839244.61,2649781.87,-67314120.01,-46977451.5,-20336668.51,-38499035.27,61340571.61,,,,67665393.1,36214833.02,519764.96,,,,,,,,,,,,,,,-69963901.88,1
000678.SZ,20251031,20251031,20250930,1,1,3,-0.06,-0.06,1178811878.22,1178811878.22,,,,,,,,,,,,,,,,,,,1227998313.14,1060470556.35,,,13013528.91,30316882.22,66186019.93,18596619.49,-4879695.46,,,,,,,,,,,-39858935.99,65211.84,1583805.22,,-41377529.37,-3545047.96,-37832481.41,-26857687.63,-10974793.78,-9192400.35,-47024881.76,-36982792.62,-10042089.14,,,,,,34691704.96,,,,,,,,,,,,,,,,,-37832481.41,0
000678.SZ,20251031,20251031,20250930,1,1,3,-0.06,-0.06,1178811878.22,1178811878.22,,,,,,,,,,,,,,,,,,,1227998313.14,1060470556.35,,,13013528.91,30316882.22,66186019.93,18596619.49,-4879695.46,,,,,,,,,,,-39858935.99,65211.84,1583805.22,,-41377529.37,-3545047.96,-37832481.41,-26857687.63,-10974793.78,-9192400.35,-47024881.76,-36982792.62,-10042089.14,-16691429.35,,,,,34691704.96,,,,,,,,,,,,,,,,,-37832481.41,1
000678.SZ,20250829,20250829,20250630,1,1,2,-0.03,-0.03,796320976.34,796320976.34,,,,,,,,,,,,,,,,,,,829361863.28,719074761.04,,,9857381.92,11797286.82,49105342.73,13119003.76,-719476.26,,,,,,,,,,,-24163655.9,10970.07,1589584.43,,-25742270.26,-3902497.25,-21839773.01,-15530229.2,-6309543.81,-7928832.11,-29768605.12,-24998641.77,-4769963.35,-11353460.45,41423914.78,,,,27210267.95,,,,,,,,,,,,,,,,,-21839773.01,1
000678.SZ,20250829,20250829,20250630,1,1,2,-0.03,-0.03,796320976.34,796320976.34,,,,,,,,,,,,,,,,,,,829361863.28,719074761.04,,,9857381.92,11797286.82,49105342.73,13119003.76,-719476.26,,,,,,,,,,,-24163655.9,10970.07,1589584.43,,-25742270.26,-3902497.25,-21839773.01,-15530229.2,-6309543.81,-7928832.11,-29768605.12,-24998641.77,-4769963.35,,,,,,27210267.95,,,,,,,,,,,,,,,,,-21839773.01,0
000678.SZ,20250426,20250426,20250331,1,1,1,-0.03,-0.03,363234653.61,363234653.61,,,,,,,,,,,,,,,,,,,385862625.75,334602634.96,,,6437160.77,10332618.69,26709471.22,7260078.87,,,,,,,,,,,,-21250172.27,321633.89,164445.51,,-21092983.89,-4342442.79,-16750541.1,-13628204.54,-3122336.56,1236858.7,-15513682.4,-18141921.64,2628239.24,,,,,,3503239.2,,,,,,,,,,,,,,,,,-16750541.1,0
000678.SZ,20250426,20250426,20250331,1,1,1,-0.03,-0.03,363234653.61,363234653.61,,,,,,,,,,,,,,,,,,,385862625.75,334602634.96,,,6437160.77,10332618.69,26709471.22,7260078.87,,,,,,,,,,,,-21250172.27,321633.89,164445.51,,-21092983.89,-4342442.79,-16750541.1,-13628204.54,-3122336.56,1236858.7,-15513682.4,-18141921.64,2628239.24,-13990093.4,,,,,3503239.2,,,,,,,,,,,,,,,,,-16750541.1,1
000678.SZ,20250426,20250426,20241231,1,1,4,-0.08,-0.08,1455260921.02,1455260921.02,,,,,,,,,,,,,,,227872.28,814001.92,,,1538658884.09,1297361716.87,,,20963822.76,24506426.58,96993917.41,33813847.01,-2991499.3,,,,,,,,,,,-49905448.88,2305067.84,900404.96,,-48500786.0,3295715.09,-51796501.09,-35369214.25,-16427286.84,311504.17,-51484996.92,-39291610.45,-12193386.47,-29945312.67,67732656.17,,,,60434412.59,42999569.13,843557.34,,,,,,,,,,,,,,,-51796501.09,0
000678.SZ,20241031,20241031,20240930,1,1,3,-0.042,-0.042,1095029870.21,1095029870.21,,,,,,,,,,,,,,,250218.32,924658.71,,,1141559577.01,987303649.52,,,15008132.68,26643225.73,57837302.37,22123904.98,-167413.97,,,,,,,,,,,-34456629.46,6097467.37,2850825.49,,-31209987.58,-6306903.76,-24903083.82,-19454278.41,-5448805.41,-4038622.86,-28941706.68,-23964754.56,-4976952.12,-13417270.47,,,,,34363957.91,,,,,,,,,,,,,,,,,-24903083.82,1
000678.SZ,20240830,20240830,20240630,1,1,2,-0.03,-0.03,696568257.61,696568257.61,,,,,,,,,,,,,,,61120.88,,,,726833935.68,622386422.11,,,11878159.38,10607864.21,42751068.49,12968140.79,-167413.97,,,,,,,,,,,-22751345.13,4209648.74,2150989.62,,-20692686.01,-5101626.7,-15591059.31,-12405985.95,-3185073.36,-2116082.76,-17707142.07,-18158223.32,451081.25,-9844325.22,39457225.37,,,,27538576.29,,,,,,,,,,,,,,,,,-15591059.31,1
000678.SZ,20240426,20240426,20240331,1,1,1,-0.03,-0.03,354723153.6,354723153.6,,,,,,,,,,,,,,,-87459.62,,,,374059055.06,322098771.18,,,3320103.64,10161752.36,27508375.71,7797443.71,,,,,,,,,,,,-18328105.43,968681.05,261520.31,,-17620944.69,-2697297.86,-14923646.83,-13391521.61,-1532125.22,1418756.19,-13504890.64,-29046505.79,15541615.15,-10435865.97,,,,,3940229.28,,,,,,,,,,,,,,,,,-14923646.83,1
000678.SZ,20240426,20240426,20231231,1,1,4,-0.12,-0.12,1394458768.94,1394458768.94,,,,,,,,,,,,,,,-63032.48,40584.81,,,1475507713.9,1239306080.97,,,22046306.98,28669559.97,91217690.98,26214295.75,-4874921.73,,,,,,,,,,,-54136796.37,2125437.7,1383684.28,,-53395042.95,6646639.76,-60041682.71,-53721740.83,-6319941.88,20277618.13,-39764064.58,-33104563.53,-6659501.05,-36654755.48,67108771.86,,,,56852425.29,33230875.79,754269.54,,,,,,,,,,,,,,,-60041682.71,1
300585.SZ,20260428,20260428,20260331,1,1,1,-0.0332,-0.0332,83501144.06,83501144.06,,,,,,,,,,,,,,,-857.28,-1002276.11,-1136727.77,,91319295.25,69813486.56,,,609834.11,3781008.37,9020965.74,-17715.95,-135940.44,,,,,,,,,,,-7581849.31,12605.6,89882.41,,-7659126.12,-1210157.27,-6448968.85,-5672901.69,-776067.16,226996.89,-6221971.96,-5445904.8,-776067.16,-7030855.78,,,,,9380238.93,98.14,66192.76,,,,,,,,,,,,,,,-6448968.85,1
300585.SZ,20260428,20260428,20260331,1,1,1,-0.0332,-0.0332,83501144.06,83501144.06,,,,,,,,,,,,,,,-857.28,-1002276.11,-1136727.77,,91319295.25,69813486.56,,,609834.11,3781008.37,9020965.74,-17715.95,-135940.44,,,,,,,,,,,-7581849.31,12605.6,89882.41,,-7659126.12,-1210157.27,-6448968.85,-5672901.69,-776067.16,226996.89,-6221971.96,-5445904.8,-776067.16,,,,,,9380238.93,98.14,66192.76,,,,,,,,,,,,,,,-6448968.85,0
300585.SZ,20260415,20260415,20251231,1,1,4,-0.4073,-0.4073,466713310.22,466713310.22,,,,,,,,,,,,,,,-3148588.04,6334913.51,903978.2,,490508481.65,375101206.24,,,3273624.35,16636362.43,45590643.11,-183739.85,-16419062.41,,,,,,,,,,,-13885193.78,812132.74,64224580.2,,-77297641.24,-2863995.15,-74433646.09,-69700821.67,-4732824.42,269975.98,-74163670.11,-69430845.69,-4732824.42,-12685536.11,20603019.27,,,,37456123.75,106491.55,387612.47,,,,,,,,,,,,,,,-74433646.09,1
300585.SZ,20251028,20251028,20250930,1,1,3,0.0195,0.0195,323532448.3,323532448.3,,,,,,,,,,,,,,,-28037.62,4878860.59,-430830.24,,333960093.16,260580580.04,,,2406551.26,13852420.69,33564548.97,-153199.95,-2453211.51,,,,,,,,,,,-680186.44,787473.81,123940.89,,-16653.52,-1178561.5,1161907.98,3328685.27,-2166777.29,-323473.32,838434.66,3005211.95,-2166777.29,-3271896.36,,,,,26891954.21,2850.0,307337.01,,,,,,,,,,,,,,,1161907.98,1
300585.SZ,20251028,20251028,20250930,1,1,3,0.0195,0.0195,323532448.3,323532448.3,,,,,,,,,,,,,,,-28037.62,4878860.59,-430830.24,,333960093.16,260580580.04,,,2406551.26,13852420.69,33564548.97,-153199.95,-2453211.51,,,,,,,,,,,-680186.44,787473.81,123940.89,,-16653.52,-1178561.5,1161907.98,3328685.27,-2166777.29,-323473.32,838434.66,3005211.95,-2166777.29,,,,,,26891954.21,2850.0,307337.01,,,,,,,,,,,,,,,1161907.98,0
300585.SZ,20250826,20250826,20250630,1,1,2,0.0105,0.0105,216602241.06,216602241.06,,,,,,,,,,,,,,,-32481.94,3891884.79,-1266812.27,,224894997.72,175229924.49,,,1693435.27,8910595.74,23523991.29,-117639.59,-2343295.93,,,,,,,,,,,-1086500.88,787472.97,111928.51,,-410956.42,-834045.02,423088.6,1793996.17,-1370907.57,-963530.83,-540442.23,830465.34,-1370907.57,-5069800.98,11779007.02,,,,18141108.53,2850.0,232015.72,,,,,,,,,,,,,,,423088.6,1
300585.SZ,20250422,20250422,20250331,1,1,1,-0.0107,-0.0107,104257080.12,104257080.12,0.0,0.0,0.0,,,,,,,,,,,,-12003.34,-956988.09,-1327481.96,0.0,109323079.97,85402697.41,0.0,0.0,703375.92,4466364.29,10509527.81,-79592.96,-133365.6,0.0,0.0,,0.0,0.0,,,,,,-4172790.32,402274.53,8483.09,,-3778998.88,-899965.41,-2879033.47,-1826959.18,-1052074.29,-1059735.75,-3938769.22,-2886694.93,-1052074.29,-3156283.91,,,,,8571844.4,0.0,131521.44,,,,,,,,,,,,,,,-2879033.47,1
300585.SZ,20250422,20250422,20241231,1,1,4,-0.0497,-0.0497,440158006.47,440158006.47,0.0,0.0,0.0,,,,,,,,,,,,-117725.8,3584293.36,1315443.3,,462624351.32,340787100.71,0.0,0.0,3604682.22,15085719.27,55504665.81,350536.55,-7268481.51,,0.0,,0.0,,,,,,,-12838975.55,1586294.34,3238053.19,,-14490734.4,-3044128.2,-11446606.2,-8506025.02,-2940581.18,-2053187.67,-13499793.87,-10559212.69,-2940581.18,-16054222.38,20453598.3,,,,44088360.01,388353.64,0.0,,,,,,,,,,,,,,,-11446606.2,1
300585.SZ,20241029,20241029,20240930,1,1,3,-0.0143,-0.0143,320067792.39,320067792.39,,,,,,,,,,,,,,,-114033.2,-387605.48,-2940886.87,,335172119.02,249111561.25,,,2841122.0,13626009.88,40520943.75,307880.34,-3170178.61,,,,,,,,,,,-10312664.24,1276732.39,2214200.29,,-11250132.14,-6099316.67,-5150815.47,-2449750.35,-2701065.12,-130499.99,-5281315.46,-2580250.34,-2701065.12,-6442154.21,,,,,31805554.04,256415.92,138713.53,,,,,,,,,,,,,,,-5150815.47,1
300585.SZ,20240827,20240827,20240630,1,1,2,-0.0058,-0.0058,214842211.33,214842211.33,,,,,,,,,,,,,,,-180686.9,-81795.08,-2255758.09,,224539878.76,166384437.23,,,1974504.76,8939877.22,27513919.73,227803.89,-3200307.39,,,,,,,,,,,-6663183.61,1260210.74,1992615.09,,-7395587.96,-4728114.11,-2667473.85,-990475.11,-1676998.74,4800.94,-2662672.91,-985674.17,-1676998.74,-6172897.74,12852628.63,,,,21456092.82,184860.36,80638.09,,,,,,,,,,,,,,,-2667473.85,1
300585.SZ,20240424,20240424,20240331,1,1,1,0.0037,0.0037,101805635.38,101805635.38,0.0,0.0,0.0,,,,,,,,,,,,-67310.12,-485473.42,-526566.17,,106790782.57,75584907.73,,,848281.14,6973224.99,13265133.95,105670.14,0.0,,,,,,,,,,,-3107758.94,115606.55,2266.84,,-2994419.23,-2724587.82,-269831.41,633202.93,-903034.34,-665111.12,-934942.53,-31908.19,-903034.34,-2449305.26,,,,,10844646.16,104638.13,49199.32,,,,,,,,,,,,,,,-269831.41,1
300585.SZ,20240424,20240424,20231231,1,1,4,0.0305,0.0305,488234172.75,488234172.75,,,,,,,,,,,,,,,-628710.86,2912019.93,1376093.23,,495184457.46,346525630.03,,,3454092.87,26962214.04,63467150.76,646228.14,-6337815.22,,,,,,,,,,,1630564.29,655957.25,3671777.83,,-1385256.29,-6392628.3,5007372.01,5224158.46,-216786.45,-115617.89,4891754.12,5108540.57,-216786.45,-8120.74,34990032.91,,,,42531655.67,785311.6,195343.63,,,,,,,,,,,,,,,5007372.01,1
