list_type,cb_code,cb_name,stk_code,stk_name,theme_score,matched_concepts,trigger_sources,relation_reason,premium_rate,cb_amount,remain_size_yi,call_status,risk_notes,quality_tier,quality_tier_reason,observation_reason
主买,128020.SZ,水晶转债,002273,水晶光电,1217.7903,光学元件、苹果概念,002273,正股为触发股，命中光学元件、苹果概念,,,0.0,安全,退市日期2020-02-24,,,
主买,128101.SZ,联创转债,002036,联创电子,217.7903,光学元件、苹果概念,002273,命中光学元件、苹果概念,,,0.0,公告到期赎回,公告到期赎回；退市日期2026-03-17,,,
主买,110081.SH,闻泰转债,600745,*ST闻泰,117.7903,苹果概念,002273,命中苹果概念,,65470.6801,80.63,安全,成交额偏低6.5万；剩余规模80.63亿,,,
主买,110101.SH,宝钛转债,600456,宝钛股份,117.7903,苹果概念,002273,命中苹果概念,,,35.0,安全,剩余规模35.00亿,,,
主买,110800.SH,赛腾定转,603283,赛腾股份,117.7903,苹果概念,002273,命中苹果概念,,,0.0,安全,退市日期2021-05-31,,,
主买,111012.SH,福新转债,605488,福莱新材,117.7903,苹果概念,002273,命中苹果概念,,153262.097,1.02,公告不强赎,成交额偏低15.3万,,,
主买,113045.SH,环旭转债,601231,环旭电子,117.7903,苹果概念,002273,命中苹果概念,,,0.0,公告实施强赎,强赎中；退市日期2026-01-29,,,
主买,113046.SH,金田转债,601609,金田股份,117.7903,苹果概念,002273,命中苹果概念,,11820.8945,14.99,安全,成交额偏低1.2万；剩余规模14.99亿,,,
主买,113064.SH,东材转债,601208,东材科技,117.7903,苹果概念,002273,命中苹果概念,,,0.0,公告实施强赎,强赎中；退市日期2025-09-08,,,
主买,113068.SH,金铜转债,601609,金田股份,117.7903,苹果概念,002273,命中苹果概念,,,0.0,公告实施强赎,强赎中；退市日期2025-08-26,,,
主买,113521.SH,科森转债,603626,科森科技,117.7903,苹果概念,002273,命中苹果概念,,,0.0,安全,退市日期2020-11-27,,,
主买,113573.SH,纵横转债,603602,纵横通信,117.7903,苹果概念,002273,命中苹果概念,,,0.0,公告实施强赎,强赎中；退市日期2024-12-05,,,
主买,113672.SH,福蓉转债,603327,福蓉科技,117.7903,苹果概念,002273,命中苹果概念,,,0.0,公告实施强赎,强赎中；退市日期2026-01-29,,,
主买,118003.SH,华兴转债,688001,华兴源创,117.7903,苹果概念,002273,命中苹果概念,,,0.0,公告实施强赎,强赎中；退市日期2026-05-19,,,
主买,118024.SH,冠宇转债,688772,珠海冠宇,117.7903,苹果概念,002273,命中苹果概念,,18844.875,30.89,安全,成交额偏低1.9万；剩余规模30.89亿,,,
主买,118043.SH,福立转债,688678,福立旺,117.7903,苹果概念,002273,命中苹果概念,,,0.0,公告实施强赎,强赎中；退市日期2026-02-11,,,
主买,118061.SH,茂莱转债,688502,茂莱光学,117.7903,光学元件,002273,命中光学元件,,298377.4334,5.62,安全,成交额偏低29.8万,,,
主买,118062.SH,天准转债,688003,天准科技,117.7903,苹果概念,002273,命中苹果概念,,132167.0678,8.72,安全,成交额偏低13.2万,,,
主买,118066.SH,统联转债,688210,统联精密,117.7903,苹果概念,002273,命中苹果概念,,4315.1052,5.76,安全,成交额偏低0.4万,,,
主买,123003.SZ,蓝思转债,300433,蓝思科技,117.7903,苹果概念,002273,命中苹果概念,,,0.0,安全,退市日期2020-02-19,,,
主买,123016.SZ,洲明转债,300232,洲明科技,117.7903,苹果概念,002273,命中苹果概念,,,0.0,安全,退市日期2020-03-20,,,
主买,123022.SZ,长信转债,300088,长信科技,117.7903,苹果概念,002273,命中苹果概念,,,0.0,公告到期赎回,公告到期赎回；退市日期2025-03-19,,,
主买,123025.SZ,精测转债,300567,精测电子,117.7903,苹果概念,002273,命中苹果概念,,,0.0,公告到期赎回,公告到期赎回；退市日期2025-03-31,,,
主买,123038.SZ,联得转债,300545,联得装备,117.7903,苹果概念,002273,命中苹果概念,,,0.0,公告实施强赎,强赎中；退市日期2025-08-20,,,
主买,123058.SZ,欣旺转债,300207,欣旺达,117.7903,苹果概念,002273,命中苹果概念,,,0.0,安全,退市日期2021-07-14,,,
主买,123138.SZ,丝路转债,300556,丝路视觉,117.7903,苹果概念,002273,命中苹果概念,,2400.0258,2.39,安全,成交额偏低0.2万,,,
主买,123176.SZ,精测转2,300567,精测电子,117.7903,苹果概念,002273,命中苹果概念,,198153.2792,12.75,公告不强赎,成交额偏低19.8万；剩余规模12.75亿,,,
主买,123193.SZ,海能转债,300787,海能实业,117.7903,苹果概念,002273,命中苹果概念,,2851.9857,6.0,安全,成交额偏低0.3万,,,
主买,123237.SZ,佳禾转债,300793,佳禾智能,117.7903,苹果概念,002273,命中苹果概念,,3984.1459,4.31,公告不强赎,成交额偏低0.4万,,,
主买,123262.SZ,神宇转债,300563,神宇股份,117.7903,苹果概念,002273,命中苹果概念,,30620.8222,5.0,安全,成交额偏低3.1万,,,
主买,125969.SZ,安泰转债,000969,安泰科技,117.7903,苹果概念,002273,命中苹果概念,,,0.0,安全,退市日期2010-06-23,,,
主买,127026.SZ,超声转债,000823,超声电子,117.7903,苹果概念,002273,命中苹果概念,,,0.0,公告实施强赎,强赎中；退市日期2026-06-24,,,
主买,127051.SZ,博杰转债,002975,博杰股份,117.7903,苹果概念,002273,命中苹果概念,,,0.0,公告实施强赎,强赎中；退市日期2025-05-08,,,
主买,127107.SZ,领益转债,002600,领益智造,117.7903,苹果概念,002273,命中苹果概念,,,0.0,公告实施强赎,强赎中；退市日期2025-10-23,,,
主买,128009.SZ,歌尔转债,002241,歌尔股份,117.7903,苹果概念,002273,命中苹果概念,,,0.0,安全,退市日期2017-07-10,,,
主买,128035.SZ,大族转债,002008,大族激光,117.7903,苹果概念,002273,命中苹果概念,,,0.0,公告到期赎回,公告到期赎回；退市日期2024-02-07,,,
主买,128088.SZ,深南转债,002916,深南电路,117.7903,苹果概念,002273,命中苹果概念,,,0.0,安全,退市日期2020-09-11,,,
主买,128112.SZ,歌尔转2,002241,歌尔股份,117.7903,苹果概念,002273,命中苹果概念,,,0.0,安全,退市日期2021-03-11,,,
主买,128118.SZ,瀛通转债,002861,瀛通通讯,117.7903,苹果概念,002273,命中苹果概念,,,0.0,公告实施强赎,强赎中；退市日期2024-12-27,,,
主买,128136.SZ,立讯转债,002475,立讯精密,117.7903,苹果概念,002273,命中苹果概念,,40094.6308,29.85,安全,成交额偏低4.0万；剩余规模29.85亿,,,
