code,month,name,reason,trade_date
301293,2026-01,三博脑科,封单金额不足5亿,2026-01-05
600775,2026-01,南京熊猫,封单金额不足5亿,2026-01-05
301363,2026-01,美好医疗,封单金额不足5亿,2026-01-05
600337,2026-01,美克家居,封单金额不足5亿,2026-01-05
002718,2026-01,友邦吊顶,封单金额不足5亿,2026-01-05
002195,2026-01,岩山科技,昨日已涨停,2026-01-06
002931,2026-01,锋龙股份,昨日已涨停,2026-01-06
002173,2026-01,创新医疗,昨日已涨停,2026-01-06
600775,2026-01,南京熊猫,昨日已涨停,2026-01-06
301293,2026-01,三博脑科,昨日已涨停,2026-01-06
301363,2026-01,美好医疗,昨日已涨停,2026-01-06
002324,2026-01,普利特,封单金额不足5亿,2026-01-06
603716,2026-01,塞力医疗,封单金额不足5亿,2026-01-06
002925,2026-01,盈趣科技,封单金额不足5亿,2026-01-06
000516,2026-01,国际医学,封单金额不足5亿,2026-01-06
001331,2026-01,胜通能源,封单金额不足5亿,2026-01-06
600337,2026-01,美克家居,封单金额不足5亿,2026-01-06
002757,2026-01,南兴股份,封单金额不足5亿,2026-01-06
002462,2026-01,嘉事堂,封单金额不足5亿,2026-01-06
920199,2026-01,倍益康,封单金额不足5亿,2026-01-06
002718,2026-01,友邦吊顶,封单金额不足5亿,2026-01-06
002195,2026-01,岩山科技,昨日已涨停,2026-01-07
002931,2026-01,锋龙股份,昨日已涨停,2026-01-07
600783,2026-01,鲁信创投,昨日已涨停,2026-01-07
002173,2026-01,创新医疗,昨日已涨停,2026-01-07
600775,2026-01,南京熊猫,昨日已涨停,2026-01-07
000620,2026-01,盈新发展,封单金额不足5亿,2026-01-07
002519,2026-01,银河电子,封单金额不足5亿,2026-01-07
002324,2026-01,普利特,封单金额不足5亿,2026-01-07
603650,2026-01,彤程新材,封单金额不足5亿,2026-01-07
000859,2026-01,国风新材,封单金额不足5亿,2026-01-07
600337,2026-01,美克家居,封单金额不足5亿,2026-01-07
001331,2026-01,胜通能源,封单金额不足5亿,2026-01-07
002462,2026-01,嘉事堂,封单金额不足5亿,2026-01-07
600266,2026-01,城建发展,封单金额不足5亿,2026-01-07
301213,2026-01,观想科技,封单金额不足5亿,2026-01-07
301363,2026-01,美好医疗,封单金额不足5亿,2026-01-07
002718,2026-01,友邦吊顶,封单金额不足5亿,2026-01-07
002931,2026-01,锋龙股份,昨日已涨停,2026-01-08
600783,2026-01,鲁信创投,昨日已涨停,2026-01-08
002173,2026-01,创新医疗,昨日已涨停,2026-01-08
002324,2026-01,普利特,封单金额不足5亿,2026-01-08
603938,2026-01,三孚股份,封单金额不足5亿,2026-01-08
002519,2026-01,银河电子,封单金额不足5亿,2026-01-08
600477,2026-01,杭萧钢构,封单金额不足5亿,2026-01-08
603015,2026-01,弘讯科技,封单金额不足5亿,2026-01-08
600337,2026-01,美克家居,封单金额不足5亿,2026-01-08
600935,2026-01,华塑股份,封单金额不足5亿,2026-01-08
002971,2026-01,和远气体,封单金额不足5亿,2026-01-08
002931,2026-01,锋龙股份,昨日已涨停,2026-01-09
600783,2026-01,鲁信创投,昨日已涨停,2026-01-09
600477,2026-01,杭萧钢构,封单金额不足5亿,2026-01-09
002342,2026-01,巨力索具,封单金额不足5亿,2026-01-09
600637,2026-01,东方明珠,封单金额不足5亿,2026-01-09
601106,2026-01,中国一重,封单金额不足5亿,2026-01-09
002431,2026-01,棕榈股份,封单金额不足5亿,2026-01-09
603017,2026-01,中衡设计,封单金额不足5亿,2026-01-09
000987,2026-01,越秀资本,封单金额不足5亿,2026-01-09
300986,2026-01,志特新材,封单金额不足5亿,2026-01-09
603015,2026-01,弘讯科技,封单金额不足5亿,2026-01-09
603938,2026-01,三孚股份,封单金额不足5亿,2026-01-09
002131,2026-01,利欧股份,昨日已涨停,2026-01-12
002931,2026-01,锋龙股份,昨日已涨停,2026-01-12
600477,2026-01,杭萧钢构,昨日已涨停,2026-01-12
002044,2026-01,美年健康,昨日已涨停,2026-01-12
002115,2026-01,三维通信,封单金额不足5亿,2026-01-12
000681,2026-01,视觉中国,封单金额不足5亿,2026-01-12
002519,2026-01,银河电子,封单金额不足5亿,2026-01-12
600783,2026-01,鲁信创投,封单金额不足5亿,2026-01-12
002342,2026-01,巨力索具,封单金额不足5亿,2026-01-12
600637,2026-01,东方明珠,封单金额不足5亿,2026-01-12
600776,2026-01,东方通信,封单金额不足5亿,2026-01-12
603598,2026-01,引力传媒,封单金额不足5亿,2026-01-12
002969,2026-01,嘉美包装,封单金额不足5亿,2026-01-12
300986,2026-01,志特新材,封单金额不足5亿,2026-01-12
603000,2026-01,人民网,封单金额不足5亿,2026-01-12
603496,2026-01,恒为科技,封单金额不足5亿,2026-01-12
003007,2026-01,直真科技,封单金额不足5亿,2026-01-12
002512,2026-01,达华智能,封单金额不足5亿,2026-01-12
600676,2026-01,交运股份,封单金额不足5亿,2026-01-12
603888,2026-01,新华网,封单金额不足5亿,2026-01-12
603305,2026-01,旭升集团,封单金额不足5亿,2026-01-12
600880,2026-01,博瑞传播,封单金额不足5亿,2026-01-12
600828,2026-01,茂业商业,封单金额不足5亿,2026-01-12
000503,2026-01,国新健康,封单金额不足5亿,2026-01-12
002115,2026-01,三维通信,昨日已涨停,2026-01-13
002131,2026-01,利欧股份,昨日已涨停,2026-01-13
002931,2026-01,锋龙股份,昨日已涨停,2026-01-13
002044,2026-01,美年健康,昨日已涨停,2026-01-13
002465,2026-01,海格通信,昨日已涨停,2026-01-13
603000,2026-01,人民网,封单金额不足5亿,2026-01-13
301230,2026-01,泓博医药,封单金额不足5亿,2026-01-13
000681,2026-01,视觉中国,封单金额不足5亿,2026-01-13
002400,2026-01,省广集团,封单金额不足5亿,2026-01-13
600676,2026-01,交运股份,封单金额不足5亿,2026-01-13
603598,2026-01,引力传媒,封单金额不足5亿,2026-01-13
002219,2026-01,新里程,封单金额不足5亿,2026-01-13
600776,2026-01,东方通信,封单金额不足5亿,2026-01-13
003007,2026-01,直真科技,封单金额不足5亿,2026-01-13
000593,2026-01,德龙汇能,封单金额不足5亿,2026-01-13
600477,2026-01,杭萧钢构,封单金额不足5亿,2026-01-13
003041,2026-01,真爱美家,封单金额不足5亿,2026-01-13
600877,2026-01,电科芯片,封单金额不足5亿,2026-01-13
603888,2026-01,新华网,封单金额不足5亿,2026-01-13
002115,2026-01,三维通信,昨日已涨停,2026-01-14
002044,2026-01,美年健康,昨日已涨停,2026-01-14
002465,2026-01,海格通信,封单金额不足5亿,2026-01-14
002153,2026-01,石基信息,封单金额不足5亿,2026-01-14
002112,2026-01,三变科技,封单金额不足5亿,2026-01-14
601116,2026-01,三江购物,封单金额不足5亿,2026-01-14
002219,2026-01,新里程,封单金额不足5亿,2026-01-14
601992,2026-01,金隅集团,封单金额不足5亿,2026-01-14
002879,2026-01,长缆科技,封单金额不足5亿,2026-01-14
603056,2026-01,德邦股份,缺少同花顺概念,2026-01-14
600410,2026-01,华胜天成,昨日已涨停,2026-01-15
603056,2026-01,德邦股份,昨日已涨停,2026-01-15
002218,2026-01,拓日新能,封单金额不足5亿,2026-01-15
300758,2026-01,七彩化学,封单金额不足5亿,2026-01-15
002153,2026-01,石基信息,封单金额不足5亿,2026-01-15
600058,2026-01,五矿发展,封单金额不足5亿,2026-01-15
002707,2026-01,众信旅游,封单金额不足5亿,2026-01-15
002554,2026-01,惠博普,封单金额不足5亿,2026-01-15
600785,2026-01,新华百货,封单金额不足5亿,2026-01-15
603056,2026-01,德邦股份,昨日已涨停,2026-01-16
600058,2026-01,五矿发展,封单金额不足5亿,2026-01-16
002028,2026-01,思源电气,封单金额不足5亿,2026-01-16
600841,2026-01,动力新科,封单金额不足5亿,2026-01-16
002498,2026-01,汉缆股份,封单金额不足5亿,2026-01-19
002358,2026-01,森源电气,封单金额不足5亿,2026-01-19
002112,2026-01,三变科技,封单金额不足5亿,2026-01-19
002931,2026-01,锋龙股份,昨日已涨停,2026-01-20
002498,2026-01,汉缆股份,封单金额不足5亿,2026-01-20
002358,2026-01,森源电气,封单金额不足5亿,2026-01-20
600986,2026-01,浙文互联,封单金额不足5亿,2026-01-20
002931,2026-01,锋龙股份,昨日已涨停,2026-01-21
000670,2026-01,盈方微,昨日已涨停,2026-01-21
603078,2026-01,江化微,封单金额不足5亿,2026-01-21
002279,2026-01,久其软件,封单金额不足5亿,2026-01-21
301031,2026-01,中熔电气,封单金额不足5亿,2026-01-21
301023,2026-01,奕帆传动,封单金额不足5亿,2026-01-21
002876,2026-01,三利谱,封单金额不足5亿,2026-01-21
002165,2026-01,红 宝 丽,封单金额不足5亿,2026-01-21
002931,2026-01,锋龙股份,昨日已涨停,2026-01-22
000670,2026-01,盈方微,昨日已涨停,2026-01-22
603078,2026-01,江化微,封单金额不足5亿,2026-01-22
002636,2026-01,金安国纪,封单金额不足5亿,2026-01-22
000880,2026-01,潍柴重机,封单金额不足5亿,2026-01-22
603778,2026-01,国晟科技,封单金额不足5亿,2026-01-22
002931,2026-01,锋龙股份,封单金额不足5亿,2026-01-23
002943,2026-01,宇晶股份,封单金额不足5亿,2026-01-23
002471,2026-01,中超控股,封单金额不足5亿,2026-01-23
600481,2026-01,双良节能,封单金额不足5亿,2026-01-23
603078,2026-01,江化微,封单金额不足5亿,2026-01-23
601615,2026-01,明阳智能,昨日已涨停,2026-01-26
002218,2026-01,拓日新能,封单金额不足5亿,2026-01-26
600531,2026-01,豫光金铅,封单金额不足5亿,2026-01-26
600986,2026-01,浙文互联,封单金额不足5亿,2026-01-26
002506,2026-01,协鑫集成,封单金额不足5亿,2026-01-26
603331,2026-01,百达精工,封单金额不足5亿,2026-01-26
603271,2026-01,永杰新材,封单金额不足5亿,2026-01-26
603045,2026-01,福达合金,封单金额不足5亿,2026-01-26
002995,2026-01,天地在线,封单金额不足5亿,2026-01-26
002155,2026-01,湖南黄金,昨日已涨停,2026-01-27
002291,2026-01,遥望科技,封单金额不足5亿,2026-01-27
002155,2026-01,湖南黄金,昨日已涨停,2026-01-28
600916,2026-01,中国黄金,昨日已涨停,2026-01-28
000620,2026-01,盈新发展,封单金额不足5亿,2026-01-28
000815,2026-01,美利云,封单金额不足5亿,2026-01-28
001376,2026-01,百通能源,封单金额不足5亿,2026-01-28
002155,2026-01,湖南黄金,昨日已涨停,2026-01-29
600916,2026-01,中国黄金,昨日已涨停,2026-01-29
600499,2026-01,科达制造,封单金额不足5亿,2026-01-29
601069,2026-01,西部黄金,封单金额不足5亿,2026-01-29
600871,2026-01,石化油服,封单金额不足5亿,2026-01-29
000813,2026-01,德展健康,封单金额不足5亿,2026-01-29
601388,2026-01,怡球资源,封单金额不足5亿,2026-01-29
002455,2026-01,百川股份,封单金额不足5亿,2026-01-29
600084,2026-01,中信尼雅,封单金额不足5亿,2026-01-29
000506,2026-01,招金黄金,封单金额不足5亿,2026-01-29
688583,2026-01,思看科技,封单金额不足5亿,2026-01-30
603172,2026-01,万丰股份,封单金额不足5亿,2026-01-30
600395,2026-01,盘江股份,封单金额不足5亿,2026-01-30
600084,2026-01,中信尼雅,封单金额不足5亿,2026-01-30
002155,2026-01,湖南黄金,封单金额不足5亿,2026-01-30
603618,2026-02,杭电股份,封单金额不足5亿,2026-02-02
002112,2026-02,三变科技,封单金额不足5亿,2026-02-02
000533,2026-02,顺钠股份,封单金额不足5亿,2026-02-02
603172,2026-02,万丰股份,封单金额不足5亿,2026-02-02
603103,2026-02,横店影视,封单金额不足5亿,2026-02-02
002780,2026-02,三夫户外,封单金额不足5亿,2026-02-02
301362,2026-02,民爆光电,封单金额不足5亿,2026-02-03
603618,2026-02,杭电股份,封单金额不足5亿,2026-02-03
603172,2026-02,万丰股份,封单金额不足5亿,2026-02-03
600266,2026-02,城建发展,封单金额不足5亿,2026-02-03
603103,2026-02,横店影视,封单金额不足5亿,2026-02-03
600683,2026-02,京投发展,封单金额不足5亿,2026-02-03
000856,2026-02,冀东装备,封单金额不足5亿,2026-02-03
600149,2026-02,廊坊发展,封单金额不足5亿,2026-02-03
301362,2026-02,民爆光电,昨日已涨停,2026-02-04
002342,2026-02,巨力索具,封单金额不足5亿,2026-02-04
603616,2026-02,韩建河山,封单金额不足5亿,2026-02-04
300912,2026-02,凯龙高科,封单金额不足5亿,2026-02-04
600481,2026-02,双良节能,封单金额不足5亿,2026-02-04
000070,2026-02,特发信息,封单金额不足5亿,2026-02-04
300912,2026-02,凯龙高科,封单金额不足5亿,2026-02-05
603616,2026-02,韩建河山,封单金额不足5亿,2026-02-05
601015,2026-02,陕西黑猫,封单金额不足5亿,2026-02-05
002830,2026-02,名雕股份,封单金额不足5亿,2026-02-06
300912,2026-02,凯龙高科,封单金额不足5亿,2026-02-06
003018,2026-02,金富科技,封单金额不足5亿,2026-02-06
600814,2026-02,杭州解百,封单金额不足5亿,2026-02-06
002728,2026-02,特一药业,封单金额不足5亿,2026-02-06
603616,2026-02,韩建河山,封单金额不足5亿,2026-02-06
600884,2026-02,杉杉股份,昨日已涨停,2026-02-09
603533,2026-02,掌阅科技,封单金额不足5亿,2026-02-09
300912,2026-02,凯龙高科,封单金额不足5亿,2026-02-09
603980,2026-02,吉华集团,封单金额不足5亿,2026-02-09
605287,2026-02,德才股份,封单金额不足5亿,2026-02-09
002455,2026-02,百川股份,封单金额不足5亿,2026-02-09
001330,2026-02,博纳影业,封单金额不足5亿,2026-02-09
601595,2026-02,上海电影,封单金额不足5亿,2026-02-09
002429,2026-02,兆驰股份,封单金额不足5亿,2026-02-09
603729,2026-02,龙韵股份,封单金额不足5亿,2026-02-09
003018,2026-02,金富科技,封单金额不足5亿,2026-02-09
301231,2026-02,荣信文化,封单金额不足5亿,2026-02-09
000892,2026-02,欢瑞世纪,封单金额不足5亿,2026-02-09
002624,2026-02,完美世界,封单金额不足5亿,2026-02-09
600586,2026-02,金晶科技,封单金额不足5亿,2026-02-09
603466,2026-02,风语筑,封单金额不足5亿,2026-02-09
000014,2026-02,沙河股份,封单金额不足5亿,2026-02-09
301262,2026-02,海看股份,封单金额不足5亿,2026-02-09
002099,2026-02,海翔药业,封单金额不足5亿,2026-02-09
603533,2026-02,掌阅科技,昨日已涨停,2026-02-10
600589,2026-02,大位科技,封单金额不足5亿,2026-02-10
000892,2026-02,欢瑞世纪,封单金额不足5亿,2026-02-10
605287,2026-02,德才股份,封单金额不足5亿,2026-02-10
002455,2026-02,百川股份,封单金额不足5亿,2026-02-10
603980,2026-02,吉华集团,封单金额不足5亿,2026-02-10
002429,2026-02,兆驰股份,封单金额不足5亿,2026-02-10
301231,2026-02,荣信文化,封单金额不足5亿,2026-02-10
603729,2026-02,龙韵股份,封单金额不足5亿,2026-02-10
002723,2026-02,小崧股份,封单金额不足5亿,2026-02-10
603533,2026-02,掌阅科技,昨日已涨停,2026-02-11
600589,2026-02,大位科技,封单金额不足5亿,2026-02-11
000070,2026-02,特发信息,封单金额不足5亿,2026-02-11
001896,2026-02,豫能控股,封单金额不足5亿,2026-02-11
603729,2026-02,龙韵股份,封单金额不足5亿,2026-02-11
001217,2026-02,华尔泰,封单金额不足5亿,2026-02-11
000892,2026-02,欢瑞世纪,封单金额不足5亿,2026-02-11
002723,2026-02,小崧股份,封单金额不足5亿,2026-02-11
605287,2026-02,德才股份,封单金额不足5亿,2026-02-11
603533,2026-02,掌阅科技,昨日已涨停,2026-02-12
001896,2026-02,豫能控股,封单金额不足5亿,2026-02-12
600589,2026-02,大位科技,封单金额不足5亿,2026-02-12
605033,2026-02,美邦股份,封单金额不足5亿,2026-02-12
600821,2026-02,金开新能,封单金额不足5亿,2026-02-12
600397,2026-02,江钨装备,封单金额不足5亿,2026-02-12
002272,2026-02,川润股份,封单金额不足5亿,2026-02-12
000070,2026-02,特发信息,封单金额不足5亿,2026-02-12
603138,2026-02,海量数据,封单金额不足5亿,2026-02-12
603757,2026-02,大元泵业,封单金额不足5亿,2026-02-12
605033,2026-02,美邦股份,封单金额不足5亿,2026-02-13
000839,2026-02,国安股份,封单金额不足5亿,2026-02-13
001896,2026-02,豫能控股,封单金额不足5亿,2026-02-13
605033,2026-02,美邦股份,封单金额不足5亿,2026-02-24
000636,2026-02,风华高科,封单金额不足5亿,2026-02-24
001896,2026-02,豫能控股,封单金额不足5亿,2026-02-24
601872,2026-02,招商轮船,封单金额不足5亿,2026-02-24
600078,2026-02,澄星股份,封单金额不足5亿,2026-02-25
002725,2026-02,跃岭股份,封单金额不足5亿,2026-02-25
002470,2026-02,金正大,封单金额不足5亿,2026-02-26
600078,2026-02,澄星股份,封单金额不足5亿,2026-02-26
000546,2026-02,金圆股份,封单金额不足5亿,2026-02-26
603232,2026-02,格尔软件,封单金额不足5亿,2026-02-27
000035,2026-02,中国天楹,封单金额不足5亿,2026-02-27
002843,2026-02,泰嘉股份,封单金额不足5亿,2026-02-27
301302,2026-03,华如科技,封单金额不足5亿,2026-03-02
600722,2026-03,金牛化工,封单金额不足5亿,2026-03-02
601975,2026-03,招商南油,封单金额不足5亿,2026-03-02
300164,2026-03,通源石油,封单金额不足5亿,2026-03-02
600871,2026-03,石化油服,封单金额不足5亿,2026-03-02
603619,2026-03,中曼石油,封单金额不足5亿,2026-03-02
600108,2026-03,亚盛集团,封单金额不足5亿,2026-03-02
600714,2026-03,金瑞矿业,封单金额不足5亿,2026-03-02
002980,2026-03,华盛昌,封单金额不足5亿,2026-03-02
000554,2026-03,泰山石油,封单金额不足5亿,2026-03-02
002490,2026-03,山东墨龙,封单金额不足5亿,2026-03-02
600026,2026-03,中远海能,封单金额不足5亿,2026-03-02
002207,2026-03,准油股份,封单金额不足5亿,2026-03-02
600339,2026-03,中油工程,封单金额不足5亿,2026-03-02
000035,2026-03,中国天楹,封单金额不足5亿,2026-03-02
600367,2026-03,红星发展,封单金额不足5亿,2026-03-02
002828,2026-03,贝肯能源,封单金额不足5亿,2026-03-02
603488,2026-03,展鹏科技,封单金额不足5亿,2026-03-02
002109,2026-03,兴化股份,封单金额不足5亿,2026-03-02
601808,2026-03,中海油服,封单金额不足5亿,2026-03-02
600759,2026-03,洲际油气,昨日已涨停,2026-03-03
601975,2026-03,招商南油,昨日已涨停,2026-03-03
600871,2026-03,石化油服,封单金额不足5亿,2026-03-03
002490,2026-03,山东墨龙,封单金额不足5亿,2026-03-03
603318,2026-03,水发燃气,封单金额不足5亿,2026-03-03
002207,2026-03,准油股份,封单金额不足5亿,2026-03-03
000407,2026-03,胜利股份,封单金额不足5亿,2026-03-03
600722,2026-03,金牛化工,封单金额不足5亿,2026-03-03
000554,2026-03,泰山石油,封单金额不足5亿,2026-03-03
000968,2026-03,蓝焰控股,封单金额不足5亿,2026-03-03
002957,2026-03,科瑞技术,封单金额不足5亿,2026-03-03
600714,2026-03,金瑞矿业,封单金额不足5亿,2026-03-03
002980,2026-03,华盛昌,封单金额不足5亿,2026-03-03
600759,2026-03,洲际油气,昨日已涨停,2026-03-04
002490,2026-03,山东墨龙,封单金额不足5亿,2026-03-04
603318,2026-03,水发燃气,封单金额不足5亿,2026-03-04
600871,2026-03,石化油服,封单金额不足5亿,2026-03-04
002498,2026-03,汉缆股份,封单金额不足5亿,2026-03-05
605268,2026-03,王力安防,封单金额不足5亿,2026-03-05
000533,2026-03,顺钠股份,封单金额不足5亿,2026-03-05
002429,2026-03,兆驰股份,封单金额不足5亿,2026-03-05
300323,2026-03,华灿光电,封单金额不足5亿,2026-03-05
600545,2026-03,卓郎智能,封单金额不足5亿,2026-03-05
002877,2026-03,智能自控,封单金额不足5亿,2026-03-05
002449,2026-03,国星光电,封单金额不足5亿,2026-03-05
605268,2026-03,王力安防,昨日已涨停,2026-03-06
000533,2026-03,顺钠股份,封单金额不足5亿,2026-03-06
601567,2026-03,三星医疗,封单金额不足5亿,2026-03-06
605268,2026-03,王力安防,昨日已涨停,2026-03-09
600821,2026-03,金开新能,昨日已涨停,2026-03-09
002445,2026-03,中南文化,封单金额不足5亿,2026-03-09
601789,2026-03,宁波建工,封单金额不足5亿,2026-03-09
600227,2026-03,赤天化,封单金额不足5亿,2026-03-09
605268,2026-03,王力安防,昨日已涨停,2026-03-10
002445,2026-03,中南文化,封单金额不足5亿,2026-03-10
601789,2026-03,宁波建工,封单金额不足5亿,2026-03-10
000537,2026-03,绿发电力,封单金额不足5亿,2026-03-10
603803,2026-03,瑞斯康达,封单金额不足5亿,2026-03-10
002445,2026-03,中南文化,封单金额不足5亿,2026-03-11
002455,2026-03,百川股份,封单金额不足5亿,2026-03-11
603803,2026-03,瑞斯康达,封单金额不足5亿,2026-03-11
601700,2026-03,风范股份,封单金额不足5亿,2026-03-11
000839,2026-03,国安股份,封单金额不足5亿,2026-03-11
002248,2026-03,华东数控,封单金额不足5亿,2026-03-11
002445,2026-03,中南文化,封单金额不足5亿,2026-03-12
000420,2026-03,吉林化纤,封单金额不足5亿,2026-03-12
688295,2026-03,中复神鹰,封单金额不足5亿,2026-03-12
600370,2026-03,三房巷,封单金额不足5亿,2026-03-12
002254,2026-03,泰和新材,封单金额不足5亿,2026-03-12
002445,2026-03,中南文化,封单金额不足5亿,2026-03-13
603929,2026-03,亚翔集成,封单金额不足5亿,2026-03-13
600121,2026-03,郑州煤电,封单金额不足5亿,2026-03-13
000677,2026-03,恒天海龙,封单金额不足5亿,2026-03-13
600691,2026-03,潞化科技,封单金额不足5亿,2026-03-13
000617,2026-03,中油资本,封单金额不足5亿,2026-03-16
600396,2026-03,华电辽能,封单金额不足5亿,2026-03-16
002086,2026-03,东方海洋,封单金额不足5亿,2026-03-16
000020,2026-03,深华发Ａ,封单金额不足5亿,2026-03-17
002565,2026-03,顺灏股份,封单金额不足5亿,2026-03-17
605277,2026-03,新亚电子,封单金额不足5亿,2026-03-17
000020,2026-03,深华发Ａ,昨日已涨停,2026-03-18
000601,2026-03,韶能股份,封单金额不足5亿,2026-03-18
600396,2026-03,华电辽能,封单金额不足5亿,2026-03-18
000539,2026-03,粤电力Ａ,封单金额不足5亿,2026-03-18
000020,2026-03,深华发Ａ,昨日已涨停,2026-03-19
000601,2026-03,韶能股份,封单金额不足5亿,2026-03-19
603687,2026-03,大胜达,封单金额不足5亿,2026-03-19
002109,2026-03,兴化股份,封单金额不足5亿,2026-03-19
000020,2026-03,深华发Ａ,昨日已涨停,2026-03-20
603687,2026-03,大胜达,封单金额不足5亿,2026-03-20
000677,2026-03,恒天海龙,封单金额不足5亿,2026-03-20
002309,2026-03,中利集团,封单金额不足5亿,2026-03-23
300385,2026-03,雪浪环境,封单金额不足5亿,2026-03-23
603687,2026-03,大胜达,封单金额不足5亿,2026-03-23
002309,2026-03,中利集团,封单金额不足5亿,2026-03-24
000720,2026-03,新能泰山,封单金额不足5亿,2026-03-24
603759,2026-03,海天股份,封单金额不足5亿,2026-03-24
600666,2026-03,奥瑞德,封单金额不足5亿,2026-03-25
002902,2026-03,铭普光磁,封单金额不足5亿,2026-03-25
000720,2026-03,新能泰山,封单金额不足5亿,2026-03-25
600758,2026-03,辽宁能源,封单金额不足5亿,2026-03-25
000722,2026-03,湖南发展,封单金额不足5亿,2026-03-25
000859,2026-03,国风新材,封单金额不足5亿,2026-03-25
000889,2026-03,中嘉博创,封单金额不足5亿,2026-03-25
002471,2026-03,中超控股,封单金额不足5亿,2026-03-26
000720,2026-03,新能泰山,封单金额不足5亿,2026-03-26
600163,2026-03,中闽能源,封单金额不足5亿,2026-03-26
000965,2026-03,天保基建,封单金额不足5亿,2026-03-26
000720,2026-03,新能泰山,封单金额不足5亿,2026-03-27
600310,2026-03,广西能源,封单金额不足5亿,2026-03-27
600996,2026-03,贵广网络,封单金额不足5亿,2026-03-27
002160,2026-03,常铝股份,封单金额不足5亿,2026-03-30
301008,2026-03,宏昌科技,封单金额不足5亿,2026-03-30
002578,2026-03,闽发铝业,封单金额不足5亿,2026-03-30
002675,2026-03,东诚药业,封单金额不足5亿,2026-03-30
002810,2026-03,山东赫达,封单金额不足5亿,2026-03-30
688693,2026-03,锴威特,封单金额不足5亿,2026-03-30
000631,2026-03,顺发恒能,封单金额不足5亿,2026-03-31
002902,2026-04,铭普光磁,封单金额不足5亿,2026-04-01
600249,2026-04,两面针,封单金额不足5亿,2026-04-01
300834,2026-04,星辉环材,封单金额不足5亿,2026-04-01
002269,2026-04,美邦服饰,封单金额不足5亿,2026-04-01
600488,2026-04,津药药业,封单金额不足5亿,2026-04-02
000950,2026-04,重药控股,封单金额不足5亿,2026-04-02
000788,2026-04,北大医药,封单金额不足5亿,2026-04-02
000586,2026-04,汇源通信,封单金额不足5亿,2026-04-03
603123,2026-04,翠微股份,封单金额不足5亿,2026-04-03
000586,2026-04,汇源通信,封单金额不足5亿,2026-04-07
000890,2026-04,法尔胜,封单金额不足5亿,2026-04-07
300821,2026-04,东岳硅材,封单金额不足5亿,2026-04-07
603327,2026-04,福蓉科技,封单金额不足5亿,2026-04-07
603950,2026-04,长源东谷,封单金额不足5亿,2026-04-08
000586,2026-04,汇源通信,封单金额不足5亿,2026-04-08
600126,2026-04,杭钢股份,封单金额不足5亿,2026-04-08
002902,2026-04,铭普光磁,封单金额不足5亿,2026-04-08
603538,2026-04,美诺华,封单金额不足5亿,2026-04-08
002051,2026-04,中工国际,封单金额不足5亿,2026-04-08
600721,2026-04,百花医药,封单金额不足5亿,2026-04-08
601069,2026-04,西部黄金,封单金额不足5亿,2026-04-08
002928,2026-04,华夏航空,封单金额不足5亿,2026-04-08
002478,2026-04,常宝股份,封单金额不足5亿,2026-04-08
603950,2026-04,长源东谷,封单金额不足5亿,2026-04-09
603777,2026-04,来伊份,封单金额不足5亿,2026-04-09
605189,2026-04,富春染织,封单金额不足5亿,2026-04-09
002364,2026-04,中恒电气,昨日已涨停,2026-04-10
603950,2026-04,长源东谷,封单金额不足5亿,2026-04-10
600103,2026-04,青山纸业,封单金额不足5亿,2026-04-10
603933,2026-04,睿能科技,封单金额不足5亿,2026-04-10
001269,2026-04,欧晶科技,封单金额不足5亿,2026-04-10
000889,2026-04,中嘉博创,封单金额不足5亿,2026-04-10
000626,2026-04,远大控股,封单金额不足5亿,2026-04-10
002364,2026-04,中恒电气,昨日已涨停,2026-04-13
000791,2026-04,甘肃能源,封单金额不足5亿,2026-04-13
002439,2026-04,启明星辰,封单金额不足5亿,2026-04-13
002297,2026-04,博云新材,昨日已涨停,2026-04-14
002023,2026-04,海特高新,封单金额不足5亿,2026-04-14
002885,2026-04,京泉华,封单金额不足5亿,2026-04-14
000967,2026-04,盈峰环境,封单金额不足5亿,2026-04-14
002297,2026-04,博云新材,昨日已涨停,2026-04-15
002468,2026-04,申通快递,封单金额不足5亿,2026-04-15
603687,2026-04,大胜达,封单金额不足5亿,2026-04-15
603920,2026-04,世运电路,封单金额不足5亿,2026-04-16
002297,2026-04,博云新材,封单金额不足5亿,2026-04-16
300027,2026-04,华谊兄弟,封单金额不足5亿,2026-04-16
002726,2026-04,龙大美食,封单金额不足5亿,2026-04-16
600961,2026-04,株冶集团,昨日已涨停,2026-04-17
600330,2026-04,天通股份,封单金额不足5亿,2026-04-17
600961,2026-04,株冶集团,昨日已涨停,2026-04-20
600330,2026-04,天通股份,封单金额不足5亿,2026-04-20
002418,2026-04,康盛股份,封单金额不足5亿,2026-04-20
002217,2026-04,合力泰,封单金额不足5亿,2026-04-20
002843,2026-04,泰嘉股份,封单金额不足5亿,2026-04-20
600961,2026-04,株冶集团,昨日已涨停,2026-04-21
002565,2026-04,顺灏股份,封单金额不足5亿,2026-04-21
000802,2026-04,北京文化,封单金额不足5亿,2026-04-21
002752,2026-04,昇兴股份,封单金额不足5亿,2026-04-21
603017,2026-04,中衡设计,封单金额不足5亿,2026-04-21
301022,2026-04,海泰科,封单金额不足5亿,2026-04-21
300067,2026-04,安诺其,昨日已涨停,2026-04-22
002081,2026-04,金 螳 螂,封单金额不足5亿,2026-04-22
002194,2026-04,武汉凡谷,封单金额不足5亿,2026-04-22
300067,2026-04,安诺其,昨日已涨停,2026-04-23
600736,2026-04,苏州高新,封单金额不足5亿,2026-04-23
603318,2026-04,水发燃气,封单金额不足5亿,2026-04-23
002606,2026-04,大连电瓷,封单金额不足5亿,2026-04-23
300590,2026-04,移为通信,封单金额不足5亿,2026-04-23
603315,2026-04,福鞍股份,封单金额不足5亿,2026-04-23
603390,2026-04,通达电气,封单金额不足5亿,2026-04-23
300721,2026-04,怡达股份,封单金额不足5亿,2026-04-23
000925,2026-04,众合科技,封单金额不足5亿,2026-04-24
600770,2026-04,综艺股份,封单金额不足5亿,2026-04-24
603318,2026-04,水发燃气,封单金额不足5亿,2026-04-24
603066,2026-04,音飞储存,封单金额不足5亿,2026-04-24
002290,2026-04,禾盛新材,封单金额不足5亿,2026-04-24
000925,2026-04,众合科技,封单金额不足5亿,2026-04-27
002902,2026-04,铭普光磁,封单金额不足5亿,2026-04-27
301500,2026-04,飞南资源,封单金额不足5亿,2026-04-27
001332,2026-04,锡装股份,封单金额不足5亿,2026-04-27
002154,2026-04,报 喜 鸟,封单金额不足5亿,2026-04-27
001266,2026-04,宏英智能,封单金额不足5亿,2026-04-28
301261,2026-04,恒工精密,封单金额不足5亿,2026-04-28
300905,2026-04,宝丽迪,封单金额不足5亿,2026-04-28
002218,2026-04,拓日新能,封单金额不足5亿,2026-04-28
603317,2026-04,天味食品,封单金额不足5亿,2026-04-28
603272,2026-04,联翔股份,封单金额不足5亿,2026-04-28
688531,2026-04,日联科技,封单金额不足5亿,2026-04-29
300632,2026-04,光莆股份,封单金额不足5亿,2026-04-29
002354,2026-04,天娱数科,封单金额不足5亿,2026-04-29
000402,2026-04,金 融 街,封单金额不足5亿,2026-04-29
001266,2026-04,宏英智能,封单金额不足5亿,2026-04-29
002111,2026-04,威海广泰,封单金额不足5亿,2026-04-29
603399,2026-04,永杉锂业,封单金额不足5亿,2026-04-30
603095,2026-04,越剑智能,封单金额不足5亿,2026-04-30
603045,2026-04,福达合金,封单金额不足5亿,2026-04-30
002640,2026-04,跨境通,封单金额不足5亿,2026-04-30
300632,2026-04,光莆股份,封单金额不足5亿,2026-04-30
001218,2026-04,丽臣实业,封单金额不足5亿,2026-04-30
002591,2026-04,恒大高新,封单金额不足5亿,2026-04-30
000553,2026-04,安道麦A,封单金额不足5亿,2026-04-30
000066,2026-05,中国长城,昨日已涨停,2026-05-06
601991,2026-05,大唐发电,封单金额不足5亿,2026-05-06
603399,2026-05,永杉锂业,封单金额不足5亿,2026-05-06
000620,2026-05,盈新发展,封单金额不足5亿,2026-05-06
688069,2026-05,德林海,封单金额不足5亿,2026-05-06
002290,2026-05,禾盛新材,封单金额不足5亿,2026-05-06
603045,2026-05,福达合金,封单金额不足5亿,2026-05-06
600673,2026-05,东阳光,昨日已涨停,2026-05-07
002491,2026-05,通鼎互联,封单金额不足5亿,2026-05-07
603045,2026-05,福达合金,封单金额不足5亿,2026-05-07
300807,2026-05,天迈科技,封单金额不足5亿,2026-05-07
688069,2026-05,德林海,封单金额不足5亿,2026-05-07
002624,2026-05,完美世界,封单金额不足5亿,2026-05-08
002317,2026-05,众生药业,封单金额不足5亿,2026-05-08
601991,2026-05,大唐发电,封单金额不足5亿,2026-05-08
603738,2026-05,泰晶科技,封单金额不足5亿,2026-05-08
002929,2026-05,润建股份,封单金额不足5亿,2026-05-08
000839,2026-05,国安股份,封单金额不足5亿,2026-05-08
603636,2026-05,南威软件,封单金额不足5亿,2026-05-08
603045,2026-05,福达合金,封单金额不足5亿,2026-05-08
300449,2026-05,汉邦高科,封单金额不足5亿,2026-05-11
603459,2026-05,红板科技,封单金额不足5亿,2026-05-11
600172,2026-05,黄河旋风,封单金额不足5亿,2026-05-11
002491,2026-05,通鼎互联,封单金额不足5亿,2026-05-11
603045,2026-05,福达合金,封单金额不足5亿,2026-05-11
002918,2026-05,蒙娜丽莎,封单金额不足5亿,2026-05-11
603311,2026-05,金海高科,封单金额不足5亿,2026-05-11
300449,2026-05,汉邦高科,封单金额不足5亿,2026-05-12
603052,2026-05,可川科技,封单金额不足5亿,2026-05-12
300959,2026-05,线上线下,封单金额不足5亿,2026-05-12
002918,2026-05,蒙娜丽莎,封单金额不足5亿,2026-05-12
603007,2026-05,顺景科技,封单金额不足5亿,2026-05-12
001259,2026-05,利仁科技,封单金额不足5亿,2026-05-12
600530,2026-05,交大昂立,封单金额不足5亿,2026-05-12
603311,2026-05,金海高科,封单金额不足5亿,2026-05-12
300965,2026-05,恒宇信通,封单金额不足5亿,2026-05-13
603779,2026-05,威龙股份,封单金额不足5亿,2026-05-13
001259,2026-05,利仁科技,封单金额不足5亿,2026-05-13
603007,2026-05,顺景科技,封单金额不足5亿,2026-05-13
603052,2026-05,可川科技,封单金额不足5亿,2026-05-13
603070,2026-05,万控智造,封单金额不足5亿,2026-05-13
603126,2026-05,中材节能,封单金额不足5亿,2026-05-13
600156,2026-05,华升股份,封单金额不足5亿,2026-05-13
002777,2026-05,久远银海,封单金额不足5亿,2026-05-13
603779,2026-05,威龙股份,封单金额不足5亿,2026-05-14
002309,2026-05,中利集团,封单金额不足5亿,2026-05-14
003018,2026-05,金富科技,封单金额不足5亿,2026-05-14
001259,2026-05,利仁科技,封单金额不足5亿,2026-05-14
603007,2026-05,花王股份,封单金额不足5亿,2026-05-14
600156,2026-05,华升股份,封单金额不足5亿,2026-05-14
603118,2026-05,共进股份,封单金额不足5亿,2026-05-14
600578,2026-05,京能电力,封单金额不足5亿,2026-05-14
603052,2026-05,可川科技,封单金额不足5亿,2026-05-14
603779,2026-05,威龙股份,封单金额不足5亿,2026-05-15
001259,2026-05,利仁科技,封单金额不足5亿,2026-05-15
002915,2026-05,中欣氟材,封单金额不足5亿,2026-05-15
601678,2026-05,滨化股份,封单金额不足5亿,2026-05-15
002918,2026-05,蒙娜丽莎,封单金额不足5亿,2026-05-15
603779,2026-05,威龙股份,封单金额不足5亿,2026-05-18
000417,2026-05,合百集团,封单金额不足5亿,2026-05-18
000672,2026-05,上峰材料,封单金额不足5亿,2026-05-18
001259,2026-05,利仁科技,封单金额不足5亿,2026-05-18
603779,2026-05,威龙股份,封单金额不足5亿,2026-05-19
002421,2026-05,达实智能,封单金额不足5亿,2026-05-19
000417,2026-05,合百集团,封单金额不足5亿,2026-05-19
600506,2026-05,统一股份,封单金额不足5亿,2026-05-19
002067,2026-05,景兴纸业,封单金额不足5亿,2026-05-19
603779,2026-05,威龙股份,昨日已涨停,2026-05-20
301322,2026-05,绿通科技,封单金额不足5亿,2026-05-20
002272,2026-05,川润股份,封单金额不足5亿,2026-05-20
002421,2026-05,达实智能,封单金额不足5亿,2026-05-20
600604,2026-05,市北高新,封单金额不足5亿,2026-05-20
000809,2026-05,和展能源,封单金额不足5亿,2026-05-20
300069,2026-05,金利华电,封单金额不足5亿,2026-05-21
603779,2026-05,威龙股份,封单金额不足5亿,2026-05-21
000536,2026-05,华映科技,封单金额不足5亿,2026-05-21
300069,2026-05,金利华电,封单金额不足5亿,2026-05-22
600611,2026-05,大众交通,封单金额不足5亿,2026-05-22
603661,2026-05,恒林股份,封单金额不足5亿,2026-05-22
603232,2026-05,格尔软件,封单金额不足5亿,2026-05-22
000636,2026-05,风华高科,昨日已涨停,2026-05-25
002938,2026-05,鹏鼎控股,封单金额不足5亿,2026-05-25
300275,2026-05,梅安森,封单金额不足5亿,2026-05-25
002526,2026-05,山东矿机,封单金额不足5亿,2026-05-25
000409,2026-05,云鼎科技,封单金额不足5亿,2026-05-25
603661,2026-05,恒林股份,封单金额不足5亿,2026-05-25
600539,2026-05,狮头股份,封单金额不足5亿,2026-05-25
002185,2026-05,华天科技,昨日已涨停,2026-05-26
600520,2026-05,三佳科技,封单金额不足5亿,2026-05-26
002388,2026-05,新亚制程,封单金额不足5亿,2026-05-26
300795,2026-05,米奥会展,封单金额不足5亿,2026-05-26
600162,2026-05,香江控股,封单金额不足5亿,2026-05-26
002579,2026-05,中京电子,封单金额不足5亿,2026-05-27
603533,2026-05,掌阅科技,封单金额不足5亿,2026-05-27
600589,2026-05,大位科技,封单金额不足5亿,2026-05-28
000509,2026-05,华塑控股,封单金额不足5亿,2026-05-28
600726,2026-05,华电能源,封单金额不足5亿,2026-05-28
600063,2026-05,皖维高新,封单金额不足5亿,2026-05-28
002995,2026-05,天地在线,封单金额不足5亿,2026-05-28
002688,2026-05,金河生物,封单金额不足5亿,2026-05-28
301439,2026-05,泓淋电力,封单金额不足5亿,2026-05-29
605277,2026-05,新亚电子,封单金额不足5亿,2026-05-29
002806,2026-05,华锋股份,封单金额不足5亿,2026-05-29
603890,2026-06,春秋电子,昨日已涨停,2026-06-01
002426,2026-06,胜利精密,封单金额不足5亿,2026-06-01
300956,2026-06,英力股份,封单金额不足5亿,2026-06-01
300197,2026-06,节能铁汉,封单金额不足5亿,2026-06-01
000539,2026-06,粤电力A,封单金额不足5亿,2026-06-01
603890,2026-06,春秋电子,昨日已涨停,2026-06-02
600403,2026-06,大有能源,封单金额不足5亿,2026-06-02
600255,2026-06,鑫科材料,封单金额不足5亿,2026-06-03
600688,2026-06,上海石化,封单金额不足5亿,2026-06-03
301366,2026-06,一博科技,封单金额不足5亿,2026-06-03
603330,2026-06,天洋新材,封单金额不足5亿,2026-06-03
600688,2026-06,上海石化,封单金额不足5亿,2026-06-04
600403,2026-06,大有能源,封单金额不足5亿,2026-06-04
300897,2026-06,山科智能,封单金额不足5亿,2026-06-04
603500,2026-06,祥和实业,封单金额不足5亿,2026-06-05
603888,2026-06,新华网,封单金额不足5亿,2026-06-05
002354,2026-06,天娱数科,封单金额不足5亿,2026-06-05
603616,2026-06,韩建河山,封单金额不足5亿,2026-06-08
603065,2026-06,宿迁联盛,封单金额不足5亿,2026-06-09
002669,2026-06,康达新材,封单金额不足5亿,2026-06-09
603616,2026-06,韩建河山,封单金额不足5亿,2026-06-09
605081,2026-06,退市太和,封单金额不足5亿,2026-06-09
605589,2026-06,圣泉集团,封单金额不足5亿,2026-06-10
002971,2026-06,和远气体,封单金额不足5亿,2026-06-10
603065,2026-06,宿迁联盛,封单金额不足5亿,2026-06-10
600500,2026-06,中化国际,封单金额不足5亿,2026-06-10
002757,2026-06,南兴股份,封单金额不足5亿,2026-06-10
600141,2026-06,兴发集团,封单金额不足5亿,2026-06-11
600500,2026-06,中化国际,封单金额不足5亿,2026-06-11
600378,2026-06,昊华科技,封单金额不足5亿,2026-06-11
002971,2026-06,和远气体,封单金额不足5亿,2026-06-11
603065,2026-06,宿迁联盛,封单金额不足5亿,2026-06-11
301580,2026-06,爱迪特,封单金额不足5亿,2026-06-11
000631,2026-06,顺发恒能,封单金额不足5亿,2026-06-11
002203,2026-06,海亮股份,封单金额不足5亿,2026-06-11
601958,2026-06,金钼股份,昨日已涨停,2026-06-12
000768,2026-06,中航西飞,封单金额不足5亿,2026-06-12
001257,2026-06,盛龙股份,封单金额不足5亿,2026-06-12
603065,2026-06,宿迁联盛,封单金额不足5亿,2026-06-12
603335,2026-06,迪生力,封单金额不足5亿,2026-06-12
601872,2026-06,招商轮船,封单金额不足5亿,2026-06-15
601975,2026-06,招商南油,封单金额不足5亿,2026-06-15
603335,2026-06,迪生力,封单金额不足5亿,2026-06-15
000510,2026-06,新金路,封单金额不足5亿,2026-06-15
600026,2026-06,中远海能,封单金额不足5亿,2026-06-15
603738,2026-06,泰晶科技,封单金额不足5亿,2026-06-15
600110,2026-06,诺德股份,昨日已涨停,2026-06-16
600353,2026-06,旭光电子,昨日已涨停,2026-06-16
000777,2026-06,中核科技,封单金额不足5亿,2026-06-16
002741,2026-06,光华科技,封单金额不足5亿,2026-06-16
002160,2026-06,常铝股份,封单金额不足5亿,2026-06-16
002735,2026-06,王子新材,封单金额不足5亿,2026-06-16
002449,2026-06,国星光电,封单金额不足5亿,2026-06-16
605198,2026-06,安德利,封单金额不足5亿,2026-06-16
600110,2026-06,诺德股份,昨日已涨停,2026-06-17
000811,2026-06,冰轮环境,封单金额不足5亿,2026-06-17
601636,2026-06,旗滨集团,封单金额不足5亿,2026-06-17
000777,2026-06,中核科技,封单金额不足5亿,2026-06-17
002167,2026-06,东方锆业,封单金额不足5亿,2026-06-18
000811,2026-06,冰轮环境,封单金额不足5亿,2026-06-18
301580,2026-06,爱迪特,封单金额不足5亿,2026-06-18
603407,2026-06,长裕集团,封单金额不足5亿,2026-06-18
600769,2026-06,祥龙电业,封单金额不足5亿,2026-06-18
000889,2026-06,中嘉博创,封单金额不足5亿,2026-06-18
001216,2026-06,华瓷股份,封单金额不足5亿,2026-06-18
002167,2026-06,东方锆业,昨日已涨停,2026-06-22
002674,2026-06,兴业科技,封单金额不足5亿,2026-06-22
600172,2026-06,黄河旋风,封单金额不足5亿,2026-06-22
600353,2026-06,旭光电子,封单金额不足5亿,2026-06-22
603407,2026-06,长裕集团,封单金额不足5亿,2026-06-22
002297,2026-06,博云新材,封单金额不足5亿,2026-06-22
000751,2026-06,锌业股份,封单金额不足5亿,2026-06-22
301580,2026-06,爱迪特,封单金额不足5亿,2026-06-22
300179,2026-06,四方达,封单金额不足5亿,2026-06-22
002655,2026-06,共达电声,封单金额不足5亿,2026-06-22
600769,2026-06,祥龙电业,封单金额不足5亿,2026-06-22
000571,2026-06,新大洲A,封单金额不足5亿,2026-06-22
002674,2026-06,兴业科技,封单金额不足5亿,2026-06-23
002167,2026-06,东方锆业,封单金额不足5亿,2026-06-23
603407,2026-06,长裕集团,封单金额不足5亿,2026-06-23
600777,2026-06,新潮能源,封单金额不足5亿,2026-06-23
603757,2026-06,大元泵业,封单金额不足5亿,2026-06-23
605069,2026-06,正和生态,封单金额不足5亿,2026-06-23
300665,2026-06,飞鹿股份,封单金额不足5亿,2026-06-23
600397,2026-06,江钨装备,封单金额不足5亿,2026-06-23
002674,2026-06,兴业科技,封单金额不足5亿,2026-06-24
002584,2026-06,西陇科学,封单金额不足5亿,2026-06-24
600667,2026-06,太极实业,昨日已涨停,2026-06-25
002674,2026-06,兴业科技,封单金额不足5亿,2026-06-25
600228,2026-06,返利科技,封单金额不足5亿,2026-06-25
605366,2026-06,宏柏新材,封单金额不足5亿,2026-06-25
603929,2026-06,亚翔集成,封单金额不足5亿,2026-06-25
002674,2026-06,兴业科技,昨日已涨停,2026-06-26
600228,2026-06,返利科技,封单金额不足5亿,2026-06-26
000823,2026-06,超声电子,封单金额不足5亿,2026-06-26
002568,2026-06,百润股份,封单金额不足5亿,2026-06-26
603956,2026-06,威派格,封单金额不足5亿,2026-06-26
688689,2026-06,银河微电,封单金额不足5亿,2026-06-29
002549,2026-06,凯美特气,封单金额不足5亿,2026-06-29
301520,2026-06,万邦医药,封单金额不足5亿,2026-06-29
001237,2026-06,惠康科技,封单金额不足5亿,2026-06-29
000521,2026-06,长虹美菱,封单金额不足5亿,2026-06-29
000603,2026-06,盛达资源,封单金额不足5亿,2026-06-30
