date,rank,cb_code,cb_name,stk_code,stk_name,theme_score,concepts,trigger_sources,risk_notes,ret_oc_pct,high_from_open_pct,low_from_open_pct,relation_reason
2026-06-09,1,110051.SH,中天转债,600522,中天科技,1566.1878,6G概念、PCB概念、储能、商业航天、固态电池、新能源汽车、核电、沪股通、绿色电力、芯片概念、融资融券、超级电容、锂电池概念、风电、高贝塔值,605589,退市日期2021-12-17,,,,命中6G概念、PCB概念、储能、商业航天、固态电池、新能源汽车、核电、沪股通、绿色电力、芯片概念、融资融券、超级电容、锂电池概念、风电、高贝塔值
2026-06-09,2,113031.SH,博威转债,601137,博威合金,1466.1878,3D打印、6G概念、上证380成份股、先进封装、商业航天、增持计划、新能源汽车、沪股通、芯片概念、融资融券、近期强势、锂电池概念、高贝塔值、高铁,605589,退市日期2020-08-31,,,,命中3D打印、6G概念、上证380成份股、先进封装、商业航天、增持计划、新能源汽车、沪股通、芯片概念、融资融券、近期强势、锂电池概念、高贝塔值、高铁
2026-06-09,3,113069.SH,博23转债,601137,博威合金,1466.1878,3D打印、6G概念、上证380成份股、先进封装、商业航天、增持计划、新能源汽车、沪股通、芯片概念、融资融券、近期强势、锂电池概念、高贝塔值、高铁,605589,强赎中；退市日期2026-01-22,,,,命中3D打印、6G概念、上证380成份股、先进封装、商业航天、增持计划、新能源汽车、沪股通、芯片概念、融资融券、近期强势、锂电池概念、高贝塔值、高铁
2026-06-09,4,124004.SZ,中京定转,002579,中京电子,1466.1878,6G概念、OLED、PCB概念、储能、先进封装、军工、商业航天、存储芯片、新能源汽车、最近多板、芯片概念、融资融券、近期强势、高贝塔值,605589,退市日期2022-09-21,,,,命中6G概念、OLED、PCB概念、储能、先进封装、军工、商业航天、存储芯片、新能源汽车、最近多板、芯片概念、融资融券、近期强势、高贝塔值
2026-06-09,5,124005.SZ,中京定02,002579,中京电子,1466.1878,6G概念、OLED、PCB概念、储能、先进封装、军工、商业航天、存储芯片、新能源汽车、最近多板、芯片概念、融资融券、近期强势、高贝塔值,605589,退市日期2022-09-21,,,,命中6G概念、OLED、PCB概念、储能、先进封装、军工、商业航天、存储芯片、新能源汽车、最近多板、芯片概念、融资融券、近期强势、高贝塔值
2026-06-09,6,128035.SZ,大族转债,002008,大族激光,1466.1878,3D打印、OLED、PCB概念、中证500成份股、储能、先进封装、商业航天、固态电池、存储芯片、新能源汽车、芯片概念、融资融券、锂电池概念、高端装备,605589,公告到期赎回；退市日期2024-02-07,,,,命中3D打印、OLED、PCB概念、中证500成份股、储能、先进封装、商业航天、固态电池、存储芯片、新能源汽车、芯片概念、融资融券、锂电池概念、高端装备
2026-06-09,7,113639.SH,华正转债,603186,华正新材,1366.1878,6G概念、PCB概念、储能、先进封装、固态电池、最近多板、沪股通、石墨烯、绿色电力、芯片概念、近期强势、锂电池概念、高贝塔值,605589,强赎中；退市日期2026-02-24,,,,命中6G概念、PCB概念、储能、先进封装、固态电池、最近多板、沪股通、石墨烯、绿色电力、芯片概念、近期强势、锂电池概念、高贝塔值
2026-06-09,8,118018.SH,瑞科转债,688323,瑞华泰,1366.1878,6G概念、PCB概念、储能、先进封装、军工、商业航天、固态电池、塑料制品、芯片概念、融资融券、近期强势、风电、高贝塔值,605589,强赎中；成交额偏低37.7万；退市日期2026-07-06,4.421818181818177,7.776969696969694,-4.054545454545453,命中6G概念、PCB概念、储能、先进封装、军工、商业航天、固态电池、塑料制品、芯片概念、融资融券、近期强势、风电、高贝塔值
2026-06-09,9,110040.SH,生益转债,600183,生益科技,1266.1878,PCB概念、上证380成份股、先进封装、商业航天、存储芯片、新能源汽车、沪股通、社保新进、芯片概念、融资融券、近期强势、高贝塔值,605589,退市日期2019-08-01,,,,命中PCB概念、上证380成份股、先进封装、商业航天、存储芯片、新能源汽车、沪股通、社保新进、芯片概念、融资融券、近期强势、高贝塔值
2026-06-09,10,110056.SH,亨通转债,600487,亨通光电,1266.1878,6G概念、上证380成份股、中证500成份股、军工、新能源汽车、最近多板、沪股通、芯片概念、融资融券、近期强势、风电、高贝塔值,605589,强赎中；退市日期2022-12-06,,,,命中6G概念、上证380成份股、中证500成份股、军工、新能源汽车、最近多板、沪股通、芯片概念、融资融券、近期强势、风电、高贝塔值
2026-06-09,11,113064.SH,东材转债,601208,东材科技,1266.1878,OLED、PCB概念、光刻胶、军工、商业航天、塑料制品、新能源汽车、最近多板、沪股通、芯片概念、融资融券、近期强势,605589,强赎中；退市日期2025-09-08,,,,命中OLED、PCB概念、光刻胶、军工、商业航天、塑料制品、新能源汽车、最近多板、沪股通、芯片概念、融资融券、近期强势
2026-06-09,12,113582.SH,火炬转债,603678,火炬电子,1266.1878,上证380成份股、军工、商业航天、新能源汽车、最近多板、核电、沪股通、芯片概念、融资融券、超级电容、近期强势、高贝塔值,605589,强赎中；退市日期2025-04-23,,,,命中上证380成份股、军工、商业航天、新能源汽车、最近多板、核电、沪股通、芯片概念、融资融券、超级电容、近期强势、高贝塔值
2026-06-09,13,123165.SZ,回天转债,300041,回天新材,1266.1878,先进封装、光伏建筑一体化、军工、固态电池、大飞机、建筑节能、新能源汽车、芯片概念、融资融券、锂电池概念、风电、高铁,605589,成交额偏低1.0万,3.3306219678703077,3.3821863289079843,-1.2288295616303104,命中先进封装、光伏建筑一体化、军工、固态电池、大飞机、建筑节能、新能源汽车、芯片概念、融资融券、锂电池概念、风电、高铁
2026-06-09,14,110058.SH,永鼎转债,600105,永鼎股份,1166.1878,3D打印、中证500成份股、军工、商业航天、新能源汽车、核电、沪股通、芯片概念、融资融券、风电、高贝塔值,605589,强赎中；退市日期2024-12-20,,,,命中3D打印、中证500成份股、军工、商业航天、新能源汽车、核电、沪股通、芯片概念、融资融券、风电、高贝塔值
2026-06-09,15,110089.SH,兴发转债,600141,兴发集团,1166.1878,上证380成份股、中证500成份股、固态电池、增持计划、沪股通、硅能源、社保新进、绿色电力、芯片概念、融资融券、锂电池概念,605589,强赎中；退市日期2026-03-04,,,,命中上证380成份股、中证500成份股、固态电池、增持计划、沪股通、硅能源、社保新进、绿色电力、芯片概念、融资融券、锂电池概念
2026-06-09,16,110807.SH,动力定01,600482,中国动力,1166.1878,储能、军工、固态电池、新能源汽车、核电、沪股通、石墨烯、融资融券、钠离子电池、锂电池概念、风电,605589,退市日期2024-12-05,,,,命中储能、军工、固态电池、新能源汽车、核电、沪股通、石墨烯、融资融券、钠离子电池、锂电池概念、风电
2026-06-09,17,110808.SH,动力定02,600482,中国动力,1166.1878,储能、军工、固态电池、新能源汽车、核电、沪股通、石墨烯、融资融券、钠离子电池、锂电池概念、风电,605589,退市日期2026-03-23,,,,命中储能、军工、固态电池、新能源汽车、核电、沪股通、石墨烯、融资融券、钠离子电池、锂电池概念、风电
2026-06-09,18,113551.SH,福特转债,603806,福斯特,1166.1878,PCB概念、中证500成份股、储能、商业航天、固态电池、增持计划、沪股通、社保新进、融资融券、钠离子电池、锂电池概念,605589,退市日期2020-07-16,,,,命中PCB概念、中证500成份股、储能、商业航天、固态电池、增持计划、沪股通、社保新进、融资融券、钠离子电池、锂电池概念
2026-06-09,19,113611.SH,福20转债,603806,福斯特,1166.1878,PCB概念、中证500成份股、储能、商业航天、固态电池、增持计划、沪股通、社保新进、融资融券、钠离子电池、锂电池概念,605589,退市日期2021-07-29,,,,命中PCB概念、中证500成份股、储能、商业航天、固态电池、增持计划、沪股通、社保新进、融资融券、钠离子电池、锂电池概念
2026-06-09,20,113630.SH,赛伍转债,603212,赛伍技术,1166.1878,OLED、储能、先进封装、固态电池、新能源汽车、沪股通、芯片概念、融资融券、锂电池概念、风电、高铁,605589,强赎中；退市日期2022-08-01,,,,命中OLED、储能、先进封装、固态电池、新能源汽车、沪股通、芯片概念、融资融券、锂电池概念、风电、高铁
2026-06-09,21,113661.SH,福22转债,603806,福斯特,1166.1878,PCB概念、中证500成份股、储能、商业航天、固态电池、增持计划、沪股通、社保新进、融资融券、钠离子电池、锂电池概念,605589,成交额偏低1.3万；剩余规模30.30亿,-0.8067809725794813,0.35323536366046054,-2.2691610480987636,命中PCB概念、中证500成份股、储能、商业航天、固态电池、增持计划、沪股通、社保新进、融资融券、钠离子电池、锂电池概念
2026-06-09,22,118023.SH,广大转债,688186,广大特材,1166.1878,储能、军工、增持计划、大飞机、核电、沪股通、芯片概念、融资融券、风电、高端装备、高铁,605589,强赎中；退市日期2025-08-25,,,,命中储能、军工、增持计划、大飞机、核电、沪股通、芯片概念、融资融券、风电、高端装备、高铁
2026-06-09,23,118053.SH,正帆转债,688596,正帆科技,1166.1878,上证380成份股、储能、合成生物、存储芯片、沪股通、社保新进、芯片概念、融资融券、锂电池概念、高端装备、高贝塔值,605589,成交额偏低10.0万；剩余规模10.41亿,7.228344669688217,7.747658747905723,-0.6414663613971981,命中上证380成份股、储能、合成生物、存储芯片、沪股通、社保新进、芯片概念、融资融券、锂电池概念、高端装备、高贝塔值
2026-06-09,24,123036.SZ,先导转债,300450,先导智能,1166.1878,3D打印、OLED、PCB概念、中证500成份股、储能、固态电池、新能源汽车、融资融券、钠离子电池、锂电池概念、高端装备,605589,退市日期2020-12-18,,,,命中3D打印、OLED、PCB概念、中证500成份股、储能、固态电池、新能源汽车、融资融券、钠离子电池、锂电池概念、高端装备
2026-06-09,25,125009.SZ,宝安转券,000009,中国宝安,1166.1878,3D打印、中证500成份股、储能、军工、固态电池、新能源汽车、石墨烯、硅能源、融资融券、钠离子电池、锂电池概念,605589,退市日期1996-01-01,,,,命中3D打印、中证500成份股、储能、军工、固态电池、新能源汽车、石墨烯、硅能源、融资融券、钠离子电池、锂电池概念
2026-06-09,26,125969.SZ,安泰转债,000969,安泰科技,1166.1878,3D打印、OLED、军工、商业航天、固态电池、大飞机、新能源汽车、核电、芯片概念、融资融券、高贝塔值,605589,退市日期2010-06-23,,,,命中3D打印、OLED、军工、商业航天、固态电池、大飞机、新能源汽车、核电、芯片概念、融资融券、高贝塔值
2026-06-09,27,113029.SH,明阳转债,601615,明阳智能,1066.1878,中证500成份股、储能、光伏建筑一体化、商业航天、沪股通、绿色电力、芯片概念、融资融券、风电、高端装备,605589,退市日期2021-03-19,,,,命中中证500成份股、储能、光伏建筑一体化、商业航天、沪股通、绿色电力、芯片概念、融资融券、风电、高端装备
2026-06-09,28,113504.SH,艾华转债,603989,艾华集团,1066.1878,上证380成份股、储能、军工、固态电池、新能源汽车、最近多板、沪股通、社保新进、融资融券、近期强势,605589,公告到期赎回；退市日期2024-03-04,,,,命中上证380成份股、储能、军工、固态电池、新能源汽车、最近多板、沪股通、社保新进、融资融券、近期强势
2026-06-09,29,113697.SH,应流转债,603308,应流股份,1066.1878,3D打印、中证500成份股、军工、商业航天、大飞机、核电、沪股通、融资融券、风电、高端装备,605589,成交额偏低5.2万；剩余规模15.00亿,2.8794381584081137,3.6987904799063442,-3.500585251658216,命中3D打印、中证500成份股、军工、商业航天、大飞机、核电、沪股通、融资融券、风电、高端装备
2026-06-09,30,123158.SZ,宙邦转债,300037,新宙邦,1066.1878,OLED、中证500成份股、先进封装、固态电池、新能源汽车、芯片概念、融资融券、超级电容、钠离子电池、锂电池概念,605589,成交额偏低7.9万；剩余规模18.05亿,4.862919445326552,4.862919445326552,-0.9260082565893983,命中OLED、中证500成份股、先进封装、固态电池、新能源汽车、芯片概念、融资融券、超级电容、钠离子电池、锂电池概念
2026-06-09,31,123212.SZ,立中转债,300428,立中集团,1066.1878,3D打印、军工、商业航天、固态电池、大飞机、新能源汽车、芯片概念、融资融券、钠离子电池、锂电池概念,605589,强赎中；退市日期2025-12-25,,,,命中3D打印、军工、商业航天、固态电池、大飞机、新能源汽车、芯片概念、融资融券、钠离子电池、锂电池概念
2026-06-09,32,128109.SZ,楚江转债,002171,楚江新材,1066.1878,3D打印、PCB概念、军工、商业航天、固态电池、大飞机、新能源汽车、融资融券、锂电池概念、风电,605589,强赎中；退市日期2025-08-22,,,,命中3D打印、PCB概念、军工、商业航天、固态电池、大飞机、新能源汽车、融资融券、锂电池概念、风电
2026-06-09,33,128122.SZ,兴森转债,002436,兴森科技,1066.1878,6G概念、PCB概念、中证500成份股、先进封装、军工、商业航天、存储芯片、芯片概念、融资融券、近期强势,605589,公告到期赎回；退市日期2025-07-23,,,,命中6G概念、PCB概念、中证500成份股、先进封装、军工、商业航天、存储芯片、芯片概念、融资融券、近期强势
2026-06-09,34,110082.SH,宏发转债,600885,宏发股份,966.1878,上证380成份股、中证500成份股、储能、商业航天、新能源汽车、沪股通、社保新进、融资融券、风电,605589,强赎中；退市日期2025-12-12,,,,命中上证380成份股、中证500成份股、储能、商业航天、新能源汽车、沪股通、社保新进、融资融券、风电
2026-06-09,35,111010.SH,立昂转债,605358,立昂微,966.1878,中证500成份股、商业航天、存储芯片、最近多板、沪股通、硅能源、芯片概念、融资融券、近期强势,605589,强赎中；成交额偏低51.2万；退市日期2026-06-18,9.492142382135722,10.001650024750363,-4.242063630954469,命中中证500成份股、商业航天、存储芯片、最近多板、沪股通、硅能源、芯片概念、融资融券、近期强势
2026-06-09,36,113008.SH,电气转债,601727,上海电气,966.1878,储能、固态电池、大飞机、核电、沪股通、融资融券、锂电池概念、风电、高端装备,605589,退市日期2021-02-02,,,,命中储能、固态电池、大飞机、核电、沪股通、融资融券、锂电池概念、风电、高端装备
2026-06-09,37,113014.SH,林洋转债,601222,林洋能源,966.1878,上证380成份股、储能、光伏建筑一体化、增持计划、沪股通、绿色电力、融资融券、锂电池概念、风电,605589,退市日期2021-09-29,,,,命中上证380成份股、储能、光伏建筑一体化、增持计划、沪股通、绿色电力、融资融券、锂电池概念、风电
2026-06-09,38,113505.SH,杭电转债,603618,杭电股份,966.1878,储能、新能源汽车、沪股通、石墨烯、融资融券、近期强势、锂电池概念、风电、高贝塔值,605589,公告到期赎回；退市日期2024-03-06,,,,命中储能、新能源汽车、沪股通、石墨烯、融资融券、近期强势、锂电池概念、风电、高贝塔值
2026-06-09,39,113512.SH,景旺转债,603228,景旺电子,966.1878,6G概念、OLED、PCB概念、上证380成份股、中证500成份股、商业航天、新能源汽车、沪股通、融资融券,605589,退市日期2019-04-30,,,,命中6G概念、OLED、PCB概念、上证380成份股、中证500成份股、商业航天、新能源汽车、沪股通、融资融券
2026-06-09,40,113562.SH,璞泰转债,603659,璞泰来,966.1878,中证500成份股、储能、固态电池、新能源汽车、沪股通、芯片概念、融资融券、钠离子电池、锂电池概念,605589,退市日期2020-12-21,,,,命中中证500成份股、储能、固态电池、新能源汽车、沪股通、芯片概念、融资融券、钠离子电池、锂电池概念
2026-06-09,41,113602.SH,景20转债,603228,景旺电子,966.1878,6G概念、OLED、PCB概念、上证380成份股、中证500成份股、商业航天、新能源汽车、沪股通、融资融券,605589,强赎中；退市日期2024-08-13,,,,命中6G概念、OLED、PCB概念、上证380成份股、中证500成份股、商业航天、新能源汽车、沪股通、融资融券
2026-06-09,42,113619.SH,世运转债,603920,世运电路,966.1878,OLED、PCB概念、上证380成份股、中证500成份股、储能、商业航天、新能源汽车、沪股通、融资融券,605589,强赎中；退市日期2024-12-03,,,,命中OLED、PCB概念、上证380成份股、中证500成份股、储能、商业航天、新能源汽车、沪股通、融资融券
2026-06-09,43,113621.SH,彤程转债,603650,彤程新材,966.1878,OLED、上证380成份股、中证500成份股、光刻胶、存储芯片、沪股通、石墨烯、芯片概念、融资融券,605589,强赎中；退市日期2025-11-14,,,,命中OLED、上证380成份股、中证500成份股、光刻胶、存储芯片、沪股通、石墨烯、芯片概念、融资融券
2026-06-09,44,113669.SH,景23转债,603228,景旺电子,966.1878,6G概念、OLED、PCB概念、上证380成份股、中证500成份股、商业航天、新能源汽车、沪股通、融资融券,605589,强赎中；退市日期2025-10-09,,,,命中6G概念、OLED、PCB概念、上证380成份股、中证500成份股、商业航天、新能源汽车、沪股通、融资融券
2026-06-09,45,113691.SH,和邦转债,603077,和邦生物,966.1878,上证380成份股、丙烯酸、中证500成份股、建筑节能、沪股通、硅能源、绿色电力、融资融券、锂电池概念,605589,成交额偏低2.1万；剩余规模45.99亿,2.2435538116591913,2.6268217488789203,-0.9970571748878937,命中上证380成份股、丙烯酸、中证500成份股、建筑节能、沪股通、硅能源、绿色电力、融资融券、锂电池概念
2026-06-09,46,118000.SH,嘉元转债,688388,嘉元科技,966.1878,PCB概念、上证380成份股、储能、固态电池、新能源汽车、沪股通、融资融券、锂电池概念、高贝塔值,605589,强赎中；退市日期2026-04-02,,,,命中PCB概念、上证380成份股、储能、固态电池、新能源汽车、沪股通、融资融券、锂电池概念、高贝塔值
2026-06-09,47,118002.SH,天合转债,688599,天合光能,966.1878,中证500成份股、储能、光伏建筑一体化、商业航天、增持计划、沪股通、绿色电力、融资融券、锂电池概念,605589,强赎中；退市日期2022-04-13,,,,命中中证500成份股、储能、光伏建筑一体化、商业航天、增持计划、沪股通、绿色电力、融资融券、锂电池概念
2026-06-09,48,118005.SH,天奈转债,688116,天奈科技,966.1878,上证380成份股、储能、固态电池、增持计划、沪股通、石墨烯、融资融券、钠离子电池、锂电池概念,605589,成交额偏低0.3万,-0.5014772818014853,0.3537491016529568,-0.9821927653118293,命中上证380成份股、储能、固态电池、增持计划、沪股通、石墨烯、融资融券、钠离子电池、锂电池概念
2026-06-09,49,118019.SH,金盘转债,688676,金盘科技,966.1878,上证380成份股、中证500成份股、储能、新能源汽车、核电、沪股通、融资融券、风电、高端装备,605589,强赎中；退市日期2024-05-28,,,,命中上证380成份股、中证500成份股、储能、新能源汽车、核电、沪股通、融资融券、风电、高端装备
2026-06-09,50,118024.SH,冠宇转债,688772,珠海冠宇,966.1878,中证500成份股、储能、固态电池、新能源汽车、沪股通、融资融券、钠离子电池、锂电池概念、高贝塔值,605589,成交额偏低1.3万；剩余规模30.89亿,-0.4059476044371059,0.5640783573282973,-1.0526315789473635,命中中证500成份股、储能、固态电池、新能源汽车、沪股通、融资融券、钠离子电池、锂电池概念、高贝塔值
