trade_date,rank,cb_code,cb_name,stk_code,stk_name,theme_score,matched_concepts,trigger_sources,risk_notes,open,close,t0_return_pct
2026-06-09,1,113621.SH,彤程转债,603650,彤程新材,217.1878,光刻胶、存储芯片,605589,强赎中；退市日期2025-11-14,,,
2026-06-09,2,118033.SH,华特转债,688268,华特气体,217.1878,光刻胶、存储芯片,605589,强赎中；成交额偏低0.0万；退市日期2026-06-10,,,
2026-06-09,3,118054.SH,安集转债,688019,安集科技,217.1878,光刻胶、存储芯片,605589,强赎中；退市日期2026-03-27,,,
2026-06-09,4,123031.SZ,晶瑞转债,300655,晶瑞电材,217.1878,光刻胶、存储芯片,605589,公告到期赎回；退市日期2025-08-29,,,
2026-06-09,5,123078.SZ,飞凯转债,300398,飞凯材料,217.1878,光刻胶、存储芯片,605589,强赎中；退市日期2025-05-30,,,
2026-06-09,6,123124.SZ,晶瑞转2,300655,晶瑞电材,217.1878,光刻胶、存储芯片,605589,成交额偏低0.9万,137.949,142.699,3.443301509978325
2026-06-09,7,123170.SZ,南电转债,300346,南大光电,217.1878,光刻胶、存储芯片,605589,强赎中；退市日期2024-11-26,,,
2026-06-09,8,123255.SZ,鼎龙转债,300054,鼎龙股份,217.1878,光刻胶、存储芯片,605589,成交额偏低7.3万,349.0,352.948,1.1312320916905383
2026-06-09,9,110040.SH,生益转债,600183,生益科技,117.1878,存储芯片,605589,退市日期2019-08-01,,,
2026-06-09,10,110800.SH,赛腾定转,603283,赛腾股份,117.1878,存储芯片,605589,退市日期2021-05-31,,,
2026-06-09,11,111010.SH,立昂转债,605358,立昂微,117.1878,存储芯片,605589,强赎中；成交额偏低51.2万；退市日期2026-06-18,199.997,218.981,9.492142382135722
2026-06-09,12,113064.SH,东材转债,601208,东材科技,117.1878,光刻胶,605589,强赎中；退市日期2025-09-08,,,
2026-06-09,13,113548.SH,石英转债,603688,石英股份,117.1878,存储芯片,605589,强赎中；退市日期2022-08-15,,,
2026-06-09,14,113556.SH,至纯转债,603690,至纯科技,117.1878,存储芯片,605589,退市日期2021-01-26,,,
2026-06-09,15,113566.SH,翔港转债,603499,翔港科技,117.1878,存储芯片,605589,强赎中；退市日期2024-04-15,,,
2026-06-09,16,113609.SH,永安转债,603776,永安行,117.1878,存储芯片,605589,强赎中；退市日期2025-08-12,,,
2026-06-09,17,113677.SH,华懋转债,603306,华懋科技,117.1878,光刻胶,605589,成交额偏低7.7万；剩余规模10.49亿,344.038,367.89,6.932955080543421
2026-06-09,18,118006.SH,阿拉转债,688179,阿拉丁,117.1878,光刻胶,605589,强赎中；退市日期2026-05-06,,,
2026-06-09,19,118017.SH,深科转债,688328,深科达,117.1878,存储芯片,605589,强赎中；退市日期2024-01-10,,,
2026-06-09,20,118038.SH,金宏转债,688106,金宏气体,117.1878,存储芯片,605589,强赎中；退市日期2026-04-29,,,
2026-06-09,21,118048.SH,利扬转债,688135,利扬芯片,117.1878,存储芯片,605589,强赎中；退市日期2026-03-31,,,
2026-06-09,22,118049.SH,汇成转债,688403,汇成股份,117.1878,存储芯片,605589,强赎中；退市日期2026-04-28,,,
2026-06-09,23,118053.SH,正帆转债,688596,正帆科技,117.1878,存储芯片,605589,成交额偏低10.0万；剩余规模10.41亿,149.813,160.642,7.228344669688217
2026-06-09,24,118055.SH,伟测转债,688372,伟测科技,117.1878,存储芯片,605589,强赎中；退市日期2026-04-03,,,
2026-06-09,25,118058.SH,微导转债,688147,微导纳米,117.1878,存储芯片,605589,成交额偏低14.3万；剩余规模11.70亿,333.0,354.227,6.374474474474468
2026-06-09,26,118061.SH,茂莱转债,688502,茂莱光学,117.1878,光刻胶,605589,成交额偏低5.7万,188.0,196.713,4.634574468085103
2026-06-09,27,118064.SH,联瑞转债,688300,联瑞新材,117.1878,存储芯片,605589,成交额偏低10.8万,434.95,445.808,2.4963788941257623
2026-06-09,28,118501.SH,华海定转,688535,华海诚科,117.1878,存储芯片,605589,,,,
2026-06-09,29,123020.SZ,富祥转债,300497,富祥股份,117.1878,光刻胶,605589,退市日期2020-09-14,,,
2026-06-09,30,123024.SZ,岱勒转债,300700,岱勒新材,117.1878,光刻胶,605589,强赎中；退市日期2022-03-30,,,
2026-06-09,31,123025.SZ,精测转债,300567,精测电子,117.1878,存储芯片,605589,公告到期赎回；退市日期2025-03-31,,,
2026-06-09,32,123027.SZ,蓝晓转债,300487,蓝晓科技,117.1878,存储芯片,605589,强赎中；退市日期2022-11-01,,,
2026-06-09,33,123076.SZ,强力转债,300429,强力新材,117.1878,光刻胶,605589,成交额偏低1.2万,130.761,133.99,2.4693907204747694
2026-06-09,34,123123.SZ,江丰转债,300666,江丰电子,117.1878,存储芯片,605589,强赎中；退市日期2022-12-30,,,
2026-06-09,35,123139.SZ,铂科转债,300811,铂科新材,117.1878,存储芯片,605589,强赎中；退市日期2022-12-09,,,
2026-06-09,36,123167.SZ,商络转债,300975,商络电子,117.1878,存储芯片,605589,强赎中；退市日期2024-05-08,,,
2026-06-09,37,123176.SZ,精测转2,300567,精测电子,117.1878,存储芯片,605589,成交额偏低7.9万；剩余规模12.75亿,367.23,389.747,6.131579663970807
2026-06-09,38,123195.SZ,蓝晓转02,300487,蓝晓科技,117.1878,存储芯片,605589,成交额偏低0.9万,141.8,142.52,0.5077574047954858
2026-06-09,39,123197.SZ,光力转债,300480,光力科技,117.1878,存储芯片,605589,强赎中；退市日期2026-04-16,,,
2026-06-09,40,123227.SZ,雅创转债,301099,雅创电子,117.1878,存储芯片,605589,强赎中；退市日期2025-04-10,,,
2026-06-09,41,123264.SZ,双乐转债,301036,双乐股份,117.1878,光刻胶,605589,成交额偏低0.1万,132.305,132.8,0.3741355201995423
2026-06-09,42,123267.SZ,珂玛转债,301611,珂玛科技,117.1878,存储芯片,605589,成交额偏低21.8万,260.999,271.48,4.015724198177002
2026-06-09,43,124004.SZ,中京定转,002579,中京电子,117.1878,存储芯片,605589,退市日期2022-09-21,,,
2026-06-09,44,124005.SZ,中京定02,002579,中京电子,117.1878,存储芯片,605589,退市日期2022-09-21,,,
2026-06-09,45,124007.SZ,雷科定转,002413,雷科防务,117.1878,存储芯片,605589,,,,
2026-06-09,46,124012.SZ,雷科定02,002413,雷科防务,117.1878,存储芯片,605589,,,,
2026-06-09,47,124019.SZ,容大定转,300576,容大感光,117.1878,光刻胶,605589,,,,
2026-06-09,48,127038.SZ,国微转债,002049,紫光国微,117.1878,存储芯片,605589,成交额偏低1.0万；剩余规模14.92亿,130.046,133.933,2.988942374236809
2026-06-09,49,127051.SZ,博杰转债,002975,博杰股份,117.1878,存储芯片,605589,强赎中；退市日期2025-05-08,,,
2026-06-09,50,127064.SZ,杭氧转债,002430,杭氧股份,117.1878,存储芯片,605589,成交额偏低0.7万；剩余规模11.36亿,139.0,140.828,1.3151079136690669
2026-06-29,1,110006.SH,龙盛转债,600352,浙江龙盛,216.0397,中证500成份股、化学制品,002407,退市日期2010-05-12,,,
2026-06-29,2,127064.SZ,杭氧转债,002430,杭氧股份,216.0397,中证500成份股、化学制品,002407,剩余规模11.36亿,,,
2026-06-29,3,100096.SH,云化转债,600096,云天化,116.0397,中证500成份股,002407,退市日期2006-09-09,,,
2026-06-29,4,100177.SH,雅戈转债,600177,雅戈尔,116.0397,中证500成份股,002407,退市日期2006-04-10,,,
2026-06-29,5,110021.SH,上电转债,600021,上海电力,116.0397,中证500成份股,002407,退市日期2007-08-27,,,
2026-06-29,6,110024.SH,隧道转债,600820,隧道股份,116.0397,中证500成份股,002407,退市日期2014-12-18,,,
2026-06-29,7,110025.SH,国金转债,600109,国金证券,116.0397,中证500成份股,002407,退市日期2015-01-09,,,
2026-06-29,8,110034.SH,九州转债,600998,九州通,116.0397,中证500成份股,002407,退市日期2022-01-17,,,
2026-06-29,9,110035.SH,白云转债,600004,白云机场,116.0397,中证500成份股,002407,退市日期2017-06-13,,,
2026-06-29,10,110038.SH,济川转债,600566,济川药业,116.0397,中证500成份股,002407,公告到期赎回；退市日期2022-11-14,,,
2026-06-29,11,110041.SH,蒙电转债,600863,华能蒙电,116.0397,中证500成份股,002407,退市日期2021-11-05,,,
2026-06-29,12,110045.SH,海澜转债,600398,海澜之家,116.0397,中证500成份股,002407,强赎中；退市日期2024-04-03,,,
2026-06-29,13,110048.SH,福能转债,600483,福能股份,116.0397,中证500成份股,002407,公告到期赎回；退市日期2024-12-09,,,
2026-06-29,14,110056.SH,亨通转债,600487,亨通光电,116.0397,中证500成份股,002407,强赎中；退市日期2022-12-06,,,
2026-06-29,15,110058.SH,永鼎转债,600105,永鼎股份,116.0397,中证500成份股,002407,强赎中；退市日期2024-12-20,,,
2026-06-29,16,110062.SH,烽火转债,600498,烽火通信,116.0397,中证500成份股,002407,公告到期赎回；退市日期2025-12-02,,,
2026-06-29,17,110065.SH,淮矿转债,600985,淮北矿业,116.0397,中证500成份股,002407,退市日期2021-07-02,,,
2026-06-29,18,110066.SH,盛屯转债,600711,盛屯矿业,116.0397,中证500成份股,002407,强赎中；退市日期2022-03-18,,,
2026-06-29,19,110067.SH,华安转债,600909,华安证券,116.0397,中证500成份股,002407,公告到期赎回；退市日期2026-03-12,,,
2026-06-29,20,110076.SH,华海转债,600521,华海药业,116.0397,中证500成份股,002407,剩余规模18.42亿,,,
2026-06-29,21,110082.SH,宏发转债,600885,宏发股份,116.0397,中证500成份股,002407,强赎中；退市日期2025-12-12,,,
2026-06-29,22,110083.SH,苏租转债,600901,江苏金租,116.0397,中证500成份股,002407,强赎中；退市日期2024-10-18,,,
2026-06-29,23,110088.SH,淮22转债,600985,淮北矿业,116.0397,中证500成份股,002407,强赎中；退市日期2024-04-03,,,
2026-06-29,24,110089.SH,兴发转债,600141,兴发集团,116.0397,中证500成份股,002407,强赎中；退市日期2026-03-04,,,
2026-06-29,25,110099.SH,福能转债,600483,福能股份,116.0397,中证500成份股,002407,剩余规模38.02亿,,,
2026-06-29,26,110398.SH,凯诺转债,600398,海澜之家,116.0397,中证500成份股,002407,退市日期2007-10-26,,,
2026-06-29,27,110598.SH,大荒转债,600598,北大荒,116.0397,中证500成份股,002407,退市日期2010-03-12,,,
2026-06-29,28,110803.SH,国泰定01,603977,国泰集团,116.0397,化学制品,002407,退市日期2022-09-29,,,
2026-06-29,29,110804.SH,国泰定02,603977,国泰集团,116.0397,化学制品,002407,退市日期2022-03-09,,,
2026-06-29,30,111007.SH,永和转债,605020,永和股份,116.0397,化学制品,002407,强赎中；退市日期2025-10-10,,,
2026-06-29,31,111010.SH,立昂转债,605358,立昂微,116.0397,中证500成份股,002407,强赎中；退市日期2026-06-18,,,
2026-06-29,32,111018.SH,华康转债,605077,华康股份,116.0397,化学制品,002407,剩余规模13.02亿,,,
2026-06-29,33,111019.SH,宏柏转债,605366,宏柏新材,116.0397,化学制品,002407,强赎中；退市日期2026-03-23,,,
2026-06-29,34,113006.SH,深燃转债,601139,深圳燃气,116.0397,中证500成份股,002407,退市日期2015-05-08,,,
2026-06-29,35,113018.SH,常熟转债,601128,常熟银行,116.0397,中证500成份股,002407,退市日期2019-05-23,,,
2026-06-29,36,113019.SH,玲珑转债,601966,玲珑轮胎,116.0397,中证500成份股,002407,退市日期2020-09-04,,,
2026-06-29,37,113020.SH,桐昆转债,601233,桐昆股份,116.0397,中证500成份股,002407,退市日期2020-11-27,,,
2026-06-29,38,113024.SH,核建转债,601611,中国核建,116.0397,中证500成份股,002407,公告到期赎回；退市日期2025-04-08,,,
2026-06-29,39,113029.SH,明阳转债,601615,明阳智能,116.0397,中证500成份股,002407,退市日期2021-03-19,,,
2026-06-29,40,113032.SH,桐20转债,601233,桐昆股份,116.0397,中证500成份股,002407,退市日期2021-01-14,,,
2026-06-29,41,113035.SH,福莱转债,601865,福莱特,116.0397,中证500成份股,002407,退市日期2021-02-01,,,
2026-06-29,42,113040.SH,星宇转债,601799,星宇股份,116.0397,中证500成份股,002407,退市日期2021-08-03,,,
2026-06-29,43,113043.SH,财通转债,601108,财通证券,116.0397,中证500成份股,002407,剩余规模37.99亿,,,
2026-06-29,44,113045.SH,环旭转债,601231,环旭电子,116.0397,中证500成份股,002407,强赎中；退市日期2026-01-29,,,
2026-06-29,45,113051.SH,节能转债,601016,节能风电,116.0397,中证500成份股,002407,剩余规模26.52亿,,,
2026-06-29,46,113059.SH,福莱转债,601865,福莱特,116.0397,中证500成份股,002407,剩余规模40.00亿,,,
2026-06-29,47,113062.SH,常银转债,601128,常熟银行,116.0397,中证500成份股,002407,剩余规模59.99亿,,,
2026-06-29,48,113065.SH,齐鲁转债,601665,齐鲁银行,116.0397,中证500成份股,002407,强赎中；退市日期2025-08-14,,,
2026-06-29,49,113066.SH,平煤转债,601666,平煤股份,116.0397,中证500成份股,002407,剩余规模14.28亿,,,
2026-06-29,50,113067.SH,燃23转债,601139,深圳燃气,116.0397,中证500成份股,002407,剩余规模30.00亿,,,
