trade_date,rank,cb_code,cb_name,stk_code,stk_name,matched_concepts,trigger_sources,theme_score,relation_reason,risk_notes,open,close,return_pct
2026-05-06,1,110089.SH,兴发转债,600141,兴发集团,消毒剂,600673,122.612,命中消毒剂,强赎中；退市日期2026-03-04,,,
2026-05-06,2,110423.SH,柳化转债,600423,*ST柳化,消毒剂,600673,122.612,命中消毒剂,退市日期2007-04-13,,,
2026-05-06,3,113034.SH,滨化转债,601678,滨化股份,消毒剂,600673,122.612,命中消毒剂,退市日期2022-01-11,,,
2026-05-06,4,113663.SH,新化转债,603867,新化股份,消毒剂,600673,122.612,命中消毒剂,强赎中；退市日期2025-12-26,,,
2026-05-06,5,113681.SH,镇洋转债,603213,镇洋发展,消毒剂,600673,122.612,命中消毒剂,成交额偏低0.5万,142.743,142.956,0.1492
2026-05-06,6,123010.SZ,博世转债,300422,博世科,消毒剂,600673,122.612,命中消毒剂,公告到期赎回；退市日期2024-07-08,,,
2026-05-06,7,123028.SZ,清水转债,300437,清水源,消毒剂,600673,122.612,命中消毒剂,退市日期2021-12-08,,,
2026-05-06,8,123057.SZ,美联转债,300586,美联新材,消毒剂,600673,122.612,命中消毒剂,强赎中；退市日期2023-04-21,,,
2026-05-06,9,127057.SZ,盘龙转债,002864,盘龙药业,消毒剂,600673,122.612,命中消毒剂,强赎中；退市日期2023-04-11,,,
2026-05-06,10,128051.SZ,光华转债,002741,光华科技,消毒剂,600673,122.612,命中消毒剂,退市日期2021-09-16,,,
2026-05-06,11,128144.SZ,利民转债,002734,利民股份,消毒剂,600673,122.612,命中消毒剂,强赎中；退市日期2026-01-07,,,
2026-05-06,12,123025.SZ,精测转债,300567,精测电子,国家大基金持股,002156,121.0391,命中国家大基金持股,公告到期赎回；退市日期2025-03-31,,,
2026-05-06,13,123031.SZ,晶瑞转债,300655,晶瑞电材,国家大基金持股,002156,121.0391,命中国家大基金持股,公告到期赎回；退市日期2025-08-29,,,
2026-05-06,14,123124.SZ,晶瑞转2,300655,晶瑞电材,国家大基金持股,002156,121.0391,命中国家大基金持股,成交额偏低1.1万,141.2,145.101,2.7627
2026-05-06,15,123170.SZ,南电转债,300346,南大光电,国家大基金持股,002156,121.0391,命中国家大基金持股,强赎中；退市日期2024-11-26,,,
2026-05-06,16,123176.SZ,精测转2,300567,精测电子,国家大基金持股,002156,121.0391,命中国家大基金持股,成交额偏低6.6万；剩余规模12.75亿,332.0,321.0,-3.3133
2026-05-06,17,128003.SZ,华天转债,002185,华天科技,国家大基金持股,002156,121.0391,命中国家大基金持股,退市日期2014-12-08,,,
2026-05-06,18,128088.SZ,深南转债,002916,深南电路,国家大基金持股,002156,121.0391,命中国家大基金持股,退市日期2020-09-11,,,
2026-05-18,1,123068.SZ,弘信转债,300657,弘信电子,无线耳机,300657,1115.2826,正股为触发股，命中无线耳机,退市日期2021-10-20,,,
2026-05-18,2,110325.SH,华发转债,600325,华发股份,租售同权,002208,118.832,命中租售同权,退市日期2007-04-13,,,
2026-05-18,3,110817.SH,保利定转,600048,保利发展,租售同权,002208,118.832,命中租售同权,剩余规模85.00亿,,,
2026-05-18,4,110818.SH,华发定转,600325,华发股份,租售同权,002208,118.832,命中租售同权,剩余规模48.00亿,,,
2026-05-18,5,125002.SZ,万科转债,000002,万科A,租售同权,002208,118.832,命中租售同权,退市日期2004-04-30,,,
2026-05-18,6,126002.SZ,万科转2,000002,万科A,租售同权,002208,118.832,命中租售同权,退市日期2006-04-14,,,
2026-05-18,7,110081.SH,闻泰转债,600745,*ST闻泰,无线耳机,300657,115.2826,命中无线耳机,成交额偏低3.0万；剩余规模80.63亿,88.799,88.237,-0.6329
2026-05-18,8,110800.SH,赛腾定转,603283,赛腾股份,无线耳机,300657,115.2826,命中无线耳机,退市日期2021-05-31,,,
2026-05-18,9,113031.SH,博威转债,601137,博威合金,无线耳机,300657,115.2826,命中无线耳机,退市日期2020-08-31,,,
2026-05-18,10,113045.SH,环旭转债,601231,环旭电子,无线耳机,300657,115.2826,命中无线耳机,强赎中；退市日期2026-01-29,,,
2026-05-18,11,113069.SH,博23转债,601137,博威合金,无线耳机,300657,115.2826,命中无线耳机,强赎中；退市日期2026-01-22,,,
2026-05-18,12,113521.SH,科森转债,603626,科森科技,无线耳机,300657,115.2826,命中无线耳机,退市日期2020-11-27,,,
2026-05-18,13,113616.SH,韦尔转债,603501,豪威集团,无线耳机,300657,115.2826,命中无线耳机,成交额偏低0.7万；剩余规模24.32亿,116.666,115.235,-1.2266
2026-05-18,14,113630.SH,赛伍转债,603212,赛伍技术,无线耳机,300657,115.2826,命中无线耳机,强赎中；退市日期2022-08-01,,,
2026-05-18,15,118003.SH,华兴转债,688001,华兴源创,无线耳机,300657,115.2826,命中无线耳机,强赎中；成交额偏低0.0万；退市日期2026-05-19,0.0,232.64,
2026-05-18,16,123003.SZ,蓝思转债,300433,蓝思科技,无线耳机,300657,115.2826,命中无线耳机,退市日期2020-02-19,,,
2026-05-18,17,123058.SZ,欣旺转债,300207,欣旺达,无线耳机,300657,115.2826,命中无线耳机,退市日期2021-07-14,,,
2026-05-18,18,123070.SZ,鹏辉转债,300438,鹏辉能源,无线耳机,300657,115.2826,命中无线耳机,强赎中；退市日期2022-08-08,,,
2026-05-18,19,123081.SZ,精研转债,300709,精研科技,无线耳机,300657,115.2826,命中无线耳机,退市日期2021-12-28,,,
2026-05-18,20,123193.SZ,海能转债,300787,海能实业,无线耳机,300657,115.2826,命中无线耳机,成交额偏低0.4万,130.916,130.607,-0.236
2026-05-18,21,123237.SZ,佳禾转债,300793,佳禾智能,无线耳机,300657,115.2826,命中无线耳机,成交额偏低0.5万,144.628,145.0,0.2572
2026-05-18,22,123254.SZ,亿纬转债,300014,亿纬锂能,无线耳机,300657,115.2826,命中无线耳机,强赎中；退市日期2026-05-07,,,
2026-05-18,23,123257.SZ,安克转债,300866,安克创新,无线耳机,300657,115.2826,命中无线耳机,成交额偏低1.3万；剩余规模11.05亿,158.73,161.12,1.5057
2026-05-18,24,124004.SZ,中京定转,002579,中京电子,无线耳机,300657,115.2826,命中无线耳机,退市日期2022-09-21,,,
2026-05-18,25,124005.SZ,中京定02,002579,中京电子,无线耳机,300657,115.2826,命中无线耳机,退市日期2022-09-21,,,
2026-05-18,26,127051.SZ,博杰转债,002975,博杰股份,无线耳机,300657,115.2826,命中无线耳机,强赎中；退市日期2025-05-08,,,
2026-05-18,27,127107.SZ,领益转债,002600,领益智造,无线耳机,300657,115.2826,命中无线耳机,强赎中；退市日期2025-10-23,,,
2026-05-18,28,128009.SZ,歌尔转债,002241,歌尔股份,无线耳机,300657,115.2826,命中无线耳机,退市日期2017-07-10,,,
2026-05-18,29,128028.SZ,赣锋转债,002460,赣锋锂业,无线耳机,300657,115.2826,命中无线耳机,退市日期2021-03-16,,,
2026-05-18,30,128058.SZ,拓邦转债,002139,拓邦股份,无线耳机,300657,115.2826,命中无线耳机,退市日期2020-12-07,,,
2026-05-18,31,128101.SZ,联创转债,002036,联创电子,无线耳机,300657,115.2826,命中无线耳机,公告到期赎回；退市日期2026-03-17,,,
2026-05-18,32,128112.SZ,歌尔转2,002241,歌尔股份,无线耳机,300657,115.2826,命中无线耳机,退市日期2021-03-11,,,
2026-05-18,33,128118.SZ,瀛通转债,002861,瀛通通讯,无线耳机,300657,115.2826,命中无线耳机,强赎中；退市日期2024-12-27,,,
2026-05-18,34,128126.SZ,赣锋转2,002460,赣锋锂业,无线耳机,300657,115.2826,命中无线耳机,退市日期2021-05-19,,,
2026-05-18,35,128136.SZ,立讯转债,002475,立讯精密,无线耳机,300657,115.2826,命中无线耳机,成交额偏低2.8万；剩余规模29.85亿,143.999,142.778,-0.8479
2026-05-20,1,110011.SH,歌华转债,600037,歌华有线,文化传媒概念,300069,115.3987,命中文化传媒概念,退市日期2015-05-06,,,
2026-05-20,2,110028.SH,冠城转债,600067,冠城新材,线缆部件及其他,300069,115.3987,命中线缆部件及其他,退市日期2015-04-29,,,
2026-05-20,3,110037.SH,歌华转债,600037,歌华有线,文化传媒概念,300069,115.3987,命中文化传媒概念,退市日期2009-05-18,,,
2026-05-20,4,110044.SH,广电转债,600831,广电网络,文化传媒概念,300069,115.3987,命中文化传媒概念,公告到期赎回；退市日期2024-06-27,,,
2026-05-20,5,110052.SH,贵广转债,600996,贵广网络,文化传媒概念,300069,115.3987,命中文化传媒概念,公告到期赎回；退市日期2025-03-05,,,
2026-05-20,6,110055.SH,伊力转债,600197,伊力特,文化传媒概念,300069,115.3987,命中文化传媒概念,公告到期赎回；退市日期2025-03-17,,,
2026-05-20,7,110074.SH,精达转债,600577,精达股份,线缆部件及其他,300069,115.3987,命中线缆部件及其他,成交额偏低5.3万,468.0,455.333,-2.7066
2026-05-20,8,111000.SH,起帆转债,605222,起帆电缆,线缆部件及其他,300069,115.3987,命中线缆部件及其他,成交额偏低7.4万,240.9,253.888,5.3914
2026-05-20,9,113007.SH,吉视转债,601929,吉视传媒,文化传媒概念,300069,115.3987,命中文化传媒概念,退市日期2015-07-15,,,
2026-05-20,10,113017.SH,吉视转债,601929,吉视传媒,文化传媒概念,300069,115.3987,命中文化传媒概念,公告到期赎回；退市日期2023-12-27,,,
2026-05-20,11,113505.SH,杭电转债,603618,杭电股份,线缆部件及其他,300069,115.3987,命中线缆部件及其他,公告到期赎回；退市日期2024-03-06,,,
2026-05-20,12,113528.SH,长城转债,603897,长城科技,线缆部件及其他,300069,115.3987,命中线缆部件及其他,退市日期2021-12-24,,,
2026-05-20,13,113530.SH,大丰转债,603081,大丰实业,文化传媒概念,300069,115.3987,命中文化传媒概念,公告到期赎回；退市日期2025-03-27,,,
2026-05-20,14,113603.SH,东缆转债,603606,东方电缆,线缆部件及其他,300069,115.3987,命中线缆部件及其他,退市日期2021-11-30,,,
2026-05-20,15,113643.SH,风语转债,603466,风语筑,文化传媒概念,300069,115.3987,命中文化传媒概念,成交额偏低0.9万,141.02,139.988,-0.7318
2026-05-20,16,123001.SZ,蓝标转债,300058,蓝色光标,文化传媒概念,300069,115.3987,命中文化传媒概念,退市日期2019-10-24,,,
2026-05-20,17,123034.SZ,通光转债,300265,通光线缆,线缆部件及其他,300069,115.3987,命中线缆部件及其他,公告到期赎回；退市日期2025-11-04,,,
2026-05-20,18,123035.SZ,利德转债,300296,利亚德,文化传媒概念,300069,115.3987,命中文化传媒概念,强赎中；退市日期2025-01-20,,,
2026-05-20,19,123138.SZ,丝路转债,300556,丝路视觉,文化传媒概念,300069,115.3987,命中文化传媒概念,成交额偏低0.3万,139.2,137.499,-1.222
2026-05-20,20,123147.SZ,中辰转债,300933,中辰股份,线缆部件及其他,300069,115.3987,命中线缆部件及其他,强赎中；退市日期2025-10-28,,,
2026-05-20,21,123208.SZ,孩王转债,301078,孩子王,文化传媒概念,300069,115.3987,命中文化传媒概念,强赎中；退市日期2024-11-26,,,
2026-05-20,22,127007.SZ,湖广转债,000665,湖北广电,文化传媒概念,300069,115.3987,命中文化传媒概念,公告到期赎回；退市日期2024-07-01,,,
2026-05-20,23,127013.SZ,创维转债,000810,创维数字,文化传媒概念,300069,115.3987,命中文化传媒概念,强赎中；退市日期2022-07-07,,,
2026-05-20,24,127104.SZ,姚记转债,002605,姚记科技,文化传媒概念,300069,115.3987,命中文化传媒概念,成交额偏低0.2万,149.9,148.089,-1.2081
2026-05-20,25,128015.SZ,久其转债,002279,久其软件,文化传媒概念,300069,115.3987,命中文化传媒概念,强赎中；退市日期2022-12-20,,,
2026-05-20,26,128037.SZ,岩土转债,002542,*ST中岩,文化传媒概念,300069,115.3987,命中文化传媒概念,公告到期赎回；退市日期2024-03-18,,,
2026-05-20,27,128038.SZ,利欧转债,002131,利欧股份,文化传媒概念,300069,115.3987,命中文化传媒概念,退市日期2020-04-09,,,
2026-05-20,28,128044.SZ,岭南转债,002717,*ST岭南,文化传媒概念,300069,115.3987,命中文化传媒概念,公告到期赎回；成交额偏低0.0万,0.0,71.372,
2026-05-20,29,128125.SZ,华阳转债,002949,华阳国际,文化传媒概念,300069,115.3987,命中文化传媒概念,公告到期赎回；成交额偏低0.5万,114.755,114.066,-0.6004
2026-05-20,30,128145.SZ,日丰转债,002953,日丰股份,线缆部件及其他,300069,115.3987,命中线缆部件及其他,强赎中；退市日期2023-03-10,,,
2026-05-21,1,100196.SH,复星转债,600196,复星医药,民营医院、沪深300样本股,000725,232.198,命中民营医院、沪深300样本股,退市日期2006-07-24,,,
2026-05-21,2,100009.SH,机场转债,600009,上海机场,沪深300样本股,000725,132.198,命中沪深300样本股,退市日期2004-05-14,,,
2026-05-21,3,100016.SH,民生转债,600016,民生银行,沪深300样本股,000725,132.198,命中沪深300样本股,退市日期2008-02-26,,,
2026-05-21,4,100795.SH,国电转债,600795,国电电力,沪深300样本股,000725,132.198,命中沪深300样本股,退市日期2007-04-30,,,
2026-05-21,5,110002.SH,南山转债,600219,南山铝业,沪深300样本股,000725,132.198,命中沪深300样本股,退市日期2009-09-24,,,
2026-05-21,6,110010.SH,包钢转债,600010,包钢股份,沪深300样本股,000725,132.198,命中沪深300样本股,退市日期2009-11-16,,,
2026-05-21,7,110013.SH,国投转债,600886,国投电力,沪深300样本股,000725,132.198,命中沪深300样本股,退市日期2013-07-12,,,
2026-05-21,8,110015.SH,石化转债,600028,中国石化,沪深300样本股,000725,132.198,命中沪深300样本股,退市日期2015-02-17,,,
2026-05-21,9,110016.SH,川投转债,600674,川投能源,沪深300样本股,000725,132.198,命中沪深300样本股,退市日期2014-09-10,,,
2026-05-21,10,110017.SH,中海转债,600026,中远海能,沪深300样本股,000725,132.198,命中沪深300样本股,退市日期2015-02-13,,,
2026-05-21,11,110018.SH,国电转债,600795,国电电力,沪深300样本股,000725,132.198,命中沪深300样本股,退市日期2015-03-05,,,
2026-05-21,12,110020.SH,南山转债,600219,南山铝业,沪深300样本股,000725,132.198,命中沪深300样本股,退市日期2015-03-13,,,
2026-05-21,13,110022.SH,同仁转债,600085,同仁堂,沪深300样本股,000725,132.198,命中沪深300样本股,退市日期2015-03-10,,,
2026-05-21,14,110023.SH,民生转债,600016,民生银行,沪深300样本股,000725,132.198,命中沪深300样本股,退市日期2015-07-01,,,
2026-05-21,15,110026.SH,中海转债,600026,中远海能,沪深300样本股,000725,132.198,命中沪深300样本股,退市日期2008-04-09,,,
2026-05-21,16,110027.SH,东方转债,600875,东方电气,沪深300样本股,000725,132.198,命中沪深300样本股,退市日期2015-02-27,,,
2026-05-21,17,110029.SH,浙能转债,600023,浙能电力,沪深300样本股,000725,132.198,命中沪深300样本股,退市日期2015-06-05,,,
2026-05-21,18,110032.SH,三一转债,600031,三一重工,沪深300样本股,000725,132.198,命中沪深300样本股,退市日期2019-03-26,,,
2026-05-21,19,110036.SH,招行转债,600036,招商银行,沪深300样本股,000725,132.198,命中沪深300样本股,退市日期2009-11-17,,,
2026-05-21,20,110039.SH,宝信转债,600845,宝信软件,沪深300样本股,000725,132.198,命中沪深300样本股,退市日期2018-07-13,,,
2026-05-21,21,110040.SH,生益转债,600183,生益科技,沪深300样本股,000725,132.198,命中沪深300样本股,退市日期2019-08-01,,,
2026-05-21,22,110042.SH,航电转债,600372,中航机载,沪深300样本股,000725,132.198,命中沪深300样本股,退市日期2020-09-08,,,
2026-05-21,23,110046.SH,圆通转债,600233,圆通速递,沪深300样本股,000725,132.198,命中沪深300样本股,退市日期2020-03-23,,,
2026-05-21,24,110049.SH,海尔转债,600690,海尔智家,沪深300样本股,000725,132.198,命中沪深300样本股,退市日期2019-12-17,,,
2026-05-21,25,110051.SH,中天转债,600522,中天科技,沪深300样本股,000725,132.198,命中沪深300样本股,退市日期2021-12-17,,,
2026-05-21,26,110053.SH,苏银转债,600919,江苏银行,沪深300样本股,000725,132.198,命中沪深300样本股,强赎中；退市日期2023-10-20,,,
2026-05-21,27,110054.SH,通威转债,600438,通威股份,沪深300样本股,000725,132.198,命中沪深300样本股,退市日期2020-03-17,,,
2026-05-21,28,110059.SH,浦发转债,600000,浦发银行,沪深300样本股,000725,132.198,命中沪深300样本股,公告到期赎回；退市日期2025-10-28,,,
2026-05-21,29,110061.SH,川投转债,600674,川投能源,沪深300样本股,000725,132.198,命中沪深300样本股,强赎中；退市日期2024-02-01,,,
2026-05-21,30,110073.SH,国投转债,600061,国投资本,沪深300样本股,000725,132.198,命中沪深300样本股,公告到期赎回；成交额偏低2.3万；剩余规模79.99亿；退市日期2026-07-24,106.725,106.782,0.0534
2026-05-21,31,110075.SH,南航转债,600029,南方航空,沪深300样本股,000725,132.198,命中沪深300样本股,成交额偏低1.1万；剩余规模58.96亿,110.761,111.5,0.6672
2026-05-21,32,110079.SH,杭银转债,600926,杭州银行,沪深300样本股,000725,132.198,命中沪深300样本股,强赎中；退市日期2025-07-07,,,
2026-05-21,33,110085.SH,通22转债,600438,通威股份,沪深300样本股,000725,132.198,命中沪深300样本股,成交额偏低1.0万；剩余规模119.83亿,124.2,122.704,-1.2045
2026-05-21,34,110219.SH,南山转债,600219,南山铝业,沪深300样本股,000725,132.198,命中沪深300样本股,退市日期2006-08-24,,,
2026-05-21,35,110227.SH,赤化转债,600227,赤天化,民营医院,000725,132.198,命中民营医院,退市日期2009-06-02,,,
2026-05-21,36,110807.SH,动力定01,600482,中国动力,沪深300样本股,000725,132.198,命中沪深300样本股,退市日期2024-12-05,,,
2026-05-21,37,110808.SH,动力定02,600482,中国动力,沪深300样本股,000725,132.198,命中沪深300样本股,退市日期2026-03-23,,,
2026-05-21,38,110814.SH,华电定转,600027,华电国际,沪深300样本股,000725,132.198,命中沪深300样本股,退市日期2023-06-08,,,
2026-05-21,39,110817.SH,保利定转,600048,保利发展,沪深300样本股,000725,132.198,命中沪深300样本股,剩余规模85.00亿,,,
2026-05-21,40,113001.SH,中行转债,601988,中国银行,沪深300样本股,000725,132.198,命中沪深300样本股,退市日期2015-03-13,,,
2026-05-21,41,113002.SH,工行转债,601398,工商银行,沪深300样本股,000725,132.198,命中沪深300样本股,退市日期2015-02-26,,,
2026-05-21,42,113005.SH,平安转债,601318,中国平安,沪深300样本股,000725,132.198,命中沪深300样本股,退市日期2015-01-15,,,
2026-05-21,43,113008.SH,电气转债,601727,上海电气,沪深300样本股,000725,132.198,命中沪深300样本股,退市日期2021-02-02,,,
2026-05-21,44,113009.SH,广汽转债,601238,广汽集团,沪深300样本股,000725,132.198,命中沪深300样本股,公告到期赎回；退市日期2022-01-24,,,
2026-05-21,45,113011.SH,光大转债,601818,光大银行,沪深300样本股,000725,132.198,命中沪深300样本股,公告到期赎回；退市日期2023-03-17,,,
2026-05-21,46,113013.SH,国君转债,601211,国泰海通,沪深300样本股,000725,132.198,命中沪深300样本股,公告到期赎回；退市日期2023-07-07,,,
2026-05-21,47,113015.SH,隆基转债,601012,隆基绿能,沪深300样本股,000725,132.198,命中沪深300样本股,退市日期2019-09-04,,,
2026-05-21,48,113016.SH,小康转债,601127,赛力斯,沪深300样本股,000725,132.198,命中沪深300样本股,强赎中；退市日期2023-06-26,,,
2026-05-21,49,113021.SH,中信转债,601998,中信银行,沪深300样本股,000725,132.198,命中沪深300样本股,公告到期赎回；退市日期2025-03-04,,,
2026-05-21,50,113022.SH,浙商转债,601878,浙商证券,沪深300样本股,000725,132.198,命中沪深300样本股,退市日期2020-08-26,,,
2026-05-22,1,100196.SH,复星转债,600196,复星医药,沪深300样本股、行业龙头,002938,216.8402,命中沪深300样本股、行业龙头,退市日期2006-07-24,,,
2026-05-22,2,110015.SH,石化转债,600028,中国石化,沪深300样本股、行业龙头,002938,216.8402,命中沪深300样本股、行业龙头,退市日期2015-02-17,,,
2026-05-22,3,110017.SH,中海转债,600026,中远海能,沪深300样本股、行业龙头,002938,216.8402,命中沪深300样本股、行业龙头,退市日期2015-02-13,,,
2026-05-22,4,110026.SH,中海转债,600026,中远海能,沪深300样本股、行业龙头,002938,216.8402,命中沪深300样本股、行业龙头,退市日期2008-04-09,,,
2026-05-22,5,110027.SH,东方转债,600875,东方电气,沪深300样本股、行业龙头,002938,216.8402,命中沪深300样本股、行业龙头,退市日期2015-02-27,,,
2026-05-22,6,110032.SH,三一转债,600031,三一重工,沪深300样本股、行业龙头,002938,216.8402,命中沪深300样本股、行业龙头,退市日期2019-03-26,,,
2026-05-22,7,110039.SH,宝信转债,600845,宝信软件,沪深300样本股、行业龙头,002938,216.8402,命中沪深300样本股、行业龙头,退市日期2018-07-13,,,
2026-05-22,8,110042.SH,航电转债,600372,中航机载,沪深300样本股、行业龙头,002938,216.8402,命中沪深300样本股、行业龙头,退市日期2020-09-08,,,
2026-05-22,9,110046.SH,圆通转债,600233,圆通速递,沪深300样本股、行业龙头,002938,216.8402,命中沪深300样本股、行业龙头,退市日期2020-03-23,,,
2026-05-22,10,110049.SH,海尔转债,600690,海尔智家,沪深300样本股、行业龙头,002938,216.8402,命中沪深300样本股、行业龙头,退市日期2019-12-17,,,
2026-05-22,11,110054.SH,通威转债,600438,通威股份,沪深300样本股、行业龙头,002938,216.8402,命中沪深300样本股、行业龙头,退市日期2020-03-17,,,
2026-05-22,12,110073.SH,国投转债,600061,国投资本,沪深300样本股、行业龙头,002938,216.8402,命中沪深300样本股、行业龙头,公告到期赎回；成交额偏低0.9万；剩余规模79.99亿；退市日期2026-07-24,106.812,106.807,-0.0047
2026-05-22,13,110085.SH,通22转债,600438,通威股份,沪深300样本股、行业龙头,002938,216.8402,命中沪深300样本股、行业龙头,成交额偏低1.1万；剩余规模119.83亿,122.635,121.068,-1.2778
2026-05-22,14,110817.SH,保利定转,600048,保利发展,沪深300样本股、行业龙头,002938,216.8402,命中沪深300样本股、行业龙头,剩余规模85.00亿,,,
2026-05-22,15,113002.SH,工行转债,601398,工商银行,沪深300样本股、行业龙头,002938,216.8402,命中沪深300样本股、行业龙头,退市日期2015-02-26,,,
2026-05-22,16,113005.SH,平安转债,601318,中国平安,沪深300样本股、行业龙头,002938,216.8402,命中沪深300样本股、行业龙头,退市日期2015-01-15,,,
2026-05-22,17,113015.SH,隆基转债,601012,隆基绿能,沪深300样本股、行业龙头,002938,216.8402,命中沪深300样本股、行业龙头,退市日期2019-09-04,,,
2026-05-22,18,113026.SH,核能转债,601985,中国核电,沪深300样本股、行业龙头,002938,216.8402,命中沪深300样本股、行业龙头,强赎中；退市日期2022-03-09,,,
2026-05-22,19,113038.SH,隆20转债,601012,隆基绿能,沪深300样本股、行业龙头,002938,216.8402,命中沪深300样本股、行业龙头,退市日期2021-03-31,,,
2026-05-22,20,113041.SH,紫金转债,601899,紫金矿业,沪深300样本股、行业龙头,002938,216.8402,命中沪深300样本股、行业龙头,退市日期2021-06-28,,,
2026-05-22,21,113044.SH,大秦转债,601006,大秦铁路,沪深300样本股、行业龙头,002938,216.8402,命中沪深300样本股、行业龙头,强赎中；退市日期2025-02-11,,,
2026-05-22,22,113053.SH,隆22转债,601012,隆基绿能,沪深300样本股、行业龙头,002938,216.8402,命中沪深300样本股、行业龙头,成交额偏低1.0万；剩余规模69.95亿,122.53,123.399,0.7092
2026-05-22,23,113641.SH,华友转债,603799,华友钴业,沪深300样本股、行业龙头,002938,216.8402,命中沪深300样本股、行业龙头,强赎中；退市日期2025-09-29,,,
2026-05-22,24,123006.SZ,东财转债,300059,东方财富,沪深300样本股、行业龙头,002938,216.8402,命中沪深300样本股、行业龙头,退市日期2019-05-21,,,
2026-05-22,25,123041.SZ,东财转2,300059,东方财富,沪深300样本股、行业龙头,002938,216.8402,命中沪深300样本股、行业龙头,退市日期2020-09-07,,,
2026-05-22,26,123111.SZ,东财转3,300059,东方财富,沪深300样本股、行业龙头,002938,216.8402,命中沪深300样本股、行业龙头,强赎中；退市日期2022-03-09,,,
2026-05-22,27,124006.SZ,高新定转,000661,长春高新,沪深300样本股、行业龙头,002938,216.8402,命中沪深300样本股、行业龙头,退市日期2024-12-25,,,
2026-05-22,28,124016.SZ,TCL定转1,000100,TCL科技,沪深300样本股、行业龙头,002938,216.8402,命中沪深300样本股、行业龙头,,,,
2026-05-22,29,124017.SZ,TCL定转2,000100,TCL科技,沪深300样本股、行业龙头,002938,216.8402,命中沪深300样本股、行业龙头,退市日期2022-11-30,,,
2026-05-22,30,125002.SZ,万科转债,000002,万科A,沪深300样本股、行业龙头,002938,216.8402,命中沪深300样本股、行业龙头,退市日期2004-04-30,,,
2026-05-22,31,125301.SZ,丝绸转债,000301,东方盛虹,沪深300样本股、行业龙头,002938,216.8402,命中沪深300样本股、行业龙头,退市日期2003-08-28,,,
2026-05-22,32,126002.SZ,万科转2,000002,万科A,沪深300样本股、行业龙头,002938,216.8402,命中沪深300样本股、行业龙头,退市日期2006-04-14,,,
2026-05-22,33,126301.SZ,丝绸转2,000301,东方盛虹,沪深300样本股、行业龙头,002938,216.8402,命中沪深300样本股、行业龙头,退市日期2006-09-18,,,
2026-05-22,34,127002.SZ,徐工转债,000425,徐工机械,沪深300样本股、行业龙头,002938,216.8402,命中沪深300样本股、行业龙头,退市日期2015-02-16,,,
2026-05-22,35,127012.SZ,招路转债,001965,招商公路,沪深300样本股、行业龙头,002938,216.8402,命中沪深300样本股、行业龙头,强赎中；退市日期2024-04-03,,,
2026-05-22,36,127030.SZ,盛虹转债,000301,东方盛虹,沪深300样本股、行业龙头,002938,216.8402,命中沪深300样本股、行业龙头,成交额偏低1.7万；剩余规模49.97亿,119.821,118.7,-0.9356
2026-05-22,37,127045.SZ,牧原转债,002714,牧原股份,沪深300样本股、行业龙头,002938,216.8402,命中沪深300样本股、行业龙头,成交额偏低3.2万；剩余规模95.43亿,123.175,119.867,-2.6856
2026-05-22,38,127056.SZ,中特转债,000708,中信特钢,沪深300样本股、行业龙头,002938,216.8402,命中沪深300样本股、行业龙头,成交额偏低0.4万；剩余规模50.00亿,125.659,125.818,0.1265
2026-05-22,39,127110.SZ,广核转债,003816,中国广核,沪深300样本股、行业龙头,002938,216.8402,命中沪深300样本股、行业龙头,成交额偏低5.0万；剩余规模48.99亿,140.16,139.32,-0.5993
2026-05-22,40,128028.SZ,赣锋转债,002460,赣锋锂业,沪深300样本股、行业龙头,002938,216.8402,命中沪深300样本股、行业龙头,退市日期2021-03-16,,,
2026-05-22,41,128047.SZ,光电转债,002179,中航光电,沪深300样本股、行业龙头,002938,216.8402,命中沪深300样本股、行业龙头,退市日期2019-11-07,,,
2026-05-22,42,128080.SZ,顺丰转债,002352,顺丰控股,沪深300样本股、行业龙头,002938,216.8402,命中沪深300样本股、行业龙头,退市日期2020-08-12,,,
2026-05-22,43,128102.SZ,海大转债,002311,海大集团,沪深300样本股、行业龙头,002938,216.8402,命中沪深300样本股、行业龙头,退市日期2020-12-31,,,
2026-05-22,44,128126.SZ,赣锋转2,002460,赣锋锂业,沪深300样本股、行业龙头,002938,216.8402,命中沪深300样本股、行业龙头,退市日期2021-05-19,,,
2026-05-22,45,128136.SZ,立讯转债,002475,立讯精密,沪深300样本股、行业龙头,002938,216.8402,命中沪深300样本股、行业龙头,成交额偏低5.7万；剩余规模29.85亿,143.99,144.4,0.2847
2026-05-22,46,100009.SH,机场转债,600009,上海机场,沪深300样本股,002938,116.8402,命中沪深300样本股,退市日期2004-05-14,,,
2026-05-22,47,100016.SH,民生转债,600016,民生银行,沪深300样本股,002938,116.8402,命中沪深300样本股,退市日期2008-02-26,,,
2026-05-22,48,100096.SH,云化转债,600096,云天化,行业龙头,002938,116.8402,命中行业龙头,退市日期2006-09-09,,,
2026-05-22,49,100177.SH,雅戈转债,600177,雅戈尔,行业龙头,002938,116.8402,命中行业龙头,退市日期2006-04-10,,,
2026-05-22,50,100795.SH,国电转债,600795,国电电力,沪深300样本股,002938,116.8402,命中沪深300样本股,退市日期2007-04-30,,,
2026-05-27,1,110039.SH,宝信转债,600845,宝信软件,人形机器人、国企改革,002484,216.0561,命中人形机器人、国企改革,退市日期2018-07-13,,,
2026-05-27,2,113008.SH,电气转债,601727,上海电气,人形机器人、国企改革,002484,216.0561,命中人形机器人、国企改革,退市日期2021-02-02,,,
2026-05-27,3,113009.SH,广汽转债,601238,广汽集团,人形机器人、国企改革,002484,216.0561,命中人形机器人、国企改革,公告到期赎回；退市日期2022-01-24,,,
2026-05-27,4,113522.SH,旭升转债,603305,旭升集团,人形机器人、国企改革,002484,216.0561,命中人形机器人、国企改革,退市日期2020-02-28,,,
2026-05-27,5,113619.SH,世运转债,603920,世运电路,人形机器人、国企改革,002484,216.0561,命中人形机器人、国企改革,强赎中；退市日期2024-12-03,,,
2026-05-27,6,113635.SH,升21转债,603305,旭升集团,人形机器人、国企改革,002484,216.0561,命中人形机器人、国企改革,强赎中；退市日期2022-09-29,,,
2026-05-27,7,113685.SH,升24转债,603305,旭升集团,人形机器人、国企改革,002484,216.0561,命中人形机器人、国企改革,强赎中；退市日期2025-11-14,,,
2026-05-27,8,125959.SZ,首钢转债,000959,首钢股份,人形机器人、国企改革,002484,216.0561,命中人形机器人、国企改革,退市日期2007-04-13,,,
2026-05-27,9,100001.SH,南化转债,600301,华锡有色,国企改革,002484,116.0561,命中国企改革,退市日期2001-05-28,,,
2026-05-27,10,100009.SH,机场转债,600009,上海机场,国企改革,002484,116.0561,命中国企改革,退市日期2004-05-14,,,
2026-05-27,11,100096.SH,云化转债,600096,云天化,国企改革,002484,116.0561,命中国企改革,退市日期2006-09-09,,,
2026-05-27,12,100236.SH,桂冠转债,600236,桂冠电力,国企改革,002484,116.0561,命中国企改革,退市日期2008-07-04,,,
2026-05-27,13,100726.SH,华电转债,600726,华电能源,国企改革,002484,116.0561,命中国企改革,退市日期2007-06-05,,,
2026-05-27,14,100795.SH,国电转债,600795,国电电力,国企改革,002484,116.0561,命中国企改革,退市日期2007-04-30,,,
2026-05-27,15,110003.SH,新钢转债,600782,新钢股份,国企改革,002484,116.0561,命中国企改革,退市日期2013-08-27,,,
2026-05-27,16,110004.SH,厦工转债,600815,厦工股份,国企改革,002484,116.0561,命中国企改革,退市日期2010-09-30,,,
2026-05-27,17,110005.SH,西洋转债,600558,大西洋,国企改革,002484,116.0561,命中国企改革,退市日期2010-05-19,,,
2026-05-27,18,110008.SH,王府转债,600859,王府井,国企改革,002484,116.0561,命中国企改革,退市日期2010-11-05,,,
2026-05-27,19,110010.SH,包钢转债,600010,包钢股份,国企改革,002484,116.0561,命中国企改革,退市日期2009-11-16,,,
2026-05-27,20,110011.SH,歌华转债,600037,歌华有线,国企改革,002484,116.0561,命中国企改革,退市日期2015-05-06,,,
2026-05-27,21,110012.SH,海运转债,600798,宁波海运,国企改革,002484,116.0561,命中国企改革,退市日期2015-05-15,,,
2026-05-27,22,110013.SH,国投转债,600886,国投电力,国企改革,002484,116.0561,命中国企改革,退市日期2013-07-12,,,
2026-05-27,23,110015.SH,石化转债,600028,中国石化,国企改革,002484,116.0561,命中国企改革,退市日期2015-02-17,,,
2026-05-27,24,110016.SH,川投转债,600674,川投能源,国企改革,002484,116.0561,命中国企改革,退市日期2014-09-10,,,
2026-05-27,25,110017.SH,中海转债,600026,中远海能,国企改革,002484,116.0561,命中国企改革,退市日期2015-02-13,,,
2026-05-27,26,110018.SH,国电转债,600795,国电电力,国企改革,002484,116.0561,命中国企改革,退市日期2015-03-05,,,
2026-05-27,27,110019.SH,恒丰转债,600356,恒丰纸业,国企改革,002484,116.0561,命中国企改革,退市日期2015-05-05,,,
2026-05-27,28,110021.SH,上电转债,600021,上海电力,国企改革,002484,116.0561,命中国企改革,退市日期2007-08-27,,,
2026-05-27,29,110022.SH,同仁转债,600085,同仁堂,国企改革,002484,116.0561,命中国企改革,退市日期2015-03-10,,,
2026-05-27,30,110024.SH,隧道转债,600820,隧道股份,国企改革,002484,116.0561,命中国企改革,退市日期2014-12-18,,,
2026-05-27,31,110026.SH,中海转债,600026,中远海能,国企改革,002484,116.0561,命中国企改革,退市日期2008-04-09,,,
2026-05-27,32,110027.SH,东方转债,600875,东方电气,国企改革,002484,116.0561,命中国企改革,退市日期2015-02-27,,,
2026-05-27,33,110028.SH,冠城转债,600067,冠城新材,人形机器人,002484,116.0561,命中人形机器人,退市日期2015-04-29,,,
2026-05-27,34,110029.SH,浙能转债,600023,浙能电力,国企改革,002484,116.0561,命中国企改革,退市日期2015-06-05,,,
2026-05-27,35,110030.SH,格力转债,600185,珠免集团,国企改革,002484,116.0561,命中国企改革,退市日期2019-12-25,,,
2026-05-27,36,110031.SH,航信转债,600271,航天信息,国企改革,002484,116.0561,命中国企改革,退市日期2021-06-15,,,
2026-05-27,37,110033.SH,国贸转债,600755,厦门国贸,国企改革,002484,116.0561,命中国企改革,退市日期2021-11-05,,,
2026-05-27,38,110035.SH,白云转债,600004,白云机场,国企改革,002484,116.0561,命中国企改革,退市日期2017-06-13,,,
2026-05-27,39,110037.SH,歌华转债,600037,歌华有线,国企改革,002484,116.0561,命中国企改革,退市日期2009-05-18,,,
2026-05-27,40,110041.SH,蒙电转债,600863,华能蒙电,国企改革,002484,116.0561,命中国企改革,退市日期2021-11-05,,,
2026-05-27,41,110042.SH,航电转债,600372,中航机载,国企改革,002484,116.0561,命中国企改革,退市日期2020-09-08,,,
2026-05-27,42,110044.SH,广电转债,600831,广电网络,国企改革,002484,116.0561,命中国企改革,公告到期赎回；退市日期2024-06-27,,,
2026-05-27,43,110048.SH,福能转债,600483,福能股份,国企改革,002484,116.0561,命中国企改革,公告到期赎回；退市日期2024-12-09,,,
2026-05-27,44,110052.SH,贵广转债,600996,贵广网络,国企改革,002484,116.0561,命中国企改革,公告到期赎回；退市日期2025-03-05,,,
2026-05-27,45,110055.SH,伊力转债,600197,伊力特,国企改革,002484,116.0561,命中国企改革,公告到期赎回；退市日期2025-03-17,,,
2026-05-27,46,110056.SH,亨通转债,600487,亨通光电,人形机器人,002484,116.0561,命中人形机器人,强赎中；退市日期2022-12-06,,,
2026-05-27,47,110057.SH,现代转债,600420,国药现代,国企改革,002484,116.0561,命中国企改革,强赎中；退市日期2023-06-16,,,
2026-05-27,48,110060.SH,天路转债,600326,西藏天路,国企改革,002484,116.0561,命中国企改革,公告到期赎回；退市日期2025-10-28,,,
2026-05-27,49,110061.SH,川投转债,600674,川投能源,国企改革,002484,116.0561,命中国企改革,强赎中；退市日期2024-02-01,,,
2026-05-27,50,110062.SH,烽火转债,600498,烽火通信,国企改革,002484,116.0561,命中国企改革,公告到期赎回；退市日期2025-12-02,,,
